Change your name,F-V.Akiha,2,Chay Benji,F-P.Ciel,0,1589923278
Change your name,F-V.Akiha,0,Chay Benji,F-P.Ciel,2,1589923378
Change your name,F-V.Akiha,2,Chay Benji,F-P.Ciel,1,1589923541
Change your name,F-V.Akiha,2,Chay Benji,F-P.Ciel,1,1589923681
Change your name,F-V.Akiha,2,Chay Benji,F-P.Ciel,0,1589923772
Change your name,F-V.Akiha,1,Chay Benji,F-P.Ciel,2,1589923935
Change your name,F-V.Akiha,2,Chay Benji,F-P.Ciel,0,1589924039
Change your name,F-V.Akiha,2,Chay Benji,F-P.Ciel,0,1589924126
Change your name,F-V.Akiha,2,Chay Benji,F-P.Ciel,0,1589924206
Change your name,F-V.Akiha,2,Chay Benji,F-P.Ciel,0,1589924314
Change your name,F-V.Akiha,2,Chay Benji,F-P.Ciel,1,1589924466
Change your name,F-V.Akiha,2,Chay Benji,F-P.Ciel,0,1589924560
Change your name,F-V.Akiha,2,Chay Benji,F-P.Ciel,1,1589924717
Change your name,F-V.Akiha,2,Chay Benji,F-P.Ciel,0,1589924832
Change your name,H-Len,0,Chay Benji,F-P.Ciel,2,1589925005
Change your name,H-Len,2,Chay Benji,F-P.Ciel,0,1589925157
Change your name,H-Len,1,Chay Benji,F-P.Ciel,2,1589925326
Change your name,F-V.Akiha,2,Chay Benji,F-P.Ciel,0,1589925498
Change your name,F-V.Akiha,2,Chay Benji,F-P.Ciel,0,1589925587
Change your name,F-V.Akiha,2,Chay Benji,F-P.Ciel,0,1589925673
Change your name,F-V.Akiha,2,Chay Benji,F-P.Ciel,1,1589925861
Change your name,F-V.Akiha,2,Chay Benji,F-P.Ciel,0,1589925954
Change your name,F-V.Akiha,2,Chay Benji,F-P.Ciel,1,1589926085
Change your name,F-V.Akiha,2,Chay Benji,F-P.Ciel,0,1589926189
Change your name,F-V.Akiha,2,Chay Benji,F-P.Ciel,0,1589926318
Change your name,F-V.Akiha,2,Chay Benji,F-P.Ciel,0,1589926407
Change your name,C-Kohaku,2,Chay Benji,F-P.Ciel,0,1590001642
Change your name,C-Kohaku,2,Chay Benji,F-P.Ciel,0,1590001779
Change your name,C-Kohaku,2,Chay Benji,F-P.Ciel,0,1590001913
Change your name,C-Kohaku,0,Chay Benji,F-P.Ciel,2,1590002044
Change your name,C-Kohaku,2,Chay Benji,F-P.Ciel,1,1590002194
Change your name,C-Kohaku,2,Chay Benji,F-P.Ciel,1,1590002355
Change your name,C-Kohaku,1,Chay Benji,F-P.Ciel,2,1590002497
Change your name,C-Kohaku,1,Chay Benji,F-P.Ciel,2,1590002663
Change your name,C-NAC,1,Chay Benji,F-P.Ciel,2,1590002906
Change your name,C-NAC,1,Chay Benji,F-P.Ciel,2,1590003054
Change your name,C-NAC,0,Chay Benji,F-P.Ciel,2,1590003181
Change your name,C-NAC,2,Chay Benji,F-P.Ciel,1,1590003391
Change your name,C-NAC,0,Chay Benji,F-P.Ciel,2,1590003530
Change your name,C-Neko,2,Chay Benji,F-P.Ciel,0,1590003687
Change your name,C-Neko,0,Chay Benji,F-P.Ciel,2,1590003836
paddu,C-Nanaya,2,Chay Benji,F-P.Ciel,1,1591540346
paddu,C-Nanaya,0,Chay Benji,F-P.Ciel,2,1591540454
paddu,C-Nanaya,0,Chay Benji,F-P.Ciel,2,1591540559
paddu,C-Nanaya,2,Chay Benji,F-P.Ciel,1,1591540814
paddu,C-Nanaya,2,Chay Benji,F-P.Ciel,0,1591540920
paddu,C-Nanaya,2,Chay Benji,F-P.Ciel,0,1591541019
paddu,C-Nanaya,0,Chay Benji,F-P.Ciel,2,1591541130
paddu,C-Nanaya,0,Chay Benji,F-P.Ciel,2,1591541276
paddu,C-Nanaya,2,Chay Benji,F-P.Ciel,1,1591541428
paddu,C-Nanaya,2,Chay Benji,F-P.Ciel,0,1591541538
paddu,C-Nanaya,2,Chay Benji,F-P.Ciel,1,1591541754
paddu,C-Nanaya,2,Chay Benji,F-P.Ciel,1,1591541983
paddu,C-Nanaya,0,Chay Benji,F-P.Ciel,2,1591542087
paddu,C-Nanaya,1,Chay Benji,F-P.Ciel,2,1591542268
paddu,C-Nanaya,2,Chay Benji,F-P.Ciel,0,1591542335
paddu,C-Nanaya,2,Chay Benji,F-P.Ciel,1,1591542483
paddu,C-Nanaya,1,Chay Benji,F-P.Ciel,2,1591542634
paddu,C-Nanaya,2,Chay Benji,F-P.Ciel,1,1591542798
paddu,C-Nanaya,1,Chay Benji,F-P.Ciel,2,1591542948
paddu,C-Nanaya,2,Chay Benji,F-P.Ciel,0,1591543037
paddu,C-Nanaya,2,Chay Benji,F-P.Ciel,0,1591543120
paddu,C-Nanaya,2,Chay Benji,F-P.Ciel,0,1591543198
paddu,C-Nanaya,1,Chay Benji,F-P.Ciel,2,1591543351
paddu,C-Nanaya,0,Chay Benji,F-P.Ciel,2,1591543475
paddu,C-Nanaya,1,Chay Benji,F-P.Ciel,2,1591543624
paddu,C-Nanaya,2,Chay Benji,F-P.Ciel,1,1591543787
paddu,C-Nanaya,2,Chay Benji,F-P.Ciel,1,1591543982
paddu,C-Nanaya,2,Chay Benji,F-P.Ciel,0,1591544086
paddu,C-Nanaya,0,Chay Benji,F-P.Ciel,2,1591544176
paddu,C-Nanaya,1,Chay Benji,F-P.Ciel,2,1591544350
paddu,C-Nanaya,2,Chay Benji,F-P.Ciel,1,1591544479
paddu,C-Nanaya,2,Chay Benji,F-P.Ciel,1,1591544589
paddu,C-Nanaya,2,Chay Benji,F-P.Ciel,0,1591544676
paddu,C-Nanaya,2,Chay Benji,F-P.Ciel,1,1591544871
paddu,C-Nanaya,1,Chay Benji,F-P.Ciel,2,1591545004
paddu,C-Nanaya,2,Chay Benji,F-P.Ciel,0,1591545071
paddu,C-Nanaya,0,Chay Benji,F-P.Ciel,2,1591545172
paddu,C-Nanaya,1,Chay Benji,F-P.Ciel,2,1591545320
paddu,C-Nanaya,2,Chay Benji,F-P.Ciel,1,1591545502
paddu,C-Nanaya,2,Chay Benji,F-P.Ciel,1,1591545643
paddu,C-Nanaya,2,Change your name,C-Nero,0,1591557681
paddu,C-Nanaya,2,Change your name,C-Nero,1,1591557828
paddu,C-Nanaya,0,Change your name,C-Nero,2,1591557956
paddu,C-Nanaya,0,Change your name,C-Nero,2,1591558068
paddu,C-Nanaya,2,Change your name,C-Nero,0,1591558211
paddu,C-Nanaya,2,Change your name,C-Nero,1,1591558369
paddu,C-Nanaya,2,Change your name,C-Nero,0,1591558494
paddu,C-Nanaya,1,Change your name,C-Nero,2,1591558617
paddu,C-Nanaya,1,Change your name,C-Nero,2,1591558755
paddu,C-Nanaya,0,Change your name,C-Nero,2,1591558852
paddu,C-Nanaya,2,Change your name,C-Nero,1,1591559026
paddu,C-Nanaya,2,Change your name,C-Nero,0,1591559175
paddu,C-Nanaya,2,Change your name,C-Nero,1,1591559305
paddu,C-Nanaya,1,Change your name,C-Nero,2,1591559470
paddu,C-NAC,2,Change your name,C-Nero,1,1591559736
paddu,C-NAC,0,Change your name,C-Nero,2,1591559883
paddu,C-Kohaku,0,Change your name,C-Nero,2,1591560019
paddu,C-Kohaku,2,Change your name,C-Nero,0,1591560131
paddu,C-Kohaku,1,Change your name,C-Nero,2,1591560321
paddu,C-Nanaya,2,Change your name,C-Nero,0,1591560451
paddu,C-Nanaya,2,Change your name,C-Nero,0,1591560573
paddu,C-Nanaya,2,Change your name,C-Nero,0,1591560687
paddu,C-Nanaya,1,Change your name,C-Nero,2,1591560806
paddu,C-Nanaya,2,Change your name,C-Nero,0,1591560932
paddu,C-Nanaya,0,Change your name,C-Nero,2,1591561032
paddu,C-Nanaya,0,Change your name,C-Nero,2,1591561153
paddu,C-Nanaya,2,Change your name,C-Nero,1,1591561271
paddu,C-Nanaya,1,Change your name,C-Nero,2,1591561436
paddu,C-Nanaya,2,Change your name,C-Nero,1,1591561610
paddu,C-Nanaya,1,Change your name,C-Nero,2,1591561777
paddu,C-Nanaya,2,Change your name,C-Nero,0,1591561867
paddu,C-Nanaya,2,Change your name,C-Nero,0,1591561968
paddu,C-Nanaya,0,Change your name,C-Nero,2,1591562041
paddu,C-Nanaya,2,Change your name,C-Nero,0,1591562157
paddu,C-Nanaya,1,Change your name,C-Nero,2,1591562334
paddu,C-Nanaya,2,Change your name,C-Nero,1,1591562518
paddu,C-Nanaya,0,Change your name,C-Nero,2,1591562623
paddu,C-Nanaya,2,Change your name,C-Nero,1,1591562777
paddu,C-Nanaya,2,Change your name,C-Nero,0,1591562862
paddu,C-Nanaya,0,Change your name,C-Nero,2,1591563002
paddu,C-Nanaya,2,Change your name,C-Nero,1,1591563182
paddu,C-Nanaya,1,Change your name,C-Nero,2,1591563322
paddu,C-Nanaya,1,Change your name,C-Nero,2,1591563487
paddu,C-Nanaya,1,Change your name,C-Nero,2,1591563675
paddu,C-Nanaya,2,Change your name,C-Nero,0,1591563763
paddu,C-Nanaya,2,Change your name,C-Nero,1,1591563912
paddu,C-Nanaya,2,Change your name,C-Nero,0,1591563993
paddu,C-Nanaya,0,Change your name,C-Nero,2,1591564083
paddu,C-Nanaya,2,Change your name,C-Nero,0,1591564207
paddu,C-Nanaya,2,Change your name,C-Nero,1,1591564373
paddu,C-Nanaya,1,Change your name,C-Nero,2,1591564574
paddu,C-Nanaya,1,Change your name,C-Nero,2,1591728217
paddu,C-Nanaya,2,Change your name,C-Nero,0,1591728366
paddu,C-Nanaya,1,Change your name,C-Nero,2,1591728546
paddu,C-Nanaya,2,Change your name,C-Nero,0,1591728643
paddu,C-Nanaya,2,Change your name,C-Nero,1,1591728811
paddu,C-Nanaya,1,Change your name,C-Nero,2,1591729003
paddu,C-Nanaya,2,Change your name,C-Nero,1,1591729207
paddu,C-Nanaya,0,Change your name,C-Nero,2,1591729338
paddu,C-Nanaya,1,Change your name,C-Nero,2,1591729573
paddu,C-Nanaya,2,Change your name,C-Nero,0,1591729705
paddu,C-S.Akiha,0,Change your name,C-Nero,2,1591729853
paddu,C-S.Akiha,2,Change your name,C-Nero,0,1591729975
paddu,C-S.Akiha,1,Change your name,C-Nero,2,1591730197
paddu,C-S.Akiha,1,Change your name,C-Nero,2,1591730383
paddu,C-Nanaya,2,Change your name,C-Nero,0,1591730502
paddu,C-Nanaya,2,Change your name,C-Nero,1,1591730669
paddu,C-Nanaya,2,Change your name,C-Nero,0,1591730783
paddu,C-Nanaya,2,Change your name,C-Nero,1,1591730941
paddu,C-Nanaya,1,Change your name,C-Nero,2,1591731138
paddu,C-Nanaya,2,Change your name,C-Nero,1,1591731302
paddu,C-Nanaya,0,Change your name,C-Nero,2,1591731413
paddu,C-Nanaya,2,Change your name,C-Nero,0,1591731569
paddu,C-Nanaya,2,Change your name,C-Nero,0,1591731654
paddu,C-Nanaya,2,Change your name,C-Nero,1,1591731839
paddu,C-Nanaya,1,Change your name,C-Nero,2,1591732012
paddu,C-Nanaya,0,Change your name,C-Nero,2,1591732137
paddu,C-Nanaya,2,Change your name,C-Nero,1,1591732301
paddu,C-Nanaya,2,Change your name,C-Nero,0,1591732408
paddu,C-Nanaya,0,Gibins,C-Aoko,2,1591818186
paddu,C-Nanaya,0,Gibins,C-Aoko,2,1591818306
paddu,C-Nanaya,0,Gibins,C-Aoko,2,1591818409
paddu,C-Nanaya,0,Gibins,C-Aoko,2,1591818535
paddu,C-Nanaya,2,Gibins,C-Aoko,0,1591818658
paddu,C-Nanaya,2,Gibins,C-Aoko,1,1591818807
paddu,C-Nanaya,1,Gibins,C-Aoko,2,1591818962
paddu,C-Nanaya,0,Gibins,C-Aoko,2,1591819060
paddu,C-Nanaya,0,Gibins,C-Aoko,2,1591819148
paddu,C-Nanaya,2,Gibins,C-Aoko,1,1591819295
paddu,C-Nanaya,2,Gibins,C-Aoko,1,1591819445
paddu,C-Nanaya,0,Gibins,C-Aoko,2,1591819537
paddu,C-Nanaya,2,Gibins,C-Aoko,1,1591819658
paddu,C-Nanaya,0,Gibins,C-Aoko,2,1591819792
paddu,C-Nanaya,0,Gibins,C-Aoko,2,1591819876
paddu,C-Nanaya,1,Gibins,C-Aoko,2,1591820046
paddu,C-Nanaya,1,Gibins,C-Aoko,2,1591820191
paddu,C-Nanaya,0,Gibins,C-Aoko,2,1591820276
paddu,C-Nanaya,0,Gibins,C-Aoko,2,1591820370
paddu,C-Nanaya,0,Gibins,C-Aoko,2,1591820486
paddu,C-Nanaya,2,Gibins,C-Aoko,0,1591820600
paddu,C-Nanaya,0,Gibins,C-Aoko,2,1591820696
paddu,C-Nanaya,1,Gibins,C-Aoko,2,1591820858
paddu,C-Nanaya,1,Gibins,C-Aoko,2,1591821013
paddu,C-Nanaya,1,Gibins,C-Aoko,2,1591821193
paddu,C-Nanaya,1,Gibins,C-Aoko,2,1591821344
paddu,C-Nanaya,1,Gibins,C-Aoko,2,1591821495
paddu,C-Nanaya,0,Gibins,C-Aoko,2,1591821602
paddu,C-Nanaya,1,Gibins,C-Aoko,2,1591821751
paddu,C-Nanaya,0,Gibins,C-Aoko,2,1591821883
paddu,C-Nanaya,0,Gibins,C-Aoko,2,1591821993
paddu,C-Nanaya,0,Gibins,C-Aoko,2,1591822098
paddu,C-Nanaya,0,Gibins,C-Aoko,2,1591822210
paddu,C-Nanaya,1,Gibins,C-Aoko,2,1591822354
paddu,C-Nanaya,0,NVD,C-Hisui,2,1591877779
paddu,C-Nanaya,2,NVD,C-Hisui,0,1591877905
paddu,C-Nanaya,2,NVD,C-Hisui,1,1591878059
paddu,C-Nanaya,0,NVD,C-Hisui,2,1591878199
paddu,C-Nanaya,1,NVD,C-Hisui,2,1591878379
paddu,C-Nanaya,2,NVD,C-Hisui,1,1591878602
paddu,C-Nanaya,2,NVD,C-Hisui,0,1591878774
paddu,C-Nanaya,2,NVD,C-Hisui,1,1591878989
paddu,C-Nanaya,2,NVD,C-Hisui,0,1591879252
paddu,C-Nanaya,2,NVD,C-Hisui,1,1591879489
paddu,C-Nanaya,2,NVD,C-Hisui,0,1591879662
paddu,C-Nanaya,2,NVD,C-Hisui,1,1591879884
paddu,C-Nanaya,0,NVD,C-Hisui,2,1591880004
paddu,C-Nanaya,2,NVD,C-Hisui,0,1591880110
paddu,C-Nanaya,2,NVD,C-Hisui,0,1591880233
paddu,C-Nanaya,2,NVD,C-Hisui,0,1591880390
paddu,C-Nanaya,2,NVD,C-Hisui,1,1591880543
paddu,C-Nanaya,2,Change your name,C-Hisui,0,1591970141
paddu,C-Nanaya,1,Change your name,C-Hisui,2,1591970286
paddu,C-Nanaya,2,Change your name,C-Hisui,1,1591970471
paddu,C-Nanaya,2,Change your name,C-Hisui,0,1591970563
paddu,C-Nanaya,2,Change your name,C-Hisui,0,1591970661
paddu,C-Nanaya,2,Change your name,C-Hisui,1,1591970826
paddu,C-Nanaya,2,Change your name,C-Hisui,0,1591970919
paddu,C-Nanaya,2,Change your name,C-Hisui,1,1591971111
paddu,C-Nanaya,2,Change your name,C-Hisui,0,1591971219
paddu,C-Nanaya,2,Change your name,C-Hisui,0,1591971317
paddu,C-Nanaya,2,Change your name,C-Hisui,0,1591971451
paddu,C-Nanaya,1,Change your name,C-Hisui,2,1591971779
paddu,C-Nanaya,2,Change your name,C-Hisui,0,1591971952
paddu,C-Nanaya,2,Change your name,C-Hisui,0,1591972126
paddu,C-Nanaya,2,Change your name,C-Hisui,1,1591972293
paddu,C-Nanaya,2,Change your name,C-Hisui,1,1591972505
paddu,C-Nanaya,2,Change your name,C-Hisui,1,1591972707
paddu,C-Nanaya,2,Change your name,C-Hisui,0,1591972801
paddu,C-Nanaya,2,Change your name,C-Hisui,1,1591972950
paddu,C-Nanaya,2,Change your name,C-Hisui,0,1591973084
paddu,C-Nanaya,2,Change your name,C-Hisui,1,1591973245
paddu,C-Nanaya,2,Change your name,C-Hisui,0,1591973378
paddu,C-Nanaya,2,Change your name,C-Hisui,0,1591973474
paddu,C-Nanaya,2,Change your name,C-Hisui,1,1591973608
paddu,C-Nanaya,2,Change your name,C-Hisui,0,1591973707
paddu,C-Nanaya,2,Change your name,C-Hisui,1,1591973879
paddu,C-Nanaya,2,Change your name,C-Hisui,1,1591974090
paddu,C-Nanaya,2,Change your name,C-Hisui,0,1591974207
paddu,C-Nanaya,2,Change your name,F-Hime,0,1592004388
paddu,C-Nanaya,2,Change your name,F-Hime,0,1592004495
paddu,C-Nanaya,2,Change your name,F-Hime,0,1592004609
paddu,C-Nanaya,2,Change your name,F-Hime,0,1592004742
paddu,C-Nanaya,2,Change your name,F-Hime,0,1592004880
paddu,C-NekoMech,1,Chay Benji,F-P.Ciel,2,1592008307
paddu,C-NekoMech,2,Chay Benji,F-P.Ciel,0,1592008487
paddu,C-NekoMech,2,Chay Benji,F-P.Ciel,0,1592008577
paddu,C-NekoMech,1,Chay Benji,F-P.Ciel,2,1592008738
paddu,C-NekoMech,1,Chay Benji,F-P.Ciel,2,1592008939
paddu,C-NekoMech,2,Change your name,C-Hisui,0,1592068978
paddu,C-NekoMech,2,Change your name,C-Hisui,0,1592069068
paddu,C-NekoMech,0,Change your name,C-Hisui,2,1592069175
paddu,C-NekoMech,2,Change your name,C-Hisui,0,1592069280
paddu,C-NekoMech,2,Change your name,C-Hisui,0,1592069366
paddu,C-NekoMech,0,Change your name,C-Hisui,2,1592069496
paddu,C-NekoMech,2,Change your name,C-Hisui,1,1592069685
paddu,C-NekoMech,2,Stimoro,C-Nero,1,1592070208
paddu,C-NekoMech,0,Stimoro,C-Nero,2,1592070343
paddu,C-NekoMech,2,Stimoro,C-Nero,0,1592070437
paddu,C-NekoMech,2,Stimoro,C-Nero,0,1592070575
paddu,C-NekoMech,2,Stimoro,C-Nero,0,1592070701
paddu,C-NekoMech,2,Stimoro,C-Nero,1,1592070864
paddu,C-NekoMech,2,Stimoro,C-Nero,0,1592070976
paddu,C-NekoMech,2,Stimoro,C-Nero,0,1592071073
paddu,C-NekoMech,2,Stimoro,C-Nero,0,1592071199
paddu,C-NekoMech,2,Stimoro,C-Nero,1,1592071367
paddu,C-NekoMech,0,Stimoro,C-Nero,2,1592071489
paddu,C-NekoMech,2,Stimoro,C-Nero,1,1592071672
paddu,C-NekoMech,2,Stimoro,C-Nero,1,1592071869
paddu,C-NekoMech,2,Stimoro,C-Nero,1,1592072066
paddu,C-NekoMech,1,Stimoro,C-Nero,2,1592072241
paddu,C-NekoMech,2,Stimoro,C-Nero,1,1592072430
paddu,C-NekoMech,2,Stimoro,C-Nero,1,1592072594
paddu,C-NekoMech,1,Stimoro,C-Nero,2,1592072780
paddu,C-NekoMech,1,Stimoro,C-Nero,2,1592072946
paddu,C-NekoMech,2,Stimoro,C-Nero,1,1592073100
paddu,C-NekoMech,1,Stimoro,C-Nero,2,1592073252
paddu,C-NekoMech,2,Stimoro,C-Nero,0,1592073355
paddu,C-NekoMech,2,Stimoro,C-Nero,0,1592073473
paddu,C-NekoMech,2,Stimoro,C-Nero,0,1592073593
paddu,C-NekoMech,2,Stimoro,C-Nero,1,1592073767
paddu,C-NekoMech,2,Stimoro,C-Nero,1,1592073924
paddu,C-NekoMech,1,Stimoro,C-Nero,2,1592074142
paddu,C-NekoMech,2,Stimoro,C-Nero,0,1592074256
paddu,C-NekoMech,1,Stimoro,C-Nero,2,1592074445
paddu,C-NekoMech,1,Stimoro,C-Nero,2,1592074650
paddu,C-NekoMech,0,Chay Benji,F-P.Ciel,2,1592081649
paddu,C-NekoMech,2,Chay Benji,F-P.Ciel,1,1592081868
paddu,C-NekoMech,2,Chay Benji,F-P.Ciel,0,1592082016
paddu,C-NekoMech,0,Chay Benji,F-P.Ciel,2,1592082117
paddu,C-NekoMech,1,Chay Benji,F-P.Ciel,2,1592082314
paddu,C-NekoMech,2,Chay Benji,F-P.Ciel,1,1592082471
paddu,C-NekoMech,2,Chay Benji,F-P.Ciel,1,1592082605
paddu,C-NekoMech,1,Chay Benji,F-P.Ciel,2,1592082747
paddu,C-NekoMech,2,Chay Benji,F-P.Ciel,0,1592082869
paddu,C-NekoMech,2,Chay Benji,F-P.Ciel,1,1592083081
paddu,C-NekoMech,2,Chay Benji,F-P.Ciel,0,1592083163
paddu,C-NekoMech,0,Chay Benji,F-P.Ciel,2,1592083266
paddu,C-NekoMech,2,Chay Benji,F-P.Ciel,0,1592083376
paddu,C-NekoMech,2,Chay Benji,F-P.Ciel,0,1592083477
paddu,C-NekoMech,1,Chay Benji,F-P.Ciel,2,1592083673
paddu,C-NekoMech,2,Chay Benji,F-P.Ciel,0,1592083766
paddu,C-NekoMech,1,Chay Benji,F-P.Ciel,2,1592083971
paddu,C-NekoMech,2,Chay Benji,F-P.Ciel,0,1592084088
paddu,C-NekoMech,2,Chay Benji,F-P.Ciel,0,1592084216
paddu,C-NekoMech,0,Chay Benji,F-P.Ciel,2,1592084366
paddu,C-NekoMech,2,Chay Benji,F-P.Ciel,0,1592084504
paddu,C-NekoMech,1,Chay Benji,F-P.Ciel,2,1592084682
paddu,C-NekoMech,2,Chay Benji,F-P.Ciel,0,1592084839
paddu,C-NekoMech,2,Chay Benji,F-P.Ciel,0,1592084970
paddu,C-NekoMech,1,Chay Benji,F-P.Ciel,2,1592085146
paddu,C-NekoMech,2,Chay Benji,F-P.Ciel,0,1592085265
paddu,C-NekoMech,2,Chay Benji,F-P.Ciel,1,1592085442
paddu,C-NekoMech,2,Chay Benji,F-P.Ciel,0,1592085551
paddu,C-NekoMech,1,Chay Benji,F-P.Ciel,2,1592085703
paddu,C-NekoMech,2,Chay Benji,F-P.Ciel,1,1592085877
paddu,C-NekoMech,2,Chay Benji,F-P.Ciel,1,1592086019
paddu,C-NekoMech,2,Chay Benji,F-P.Ciel,1,1592086159
paddu,C-NekoMech,2,Chay Benji,F-P.Ciel,0,1592086259
paddu,C-NekoMech,2,Chay Benji,F-P.Ciel,1,1592086415
paddu,C-NekoMech,2,Chay Benji,F-P.Ciel,1,1592086609
paddu,C-NekoMech,2,Chay Benji,F-P.Ciel,0,1592086721
paddu,C-Nanaya,2,Chay Benji,F-P.Ciel,0,1592086816
paddu,C-Nanaya,2,Chay Benji,F-P.Ciel,0,1592086930
paddu,C-Nanaya,2,Chay Benji,F-P.Ciel,0,1592087002
paddu,C-Nanaya,2,Chay Benji,F-P.Ciel,0,1592087089
paddu,C-NekoMech,0,Chay Benji,F-P.Ciel,2,1592087201
paddu,C-NekoMech,2,Chay Benji,F-P.Ciel,1,1592087350
paddu,C-NekoMech,0,Chay Benji,F-P.Ciel,2,1592087465
paddu,C-NekoMech,2,Chay Benji,F-P.Ciel,1,1592087636
paddu,C-NekoMech,2,Chay Benji,F-P.Ciel,1,1592087824
paddu,C-NekoMech,0,Chay Benji,F-P.Ciel,2,1592087929
paddu,C-NekoMech,1,Chay Benji,F-P.Ciel,2,1592088085
paddu,C-NekoMech,0,Chay Benji,F-P.Ciel,2,1592088179
paddu,C-NekoMech,1,Chay Benji,F-P.Ciel,2,1592088338
paddu,C-NekoMech,2,Chay Benji,F-P.Ciel,0,1592088450
paddu,C-NekoMech,2,Chay Benji,F-P.Ciel,0,1592088575
paddu,C-NekoMech,2,Chay Benji,F-P.Ciel,0,1592088720
paddu,C-NekoMech,2,Chay Benji,F-P.Ciel,0,1592088844
paddu,C-NekoMech,2,Chay Benji,F-P.Ciel,0,1592088968
paddu,C-NekoMech,2,Chay Benji,F-P.Ciel,0,1592089084
paddu,C-NekoMech,1,Chay Benji,F-P.Ciel,2,1592089259
paddu,C-NekoMech,2,Chay Benji,F-P.Ciel,0,1592089374
paddu,C-NekoMech,2,Chay Benji,F-P.Ciel,0,1592089455
paddu,C-NekoMech,2,Chay Benji,F-P.Ciel,1,1592089600
paddu,C-NekoMech,2,Chay Benji,F-P.Ciel,0,1592089703
paddu,C-NekoMech,2,Chay Benji,F-P.Ciel,0,1592089818
paddu,C-NekoMech,1,Chay Benji,F-P.Ciel,2,1592089965
paddu,C-NekoMech,2,Chay Benji,F-P.Ciel,1,1592090094
paddu,C-NekoMech,2,Chay Benji,F-P.Ciel,0,1592090196
paddu,C-NekoMech,2,Chay Benji,F-P.Ciel,0,1592090324
paddu,C-NekoMech,2,Chay Benji,F-P.Ciel,1,1592090426
paddu,C-NekoMech,1,Chay Benji,F-P.Ciel,2,1592090584
paddu,C-NekoMech,1,Chay Benji,F-P.Ciel,2,1592090732
paddu,C-NekoMech,2,Chay Benji,F-P.Ciel,0,1592090846
paddu,C-NekoMech,2,Chay Benji,F-P.Ciel,1,1592090998
paddu,C-Arc,2,Change your name,H-KohaMech,1,1592159385
paddu,C-Arc,2,Change your name,H-KohaMech,0,1592159500
paddu,C-Arc,2,Change your name,H-KohaMech,0,1592159610
paddu,C-Arc,0,Change your name,H-KohaMech,2,1592159754
paddu,C-Arc,2,Change your name,H-KohaMech,0,1592159893
paddu,C-Arc,2,Change your name,H-KohaMech,1,1592160082
paddu,C-Arc,2,Change your name,H-KohaMech,0,1592160221
paddu,C-Arc,2,Change your name,H-KohaMech,1,1592160426
paddu,C-Arc,2,Change your name,H-KohaMech,1,1592160658
paddu,C-NekoMech,2,Change your name,H-KohaMech,0,1592160818
paddu,C-NekoMech,2,Change your name,H-KohaMech,0,1592160912
paddu,C-NekoMech,2,Change your name,H-KohaMech,1,1592161124
paddu,C-NekoMech,2,Change your name,H-KohaMech,0,1592161237
paddu,C-NekoMech,2,Change your name,H-KohaMech,1,1592161382
paddu,C-NekoMech,2,Change your name,H-KohaMech,0,1592161504
paddu,C-NekoMech,1,Change your name,H-KohaMech,2,1592161734
paddu,C-NekoMech,2,Change your name,H-KohaMech,1,1592161920
paddu,C-Arc,2,Stimoro,F-Kouma,1,1592174326
paddu,C-Arc,2,Stimoro,F-Kouma,1,1592174522
paddu,C-Arc,0,Stimoro,F-Kouma,2,1592174632
paddu,C-Arc,2,Stimoro,F-Kouma,1,1592174779
paddu,C-Arc,2,Stimoro,F-Kouma,0,1592174923
paddu,C-Arc,2,Stimoro,F-Kouma,0,1592175042
paddu,C-Arc,2,Stimoro,F-Kouma,1,1592175227
paddu,C-Arc,2,Stimoro,F-Kouma,0,1592175336
paddu,C-Arc,2,Stimoro,F-Kouma,1,1592175487
paddu,C-Arc,2,Stimoro,F-Kouma,0,1592175576
paddu,C-Arc,2,Stimoro,F-Kouma,0,1592175710
paddu,C-Arc,2,Stimoro,F-Kouma,0,1592175842
paddu,C-Arc,2,Stimoro,F-Kouma,0,1592175973
paddu,C-Arc,0,Stimoro,F-Kouma,2,1592176105
paddu,C-Arc,1,Stimoro,F-Kouma,2,1592176309
paddu,C-Arc,1,Stimoro,F-Kouma,2,1592176458
paddu,C-Arc,2,Stimoro,F-Kouma,1,1592176621
paddu,C-Arc,2,Stimoro,F-Kouma,1,1592176809
paddu,C-Arc,2,Stimoro,F-Kouma,0,1592176927
paddu,C-Arc,0,Stimoro,F-Kouma,2,1592177014
paddu,C-Arc,1,Stimoro,F-Kouma,2,1592177236
paddu,C-Arc,2,Stimoro,F-Kouma,0,1592177377
paddu,C-Arc,1,Stimoro,F-Kouma,2,1592177576
paddu,C-Arc,2,Stimoro,F-Kouma,0,1592177691
paddu,C-Arc,2,Stimoro,F-Kouma,0,1592177781
paddu,C-Arc,2,Stimoro,F-Kouma,1,1592177949
paddu,C-Arc,2,Stimoro,F-Kouma,0,1592178033
paddu,C-Arc,2,Stimoro,F-Kouma,1,1592178176
paddu,C-Arc,0,Stimoro,F-Kouma,2,1592178282
paddu,C-Arc,2,Stimoro,F-Kouma,0,1592178432
paddu,C-Arc,0,Stimoro,F-Kouma,2,1592178525
paddu,C-Nanaya,0,Stimoro,F-Kouma,2,1592178644
paddu,C-Nanaya,2,Stimoro,F-Kouma,0,1592178759
paddu,C-Nanaya,2,Stimoro,F-Kouma,1,1592178930
paddu,C-Nanaya,1,Stimoro,F-Kouma,2,1592179076
paddu,C-Nanaya,2,Stimoro,F-Kouma,1,1592179261
paddu,C-Nanaya,0,Stimoro,F-Kouma,2,1592179361
paddu,C-Nanaya,2,Stimoro,F-Kouma,0,1592179452
paddu,C-Nanaya,2,Stimoro,F-Kouma,0,1592179553
paddu,C-Nanaya,2,Stimoro,F-Kouma,0,1592179659
paddu,C-Nanaya,2,Stimoro,F-Kouma,0,1592179757
paddu,C-Nanaya,2,Stimoro,F-Kouma,0,1592179882
paddu,C-Nanaya,2,Stimoro,F-Kouma,1,1592180057
paddu,C-Nanaya,2,Stimoro,F-Kouma,0,1592180167
paddu,C-Nanaya,2,Stimoro,F-Kouma,0,1592180265
paddu,C-Nanaya,2,Stimoro,F-Kouma,0,1592180361
paddu,C-Nanaya,2,Stimoro,F-Kouma,0,1592180501
paddu,C-Nanaya,2,Stimoro,F-Kouma,0,1592180585
paddu,C-Nanaya,2,Stimoro,F-Kouma,0,1592180706
paddu,C-Nanaya,2,Stimoro,F-Kouma,0,1592180822
paddu,C-Nanaya,2,Stimoro,F-Kouma,0,1592180927
paddu,C-Nanaya,0,Stimoro,F-Kouma,2,1592181016
paddu,C-Nanaya,2,Stimoro,F-Kouma,0,1592181130
paddu,C-Arc,2,Stimoro,F-Kouma,1,1592181308
paddu,C-Arc,2,Stimoro,F-Kouma,0,1592181442
paddu,C-Arc,1,Stimoro,F-Kouma,2,1592181660
paddu,C-Nanaya,2,Stimoro,F-Kouma,1,1592242980
paddu,C-Nanaya,2,Stimoro,F-Kouma,0,1592243128
paddu,C-Nanaya,2,Stimoro,F-Kouma,1,1592243321
paddu,C-Nanaya,0,Stimoro,F-Kouma,2,1592243448
paddu,C-Nanaya,2,Stimoro,F-Kouma,0,1592243533
paddu,C-Nanaya,2,Stimoro,F-Kouma,0,1592243626
paddu,C-Nanaya,2,Stimoro,F-Kouma,0,1592243731
paddu,C-Nanaya,2,Stimoro,F-Kouma,0,1592243857
paddu,C-Nanaya,2,Stimoro,F-Kouma,0,1592243987
paddu,C-Nanaya,2,Stimoro,F-Kouma,1,1592244148
paddu,C-Nanaya,2,Stimoro,F-Kouma,0,1592244248
paddu,C-Nanaya,2,Stimoro,F-Kouma,1,1592244420
paddu,C-Arc,0,Stimoro,F-Kouma,2,1592244548
paddu,C-Arc,2,Stimoro,F-Kouma,1,1592244738
paddu,C-Arc,2,Stimoro,F-Kouma,1,1592244901
paddu,C-Arc,2,Stimoro,F-Kouma,1,1592245062
paddu,C-Arc,2,Stimoro,F-Kouma,0,1592245171
paddu,C-Arc,2,Stimoro,F-Kouma,0,1592245274
paddu,C-Arc,2,Stimoro,F-Kouma,1,1592245483
paddu,C-Arc,2,Stimoro,F-Kouma,0,1592245599
paddu,C-Arc,2,Stimoro,F-Kouma,1,1592245799
paddu,C-Roa,2,Chay Benji,F-Hime,0,1592256058
paddu,C-Roa,2,Chay Benji,F-Hime,0,1592256197
paddu,C-Roa,2,Chay Benji,F-Hime,0,1592256299
paddu,C-Roa,2,Chay Benji,F-Hime,0,1592256389
paddu,C-Roa,2,Chay Benji,F-Hime,0,1592256477
paddu,C-Roa,2,Chay Benji,F-Hime,0,1592256578
paddu,C-Roa,2,Chay Benji,F-Hime,0,1592256704
paddu,C-Roa,2,Chay Benji,F-Hime,0,1592256776
paddu,C-Roa,2,Chay Benji,F-Hime,0,1592256899
paddu,C-Roa,2,Chay Benji,F-Hime,0,1592256982
paddu,C-Roa,2,Chay Benji,F-Hime,0,1592257093
crescent moon michael roa valdamjong,C-Roa,2,you&comma; me&comma; gas station. what are we getting for dinner? sushi of course! uh oh&comma; looks like there was a roofie in our gas station sushi. we black out&comma; wake up in a sewer. we're surrounded by fish. Horny fish. You know that means. Fish Orgy. The stench draws in a bear. What do we do? We're gonna fight it. bear fight? bare handed? bare NAKED? OH yes please. we befriend the bear after we beat it in a brawl. then we ride it into a chuck-e-cheese. Dance-Dance Revolution. Revolution? Overthrow the government? uh&comma; I think so. Next thing you know i'm reincarnated as jesus christ. Then i turn into a jet&comma; fly into the sun&comma; black out again&comma; wake up&comma; do a bump&comma; white out (which i didn't know you could do)&comma; then i smoked a joint&comma; greened out&comma; then i turned INTO the sun. Uh oh! Looks like the meth is kicking in! afhtsjofsnfnsuifsugjwfiguwngumfnfjdsdfndsjffjasfahsdf lj AAAAA AAAA AAAAAAAAAAAAAAAAAAA,C-Ryougi,0,1592335499
crescent moon michael roa valdamjong,C-Roa,2,you&comma; me&comma; gas station. what are we getting for dinner? sushi of course! uh oh&comma; looks like there was a roofie in our gas station sushi. we black out&comma; wake up in a sewer. we're surrounded by fish. Horny fish. You know that means. Fish Orgy. The stench draws in a bear. What do we do? We're gonna fight it. bear fight? bare handed? bare NAKED? OH yes please. we befriend the bear after we beat it in a brawl. then we ride it into a chuck-e-cheese. Dance-Dance Revolution. Revolution? Overthrow the government? uh&comma; I think so. Next thing you know i'm reincarnated as jesus christ. Then i turn into a jet&comma; fly into the sun&comma; black out again&comma; wake up&comma; do a bump&comma; white out (which i didn't know you could do)&comma; then i smoked a joint&comma; greened out&comma; then i turned INTO the sun. Uh oh! Looks like the meth is kicking in! afhtsjofsnfnsuifsugjwfiguwngumfnfjdsdfndsjffjasfahsdf lj AAAAA AAAA AAAAAAAAAAAAAAAAAAA,C-Ryougi,1,1592335661
crescent moon michael roa valdamjong,C-Roa,2,you&comma; me&comma; gas station. what are we getting for dinner? sushi of course! uh oh&comma; looks like there was a roofie in our gas station sushi. we black out&comma; wake up in a sewer. we're surrounded by fish. Horny fish. You know that means. Fish Orgy. The stench draws in a bear. What do we do? We're gonna fight it. bear fight? bare handed? bare NAKED? OH yes please. we befriend the bear after we beat it in a brawl. then we ride it into a chuck-e-cheese. Dance-Dance Revolution. Revolution? Overthrow the government? uh&comma; I think so. Next thing you know i'm reincarnated as jesus christ. Then i turn into a jet&comma; fly into the sun&comma; black out again&comma; wake up&comma; do a bump&comma; white out (which i didn't know you could do)&comma; then i smoked a joint&comma; greened out&comma; then i turned INTO the sun. Uh oh! Looks like the meth is kicking in! afhtsjofsnfnsuifsugjwfiguwngumfnfjdsdfndsjffjasfahsdf lj AAAAA AAAA AAAAAAAAAAAAAAAAAAA,C-Ryougi,0,1592335735
crescent moon michael roa valdamjong,C-Roa,2,you&comma; me&comma; gas station. what are we getting for dinner? sushi of course! uh oh&comma; looks like there was a roofie in our gas station sushi. we black out&comma; wake up in a sewer. we're surrounded by fish. Horny fish. You know that means. Fish Orgy. The stench draws in a bear. What do we do? We're gonna fight it. bear fight? bare handed? bare NAKED? OH yes please. we befriend the bear after we beat it in a brawl. then we ride it into a chuck-e-cheese. Dance-Dance Revolution. Revolution? Overthrow the government? uh&comma; I think so. Next thing you know i'm reincarnated as jesus christ. Then i turn into a jet&comma; fly into the sun&comma; black out again&comma; wake up&comma; do a bump&comma; white out (which i didn't know you could do)&comma; then i smoked a joint&comma; greened out&comma; then i turned INTO the sun. Uh oh! Looks like the meth is kicking in! afhtsjofsnfnsuifsugjwfiguwngumfnfjdsdfndsjffjasfahsdf lj AAAAA AAAA AAAAAAAAAAAAAAAAAAA,C-Ryougi,0,1592335825
crescent moon michael roa valdamjong,C-Roa,2,Stimoro,F-Kouma,0,1592336224
crescent moon michael roa valdamjong,C-Roa,2,Stimoro,F-Kouma,1,1592336404
crescent moon michael roa valdamjong,C-Roa,2,Stimoro,F-Kouma,0,1592336533
crescent moon michael roa valdamjong,C-Roa,1,Stimoro,F-Kouma,2,1592336739
crescent moon michael roa valdamjong,C-Roa,2,Stimoro,F-Kouma,0,1592336850
crescent moon michael roa valdamjong,C-Roa,2,Stimoro,F-Kouma,1,1592337029
crescent moon michael roa valdamjong,C-Roa,2,Stimoro,F-Kouma,1,1592337180
crescent moon michael roa valdamjong,C-Roa,2,Stimoro,F-Kouma,0,1592337357
crescent moon michael roa valdamjong,C-Roa,2,Stimoro,F-Kouma,0,1592337473
crescent moon michael roa valdamjong,C-Roa,2,Stimoro,F-Kouma,1,1592337623
crescent moon michael roa valdamjong,C-Roa,2,Stimoro,F-Kouma,1,1592337822
crescent moon michael roa valdamjong,C-Roa,1,Stimoro,F-Kouma,2,1592338040
crescent moon michael roa valdamjong,C-Roa,2,Stimoro,F-Kouma,1,1592338226
crescent moon michael roa valdamjong,C-Roa,2,Stimoro,F-Kouma,1,1592338460
crescent moon michael roa valdamjong,C-Roa,1,Stimoro,F-Kouma,2,1592338620
crescent moon michael roa valdamjong,C-Roa,1,Stimoro,F-Kouma,2,1592338798
crescent moon michael roa valdamjong,C-Roa,1,Stimoro,F-Kouma,2,1592338955
crescent moon michael roa valdamjong,C-Roa,2,Stimoro,F-Kouma,0,1592339061
crescent moon michael roa valdamjong,C-Roa,2,Stimoro,F-Kouma,1,1592339227
crescent moon michael roa valdamjong,C-Roa,2,Stimoro,F-Kouma,1,1592339431
crescent moon michael roa valdamjong,C-Roa,2,Stimoro,F-Kouma,1,1592339964
crescent moon michael roa valdamjong,C-Roa,2,Stimoro,F-Kouma,0,1592340080
crescent moon michael roa valdamjong,C-Roa,0,Stimoro,F-Kouma,2,1592340199
crescent moon michael roa valdamjong,C-Roa,2,Stimoro,F-Kouma,1,1592340419
crescent moon michael roa valdamjong,C-Roa,2,Stimoro,F-Kouma,1,1592340597
crescent moon michael roa valdamjong,C-Roa,1,Stimoro,F-Kouma,2,1592340805
crescent moon michael roa valdamjong,C-Roa,2,Stimoro,F-Kouma,1,1592340984
crescent moon michael roa valdamjong,C-Roa,0,Stimoro,C-Nero,2,1592341137
crescent moon michael roa valdamjong,C-Roa,0,Stimoro,C-Nero,2,1592341265
crescent moon michael roa valdamjong,C-Roa,0,Stimoro,C-Nero,2,1592341391
crescent moon michael roa valdamjong,C-Roa,2,Stimoro,C-Nero,1,1592341598
crescent moon michael roa valdamjong,C-Roa,0,Stimoro,C-Nero,2,1592341722
crescent moon michael roa valdamjong,C-Roa,1,Stimoro,C-Nero,2,1592341879
crescent moon michael roa valdamjong,C-Roa,1,Stimoro,C-Nero,2,1592342103
crescent moon michael roa valdamjong,C-Roa,2,Stimoro,C-Nero,0,1592342239
crescent moon michael roa valdamjong,C-Roa,1,Stimoro,C-Nero,2,1592342446
crescent moon michael roa valdamjong,C-Roa,2,Stimoro,C-Nero,1,1592342674
crescent moon michael roa valdamjong,C-Roa,2,Stimoro,C-Nero,0,1592342792
crescent moon michael roa valdamjong,C-Roa,2,Stimoro,C-Nero,1,1592342985
crescent moon michael roa valdamjong,C-Roa,0,Stimoro,C-Nero,2,1592343086
crescent moon michael roa valdamjong,C-Roa,2,Stimoro,F-Nero,1,1592343315
crescent moon michael roa valdamjong,C-Roa,2,Stimoro,F-Nero,1,1592343501
crescent moon michael roa valdamjong,C-Roa,1,Stimoro,F-Nero,2,1592343706
crescent moon michael roa valdamjong,C-Roa,2,Stimoro,F-Nero,0,1592343863
crescent moon michael roa valdamjong,C-Roa,1,Stimoro,F-Nero,2,1592344023
crescent moon michael roa valdamjong,C-Roa,2,Stimoro,F-Nero,0,1592344126
crescent moon michael roa valdamjong,C-Roa,2,Stimoro,F-Nero,1,1592344279
crescent moon michael roa valdamjong,C-Roa,1,Stimoro,F-Nero,2,1592344449
crescent moon michael roa valdamjong,C-Roa,2,Stimoro,F-Nero,0,1592344587
crescent moon michael roa valdamjong,C-Roa,2,Stimoro,F-Nero,0,1592344699
crescent moon michael roa valdamjong,C-Satsuki,2,Chay Benji,F-P.Ciel,0,1592437885
crescent moon michael roa valdamjong,C-Satsuki,2,Chay Benji,F-P.Ciel,0,1592438045
crescent moon michael roa valdamjong,C-Satsuki,2,Chay Benji,F-P.Ciel,0,1592438151
crescent moon michael roa valdamjong,C-Satsuki,0,Chay Benji,F-P.Ciel,2,1592438281
crescent moon michael roa valdamjong,C-Satsuki,2,Chay Benji,F-P.Ciel,1,1592438476
crescent moon michael roa valdamjong,C-Satsuki,2,Chay Benji,F-P.Ciel,0,1592438611
crescent moon michael roa valdamjong,C-Satsuki,2,Chay Benji,F-P.Ciel,1,1592438797
crescent moon michael roa valdamjong,C-Satsuki,2,Chay Benji,F-P.Ciel,0,1592438939
crescent moon michael roa valdamjong,C-Satsuki,0,Chay Benji,F-P.Ciel,2,1592439094
crescent moon michael roa valdamjong,C-Satsuki,2,Chay Benji,F-P.Ciel,1,1592439294
crescent moon michael roa valdamjong,C-Satsuki,1,Chay Benji,F-P.Ciel,2,1592439475
crescent moon michael roa valdamjong,C-Satsuki,2,Chay Benji,F-P.Ciel,1,1592439636
crescent moon michael roa valdamjong,C-Satsuki,2,Chay Benji,F-P.Ciel,0,1592439814
crescent moon michael roa valdamjong,C-Satsuki,2,Chay Benji,F-P.Ciel,0,1592439925
crescent moon michael roa valdamjong,C-Satsuki,2,Chay Benji,F-P.Ciel,1,1592440127
crescent moon michael roa valdamjong,C-Satsuki,2,Chay Benji,F-P.Ciel,1,1592440346
crescent moon michael roa valdamjong,C-Satsuki,2,Chay Benji,F-P.Ciel,0,1592440459
crescent moon michael roa valdamjong,C-Satsuki,1,Chay Benji,F-P.Ciel,2,1592440630
crescent moon michael roa valdamjong,C-Satsuki,2,Chay Benji,F-P.Ciel,1,1592440859
crescent moon michael roa valdamjong,C-Satsuki,1,Chay Benji,F-P.Ciel,2,1592441063
crescent moon michael roa valdamjong,C-Satsuki,2,Chay Benji,F-P.Ciel,0,1592441196
crescent moon michael roa valdamjong,C-Nanaya,2,Chay Benji,F-P.Ciel,0,1592441306
crescent moon michael roa valdamjong,C-Nanaya,2,Chay Benji,F-P.Ciel,1,1592441506
crescent moon michael roa valdamjong,C-Nanaya,0,Chay Benji,F-P.Ciel,2,1592441610
crescent moon michael roa valdamjong,C-Nanaya,2,Chay Benji,F-P.Ciel,0,1592441717
crescent moon michael roa valdamjong,C-Nanaya,2,Chay Benji,F-P.Ciel,1,1592441912
crescent moon michael roa valdamjong,C-Nanaya,2,Chay Benji,F-P.Ciel,0,1592441999
crescent moon michael roa valdamjong,C-Nanaya,2,Chay Benji,F-P.Ciel,0,1592442114
crescent moon michael roa valdamjong,C-Nanaya,2,Chay Benji,F-P.Ciel,0,1592442224
crescent moon michael roa valdamjong,C-Nanaya,2,Chay Benji,F-P.Ciel,0,1592442327
crescent moon michael roa valdamjong,C-Nanaya,2,Chay Benji,F-P.Ciel,1,1592442493
crescent moon michael roa valdamjong,C-Nanaya,0,Chay Benji,F-P.Ciel,2,1592442615
crescent moon michael roa valdamjong,C-Roa,1,Chay Benji,F-P.Ciel,2,1592442841
crescent moon michael roa valdamjong,C-Roa,2,Chay Benji,F-P.Ciel,1,1592443038
crescent moon michael roa valdamjong,C-Roa,2,Chay Benji,F-P.Ciel,0,1592443181
crescent moon michael roa valdamjong,C-Roa,2,Chay Benji,F-P.Ciel,1,1592443382
crescent moon michael roa valdamjong,C-Satsuki,1,Chay Benji,F-P.Ciel,2,1592443656
crescent moon michael roa valdamjong,C-Satsuki,1,Chay Benji,F-P.Ciel,2,1592443843
crescent moon michael roa valdamjong,C-Satsuki,2,Chay Benji,F-P.Ciel,1,1592444032
crescent moon michael roa valdamjong,C-Satsuki,2,Chay Benji,F-P.Ciel,0,1592444156
crescent moon michael roa valdamjong,C-Aoko,0,Chay Benji,F-P.Ciel,2,1592525843
crescent moon michael roa valdamjong,C-Aoko,1,Chay Benji,F-P.Ciel,2,1592526036
crescent moon michael roa valdamjong,C-Aoko,0,Chay Benji,F-P.Ciel,2,1592526207
crescent moon michael roa valdamjong,C-Aoko,1,Chay Benji,F-P.Ciel,2,1592526415
crescent moon michael roa valdamjong,C-Aoko,2,Chay Benji,F-P.Ciel,1,1592526618
crescent moon michael roa valdamjong,C-Aoko,2,Chay Benji,F-P.Ciel,1,1592526841
crescent moon michael roa valdamjong,C-Aoko,0,Chay Benji,F-P.Ciel,2,1592526989
crescent moon michael roa valdamjong,C-Aoko,1,Chay Benji,F-P.Ciel,2,1592527140
crescent moon michael roa valdamjong,C-Aoko,2,Chay Benji,F-P.Ciel,1,1592527285
crescent moon michael roa valdamjong,C-Aoko,1,Chay Benji,F-P.Ciel,2,1592527513
crescent moon michael roa valdamjong,C-Aoko,1,Chay Benji,F-P.Ciel,2,1592527679
crescent moon michael roa valdamjong,C-Aoko,2,Chay Benji,F-P.Ciel,0,1592527781
crescent moon michael roa valdamjong,C-Aoko,2,Chay Benji,F-P.Ciel,1,1592527964
crescent moon michael roa valdamjong,C-Aoko,0,Chay Benji,F-P.Ciel,2,1592528123
crescent moon michael roa valdamjong,C-Aoko,0,Chay Benji,F-P.Ciel,2,1592528282
crescent moon michael roa valdamjong,C-Aoko,2,Change your name,C-S.Akiha,0,1592528724
crescent moon michael roa valdamjong,C-Aoko,2,Change your name,C-S.Akiha,0,1592528858
crescent moon michael roa valdamjong,C-Aoko,2,Change your name,C-S.Akiha,0,1592528994
crescent moon michael roa valdamjong,C-Aoko,2,Change your name,C-S.Akiha,0,1592529139
crescent moon michael roa valdamjong,C-Aoko,2,Change your name,C-S.Akiha,0,1592529294
crescent moon michael roa valdamjong,C-Aoko,2,Change your name,C-S.Akiha,0,1592529429
crescent moon michael roa valdamjong,C-Aoko,2,Change your name,C-S.Akiha,0,1592529575
crescent moon michael roa valdamjong,C-Aoko,2,Change your name,C-S.Akiha,0,1592529723
crescent moon michael roa valdamjong,C-Aoko,2,Change your name,C-S.Akiha,0,1592529847
crescent moon michael roa valdamjong,C-Aoko,2,Change your name,C-S.Akiha,0,1592529976
crescent moon michael roa valdamjong,C-Satsuki,2,Change your name,H-KohaMech,0,1592530148
crescent moon michael roa valdamjong,H-Kohaku,2,Change your name,H-KohaMech,0,1592530296
crescent moon michael roa valdamjong,H-Kohaku,0,Change your name,H-KohaMech,2,1592530432
crescent moon michael roa valdamjong,H-Kohaku,2,Change your name,H-KohaMech,0,1592530570
crescent moon michael roa valdamjong,C-Nanaya,2,Change your name,C-Hisui,1,1592590793
crescent moon michael roa valdamjong,C-Nanaya,2,Change your name,C-Hisui,0,1592590868
crescent moon michael roa valdamjong,C-Nanaya,2,Change your name,C-Hisui,0,1592590980
crescent moon michael roa valdamjong,C-Nanaya,1,Change your name,C-Hisui,2,1592591166
crescent moon michael roa valdamjong,C-Nanaya,2,Change your name,C-Hisui,1,1592591334
crescent moon michael roa valdamjong,C-Nanaya,2,Change your name,C-Hisui,0,1592591451
crescent moon michael roa valdamjong,C-Nanaya,2,Change your name,C-Hisui,1,1592591630
crescent moon michael roa valdamjong,C-Nanaya,0,Change your name,C-Hisui,2,1592591747
crescent moon michael roa valdamjong,C-Nanaya,2,Change your name,C-Hisui,0,1592591839
crescent moon michael roa valdamjong,C-Nanaya,1,Change your name,C-Hisui,2,1592592030
crescent moon michael roa valdamjong,C-Nanaya,0,Change your name,C-Hisui,2,1592592159
crescent moon michael roa valdamjong,C-Nanaya,2,Change your name,C-Hisui,1,1592592408
crescent moon michael roa valdamjong,C-Nanaya,2,Change your name,C-Hisui,0,1592592500
paddu,C-Nanaya,2,FLen is cute,F-Len,1,1592594714
paddu,C-Nanaya,1,FLen is cute,F-Len,2,1592594863
paddu,C-Nanaya,0,FLen is cute,F-Len,2,1592594954
paddu,C-Nanaya,0,FLen is cute,F-Len,2,1592595042
paddu,C-Nanaya,0,FLen is cute,F-Len,2,1592595127
paddu,C-Nanaya,0,FLen is cute,F-Len,2,1592595232
paddu,C-Nanaya,0,FLen is cute,F-Len,2,1592595327
paddu,C-Nanaya,1,FLen is cute,F-Len,2,1592595490
paddu,C-Nanaya,0,FLen is cute,F-Len,2,1592595594
paddu,C-Nanaya,0,FLen is cute,F-Len,2,1592595683
Change your name,C-Nanaya,2,Oooops27,C-Aoko,1,1592620492
Change your name,C-Nanaya,2,Oooops27,C-Aoko,0,1592620578
Change your name,C-Nanaya,2,Oooops27,C-Aoko,1,1592620759
Change your name,C-Nanaya,2,Oooops27,C-Aoko,1,1592620929
Change your name,C-Nanaya,2,Oooops27,C-Aoko,1,1592621122
banana shiki stan,C-Nanaya,1,79.112.125.132,H-Ryougi,2,1592673734
banana shiki stan,C-Nanaya,0,79.112.125.132,H-Ryougi,2,1592673836
banana shiki stan,C-Nanaya,0,79.112.125.132,H-Ryougi,2,1592673942
banana shiki stan,C-Nanaya,0,79.112.125.132,H-Ryougi,2,1592674025
banana shiki stan,C-Nanaya,0,79.112.125.132,H-Ryougi,2,1592674166
banana shiki stan,C-Nanaya,0,79.112.125.132,H-Ryougi,2,1592674319
banana shiki stan,C-Nanaya,2,79.112.125.132,H-Ryougi,1,1592674493
banana shiki stan,C-Nanaya,0,79.112.125.132,H-Ryougi,2,1592674644
banana shiki stan,C-Nanaya,0,79.112.125.132,H-Ryougi,2,1592674759
banana shiki stan,C-Nanaya,2,79.112.125.132,H-Ryougi,0,1592674851
banana shiki stan,C-Nanaya,0,79.112.125.132,H-Ryougi,2,1592674959
banana shiki stan,C-Nanaya,1,79.112.125.132,H-Ryougi,2,1592675112
banana shiki stan,C-Nanaya,0,79.112.125.132,H-Ryougi,2,1592675223
banana shiki stan,C-Nanaya,0,79.112.125.132,H-Ryougi,2,1592675465
banana shiki stan,C-Nanaya,2,79.112.125.132,H-Ryougi,1,1592675599
banana shiki stan,C-Nanaya,0,79.112.125.132,H-Ryougi,2,1592675713
banana shiki stan,C-Nanaya,2,79.112.125.132,H-Ryougi,1,1592675875
banana shiki stan,C-Nanaya,1,79.112.125.132,H-Ryougi,2,1592676066
banana shiki stan,C-Nanaya,0,79.112.125.132,H-Ryougi,2,1592676145
banana shiki stan,C-Nanaya,2,Spiced Curry,C-Kouma,1,1592696405
banana shiki stan,C-Nanaya,1,Spiced Curry,C-Kouma,2,1592696587
banana shiki stan,C-Nanaya,1,Spiced Curry,C-Kouma,2,1592696742
banana shiki stan,C-Nanaya,2,Spiced Curry,C-Kouma,1,1592696897
banana shiki stan,C-Nanaya,1,Spiced Curry,C-Kouma,2,1592697086
banana shiki stan,C-Nanaya,2,Spiced Curry,C-Kouma,0,1592697197
banana shiki stan,C-Nanaya,2,Spiced Curry,C-Kouma,0,1592697284
banana shiki stan,C-Nanaya,0,Spiced Curry,C-Kouma,2,1592697391
banana shiki stan,C-Nanaya,2,Spiced Curry,C-Kouma,0,1592697464
banana shiki stan,C-Nanaya,2,Spiced Curry,C-Kouma,0,1592697580
banana shiki stan,C-Nanaya,2,Spiced Curry,C-Kouma,1,1592697698
banana shiki stan,C-Nanaya,0,Spiced Curry,C-Kouma,2,1592697822
banana shiki stan,C-Nanaya,0,Spiced Curry,C-Kouma,2,1592697923
banana shiki stan,C-Nanaya,2,Spiced Curry,C-Kouma,0,1592697999
banana shiki stan,C-Nanaya,2,Spiced Curry,C-Kouma,0,1592698116
banana shiki stan,C-Nanaya,1,Spiced Curry,C-Kouma,2,1592698312
banana shiki stan,C-Nanaya,2,Spiced Curry,C-Kouma,0,1592698420
banana shiki stan,C-Nanaya,0,Pokecole37,C-Nanaya,2,1592787399
banana shiki stan,C-Nanaya,0,Pokecole37,C-Nanaya,2,1592787517
banana shiki stan,C-Nanaya,1,Pokecole37,C-Nanaya,2,1592787658
banana shiki stan,C-Nanaya,0,Pokecole37,C-Nanaya,2,1592787787
banana shiki stan,C-Nanaya,1,Pokecole37,C-Nanaya,2,1592787962
banana shiki stan,C-Nanaya,0,Pokecole37,C-Nanaya,2,1592788082
banana shiki stan,C-Nanaya,1,Pokecole37,C-Nanaya,2,1592788227
banana shiki stan,C-Nanaya,1,Pokecole37,C-Nanaya,2,1592788369
banana shiki stan,C-Nanaya,0,Pokecole37,C-Nanaya,2,1592788474
banana shiki stan,C-Nanaya,0,Pokecole37,C-Nanaya,2,1592788583
banana shiki stan,C-Nanaya,1,Pokecole37,C-Nanaya,2,1592788714
banana shiki stan,C-Nanaya,0,Pokecole37,C-Nanaya,2,1592788807
banana shiki stan,C-Nanaya,1,Pokecole37,C-Nanaya,2,1592788990
banana shiki stan,C-Nanaya,0,Pokecole37,C-Nanaya,2,1592789079
banana shiki stan,C-Nanaya,0,Pokecole37,C-Nanaya,2,1592789186
banana shiki stan,C-Nanaya,0,Pokecole37,C-Nanaya,2,1592789285
banana shiki stan,C-Nanaya,0,Pokecole37,C-Nanaya,2,1592789378
banana shiki stan,C-Nanaya,0,Pokecole37,C-Nanaya,2,1592789476
banana shiki stan,C-Nanaya,1,Pokecole37,C-Nanaya,2,1592789639
banana shiki stan,C-Nanaya,0,Pokecole37,C-Nanaya,2,1592789736
banana shiki stan,C-Nanaya,0,Pokecole37,C-Nanaya,2,1592789821
banana shiki stan,C-Nanaya,0,C-Koha UI (Regeci),C-Kohaku,2,1592807665
banana shiki stan,C-Nanaya,1,C-Koha UI (Regeci),C-Kohaku,2,1592807856
banana shiki stan,C-Nanaya,1,C-Koha UI (Regeci),C-Kohaku,2,1592807992
banana shiki stan,C-Nanaya,2,C-Koha UI (Regeci),C-Kohaku,1,1592808145
banana shiki stan,C-Nanaya,2,C-Koha UI (Regeci),C-Kohaku,0,1592808276
banana shiki stan,C-Nanaya,2,C-Koha UI (Regeci),C-Nanaya,0,1592808394
banana shiki stan,C-Nanaya,2,C-Koha UI (Regeci),C-Nanaya,0,1592808481
banana shiki stan,C-Nanaya,2,C-Koha UI (Regeci),C-Nanaya,0,1592808571
banana shiki stan,C-Nanaya,2,C-Koha UI (Regeci),C-Nanaya,1,1592808704
banana shiki stan,C-Nanaya,2,C-Koha UI (Regeci),C-Nanaya,0,1592808808
banana shiki stan,C-Nanaya,2,C-Koha UI (Regeci),C-Nanaya,1,1592808977
banana shiki stan,C-Nanaya,2,C-Koha UI (Regeci),C-Nanaya,0,1592809106
banana shiki stan,C-Nanaya,0,C-Koha UI (Regeci),C-Nanaya,2,1592809189
banana shiki stan,C-Nanaya,2,C-Koha UI (Regeci),C-Nanaya,1,1592809349
banana shiki stan,C-Nanaya,2,C-Koha UI (Regeci),C-Nanaya,0,1592809460
banana shiki stan,C-Nanaya,2,C-Koha UI (Regeci),C-Nanaya,1,1592809612
banana shiki stan,C-Nanaya,2,C-Koha UI (Regeci),C-Nanaya,0,1592809722
banana shiki stan,C-Nanaya,3,Vetero,C-Wara,0,1592890681
banana shiki stan,C-Nanaya,3,Vetero,C-Wara,0,1592890832
banana shiki stan,C-Nanaya,3,Vetero,C-Wara,0,1592891035
banana shiki stan,C-Nanaya,3,Vetero,C-Wara,0,1592891190
banana shiki stan,C-Nanaya,0,Fat Kappa,H-Arc,2,1592893689
banana shiki stan,C-Nanaya,2,Fat Kappa,H-Arc,0,1592893790
banana shiki stan,C-Nanaya,2,Fat Kappa,H-Arc,0,1592893918
banana shiki stan,C-Nanaya,2,Fat Kappa,H-Arc,0,1592894057
banana shiki stan,C-Nanaya,2,tabula&comma; rasa,F-Hime,0,1592917880
banana shiki stan,C-Nanaya,2,tabula&comma; rasa,F-Hime,0,1592917963
banana shiki stan,C-Nanaya,2,tabula&comma; rasa,F-Hime,0,1592918081
banana shiki stan,C-Nanaya,2,tabula&comma; rasa,F-Hime,0,1592918177
banana shiki stan,C-Nanaya,2,tabula&comma; rasa,F-Hime,0,1592918262
banana shiki stan,C-Nanaya,2,tabula&comma; rasa,F-Hime,0,1592918364
banana shiki stan,C-Nanaya,2,tabula&comma; rasa,F-Hime,0,1592918454
banana shiki stan,C-Nanaya,2,tabula&comma; rasa,F-Hime,0,1592918534
banana shiki stan,C-Nanaya,2,tabula&comma; rasa,F-Hime,0,1592918628
banana shiki stan,C-Nanaya,2,Trigger,C-S.Akiha,0,1592922666
banana shiki stan,C-Nanaya,2,Trigger,C-S.Akiha,0,1592922761
banana shiki stan,C-Nanaya,2,Trigger,C-S.Akiha,0,1592922863
banana shiki stan,C-Nanaya,2,Trigger,C-S.Akiha,0,1592922965
banana shiki stan,C-Nanaya,2,Trigger,C-S.Akiha,0,1592923058
banana shiki stan,C-Nanaya,2,Trigger,C-S.Akiha,0,1592923156
banana shiki stan,C-Nanaya,2,Trigger,C-S.Akiha,0,1592923232
banana shiki stan,C-Nanaya,2,Trigger,C-S.Akiha,0,1592923342
banana shiki stan,C-Nanaya,2,Trigger,C-S.Akiha,0,1592923414
banana shiki stan,C-Nanaya,2,Chay Benji,F-P.Ciel,0,1592937105
banana shiki stan,C-Nanaya,2,Chay Benji,F-P.Ciel,0,1592937219
banana shiki stan,C-Nanaya,2,Chay Benji,F-P.Ciel,0,1592937370
banana shiki stan,C-Nanaya,2,Chay Benji,F-P.Ciel,0,1592937479
banana shiki stan,C-Nanaya,2,Chay Benji,F-P.Ciel,0,1592937600
banana shiki stan,C-Nanaya,2,Chay Benji,F-P.Ciel,1,1592937765
banana shiki stan,C-Nanaya,2,Chay Benji,F-P.Ciel,0,1592937901
banana shiki stan,C-Nanaya,2,Chay Benji,F-P.Ciel,0,1592937992
banana shiki stan,C-Nanaya,1,Chay Benji,F-P.Ciel,2,1592938247
banana shiki stan,C-Nanaya,2,Chay Benji,F-P.Ciel,0,1592938346
banana shiki stan,C-Nanaya,1,Chay Benji,F-P.Ciel,2,1592938564
banana shiki stan,C-Nanaya,2,Chay Benji,F-P.Ciel,0,1592938691
banana shiki stan,F-Tohno,0,UK_McN,F-Tohno,2,1592953587
banana shiki stan,C-Nanaya,2,UK_McN,F-Tohno,0,1592953694
banana shiki stan,C-Nanaya,2,UK_McN,F-Tohno,0,1592953780
banana shiki stan,C-Nanaya,2,UK_McN,F-Tohno,1,1592953902
banana shiki stan,C-Roa,2,UK_McN,F-Tohno,0,1592954051
banana shiki stan,C-Miyako,0,UK_McN,F-Tohno,2,1592954182
banana shiki stan,C-Miyako,1,UK_McN,F-Tohno,2,1592954332
banana shiki stan,C-Kohaku,2,Chay Benji,C-Ciel,0,1593191701
banana shiki stan,C-Kohaku,1,Chay Benji,C-Ciel,2,1593191917
banana shiki stan,C-Kohaku,2,Chay Benji,C-Ciel,1,1593192117
banana shiki stan,C-Kohaku,2,Chay Benji,C-Ciel,0,1593192235
banana shiki stan,C-Kohaku,2,Chay Benji,C-Ciel,0,1593192332
banana shiki stan,C-Kohaku,2,Chay Benji,C-Ciel,0,1593192446
banana shiki stan,C-Kohaku,2,Chay Benji,C-Ciel,0,1593192589
banana shiki stan,C-Kohaku,2,Chay Benji,C-Ciel,0,1593192708
banana shiki stan,C-Kohaku,2,Chay Benji,C-Ciel,0,1593192865
banana shiki stan,C-Kohaku,2,Chay Benji,C-Ciel,0,1593193002
banana shiki stan,C-Ciel,1,Chay Benji,C-Ciel,2,1593193230
banana shiki stan,C-Ciel,2,Chay Benji,C-Ciel,1,1593193415
banana shiki stan,C-Ciel,2,Chay Benji,C-Ciel,0,1593193533
banana shiki stan,C-Ciel,2,Chay Benji,C-Ciel,0,1593193659
banana shiki stan,C-Kohaku,2,Chay Benji,C-Ciel,0,1593193866
banana shiki stan,C-Kohaku,1,Chay Benji,C-Ciel,2,1593194070
banana shiki stan,C-Kohaku,2,Chay Benji,C-Ciel,0,1593194194
banana shiki stan,C-Kohaku,2,Chay Benji,C-Ciel,0,1593194321
banana shiki stan,C-Kohaku,2,Chay Benji,C-Ciel,0,1593194454
banana shiki stan,H-Aoko,0,Chay Benji,C-Ciel,2,1593194627
banana shiki stan,H-Aoko,2,Chay Benji,C-Ciel,0,1593194771
banana shiki stan,H-Aoko,1,Chay Benji,C-Ciel,2,1593194977
banana shiki stan,H-Aoko,2,Chay Benji,C-Ciel,0,1593195139
banana shiki stan,H-Aoko,2,Chay Benji,C-Ciel,0,1593195289
banana shiki stan,H-Aoko,2,Chay Benji,C-Ciel,1,1593195470
banana shiki stan,H-Aoko,2,Chay Benji,C-Ciel,0,1593195602
banana shiki stan,H-Aoko,2,Chay Benji,C-Ciel,1,1593195827
banana shiki stan,H-Aoko,2,Chay Benji,C-Ciel,0,1593195932
banana shiki stan,H-Aoko,2,Chay Benji,C-Ciel,0,1593196037
banana shiki stan,H-Aoko,2,Chay Benji,C-Ciel,0,1593196137
banana shiki stan,H-Aoko,2,Chay Benji,C-Ciel,1,1593196373
banana shiki stan,H-Aoko,0,Chay Benji,C-Ciel,2,1593196496
banana shiki stan,H-Aoko,2,Chay Benji,C-Ciel,0,1593196635
banana shiki stan,H-Aoko,1,Chay Benji,C-Ciel,2,1593196838
banana shiki stan,H-Aoko,0,Chay Benji,C-Ciel,2,1593196977
banana shiki stan,H-Aoko,2,Chay Benji,C-Ciel,0,1593197097
banana shiki stan,H-Aoko,2,Chay Benji,C-Ciel,0,1593197219
banana shiki stan,H-Aoko,2,Chay Benji,C-Ciel,0,1593197314
banana shiki stan,H-Aoko,2,Chay Benji,C-Ciel,0,1593197512
banana shiki stan,H-Aoko,0,Chay Benji,C-Ciel,2,1593197645
banana shiki stan,H-Aoko,2,Chay Benji,C-Ciel,0,1593197754
banana shiki stan,H-Aoko,2,Chay Benji,C-Ciel,1,1593197939
banana shiki stan,C-Nanaya,2,vile-island,C-P.Ciel,0,1593210515
banana shiki stan,C-Nanaya,2,vile-island,C-P.Ciel,0,1593210631
banana shiki stan,C-Nanaya,2,vile-island,C-P.Ciel,1,1593210792
banana shiki stan,C-Nanaya,2,vile-island,C-P.Ciel,0,1593210891
banana shiki stan,C-Nanaya,2,vile-island,C-P.Ciel,0,1593210967
banana shiki stan,C-Nanaya,2,vile-island,C-P.Ciel,0,1593211100
banana shiki stan,C-Nanaya,2,vile-island,C-P.Ciel,0,1593211212
banana shiki stan,C-Nanaya,2,vile-island,C-P.Ciel,1,1593211377
banana shiki stan,C-Nanaya,2,vile-island,C-P.Ciel,0,1593211474
banana shiki stan,H-Aoko,2,Chay Benji,C-Ciel,0,1593263564
banana shiki stan,H-Aoko,1,Chay Benji,C-Ciel,2,1593263782
banana shiki stan,H-Aoko,2,Chay Benji,C-Ciel,1,1593263970
banana shiki stan,H-Aoko,1,Chay Benji,C-Ciel,2,1593264194
banana shiki stan,H-Aoko,2,Chay Benji,C-Ciel,0,1593264326
banana shiki stan,H-Aoko,0,Chay Benji,C-Ciel,2,1593264447
banana shiki stan,H-Aoko,2,Chay Benji,C-Ciel,0,1593264595
banana shiki stan,H-Aoko,2,Chay Benji,C-Ciel,1,1593264759
banana shiki stan,H-Aoko,2,Chay Benji,C-Ciel,0,1593264894
banana shiki stan,H-Aoko,2,Chay Benji,C-Ciel,0,1593265018
banana shiki stan,H-Aoko,0,Chay Benji,C-Ciel,2,1593265211
banana shiki stan,H-Aoko,2,Chay Benji,C-Ciel,1,1593265422
banana shiki stan,H-Aoko,2,Chay Benji,C-Ciel,1,1593265683
banana shiki stan,H-Aoko,2,Chay Benji,C-Ciel,0,1593265824
banana shiki stan,C-Nanaya,2,Chay Benji,C-Ciel,0,1593265919
banana shiki stan,C-Nanaya,2,Chay Benji,C-Ciel,0,1593266070
banana shiki stan,C-Nanaya,2,Chay Benji,C-Ciel,0,1593266192
banana shiki stan,C-Nanaya,2,Chay Benji,C-Ciel,0,1593266279
banana shiki stan,C-Nanaya,2,Chay Benji,C-Ciel,1,1593266442
banana shiki stan,C-Nanaya,2,Chay Benji,C-Ciel,1,1593266611
banana shiki stan,C-Nanaya,2,Chay Benji,C-Ciel,1,1593266742
banana shiki stan,C-Nanaya,2,Chay Benji,C-Ciel,0,1593266826
banana shiki stan,C-Nanaya,2,Chay Benji,C-Ciel,0,1593266959
banana shiki stan,C-Nanaya,2,Chay Benji,C-Ciel,1,1593267118
banana shiki stan,C-Nanaya,2,Chay Benji,C-Ciel,0,1593267204
banana shiki stan,C-Nanaya,2,Chay Benji,C-Ciel,0,1593267310
banana shiki stan,C-Nanaya,2,Chay Benji,C-Ciel,0,1593267418
banana shiki stan,C-Nanaya,2,Chay Benji,C-Ciel,1,1593267575
banana shiki stan,C-Nanaya,2,Chay Benji,C-Ciel,0,1593267665
banana shiki stan,C-Nanaya,2,Chay Benji,C-Ciel,0,1593267780
banana shiki stan,C-Nanaya,2,Chay Benji,C-Ciel,1,1593267950
banana shiki stan,C-Nanaya,2,Chay Benji,C-Ciel,1,1593268104
banana shiki stan,C-Nanaya,2,Chay Benji,C-Ciel,0,1593268179
banana shiki stan,C-Nanaya,2,Fat Kappa,H-Arc,0,1593281485
banana shiki stan,C-Nanaya,2,82.57.98.68,C-Sion,0,1593283970
banana shiki stan,C-Nanaya,2,82.57.98.68,C-Sion,0,1593284052
banana shiki stan,C-Nanaya,2,Change your name,C-Kouma,0,1593285104
banana shiki stan,C-Nanaya,2,Stimoro,C-Nero,1,1593287172
banana shiki stan,C-Nanaya,2,Stimoro,C-Nero,0,1593287288
banana shiki stan,C-Nanaya,2,Berschko,C-Hisui,1,1593290406
banana shiki stan,C-Nanaya,2,Berschko,C-Hisui,1,1593290601
banana shiki stan,C-Nanaya,2,Berschko,C-Hisui,0,1593290709
banana shiki stan,C-Nanaya,2,Berschko,C-Hisui,0,1593292305
banana shiki stan,C-Nanaya,2,Berschko,C-Hisui,0,1593292402
banana shiki stan,C-Nanaya,2,Stubsy,F-Aoko,0,1593364078
banana shiki stan,C-Nanaya,1,Ikanistea,C-Hisui,2,1593365189
banana shiki stan,C-Nanaya,2,Ikanistea,C-Hisui,0,1593365306
banana shiki stan,C-Nanaya,0,Draig,F-Ryougi,2,1593366308
banana shiki stan,C-Nanaya,1,Draig,F-Ryougi,2,1593366477
banana shiki stan,C-Nanaya,2,Tumbleweed!!!!!!,C-Kouma,1,1593369052
banana shiki stan,C-Nanaya,2,Tumbleweed!!!!!!,C-Kouma,0,1593369180
banana shiki stan,C-Nanaya,0,nise,H-Ryougi,2,1593369870
banana shiki stan,C-Nanaya,2,nise,H-Ryougi,0,1593369975
banana shiki stan,C-Nanaya,0,nise,H-Ryougi,2,1593370082
banana shiki stan,C-Wara,0,Stimoro,C-Kouma,2,1593370539
banana shiki stan,C-Wara,1,Stimoro,C-Kouma,2,1593370767
banana shiki stan,C-Wara,2,Stimoro,C-Kouma,0,1593370934
banana shiki stan,C-Wara,2,Stimoro,C-Kouma,1,1593371152
banana shiki stan,C-Wara,2,Stimoro,C-Kouma,0,1593371283
banana shiki stan,C-Wara,1,Stimoro,C-Kouma,2,1593371446
banana shiki stan,H-Aoko,2,Stimoro,C-Kouma,0,1593371615
banana shiki stan,H-Aoko,1,Stimoro,C-Kouma,2,1593371800
banana shiki stan,H-Aoko,0,Stimoro,C-Kouma,2,1593371955
banana shiki stan,H-Aoko,2,Stimoro,C-Kouma,1,1593372234
banana shiki stan,C-Wara,1,Stimoro,C-Kouma,2,1593372489
banana shiki stan,C-Wara,2,Stimoro,C-Kouma,1,1593372672
banana shiki stan,C-Wara,2,Stimoro,C-Kouma,0,1593372795
banana shiki stan,C-Wara,2,Stimoro,C-Kouma,1,1593372968
banana shiki stan,C-Wara,2,Stimoro,C-Kouma,1,1593373129
banana shiki stan,C-Wara,0,Stimoro,C-Kouma,2,1593373231
banana shiki stan,C-Wara,1,Stimoro,C-Kouma,2,1593373433
banana shiki stan,C-Wara,1,Stimoro,C-Kouma,2,1593373625
banana shiki stan,C-Wara,2,Stimoro,C-Kouma,1,1593373823
banana shiki stan,C-Nanaya,2,the joke character the wiki didn't tell you about,C-Warc,1,1593393455
banana shiki stan,C-Nanaya,0,the joke character the wiki didn't tell you about,C-Warc,2,1593393554
banana shiki stan,C-Nanaya,2,the joke character the wiki didn't tell you about,C-Warc,1,1593393758
banana shiki stan,C-Nanaya,1,the joke character the wiki didn't tell you about,C-Warc,2,1593393998
banana shiki stan,C-Nanaya,2,the joke character the wiki didn't tell you about,C-Warc,0,1593394136
banana shiki stan,C-Nanaya,2,the joke character the wiki didn't tell you about,C-Warc,0,1593394247
banana shiki stan,C-Nanaya,2,the joke character the wiki didn't tell you about,C-Warc,1,1593394422
banana shiki stan,C-Nanaya,2,the joke character the wiki didn't tell you about,C-Warc,0,1593394547
banana shiki stan,C-Nanaya,2,the joke character the wiki didn't tell you about,C-Warc,0,1593394627
banana shiki stan,C-Nanaya,2,the joke character the wiki didn't tell you about,C-Warc,1,1593394777
banana shiki stan,C-Nanaya,2,the joke character the wiki didn't tell you about,C-Warc,0,1593394869
banana shiki stan,C-Nanaya,1,Kler,C-Satsuki,2,1593440174
banana shiki stan,C-Nanaya,1,Kler,C-Satsuki,2,1593440338
banana shiki stan,C-Nanaya,2,Kler,C-Satsuki,1,1593440509
banana shiki stan,C-Nanaya,0,Kler,C-Satsuki,2,1593440642
banana shiki stan,C-Nanaya,0,Kler,C-Satsuki,2,1593440783
banana shiki stan,C-Nanaya,2,Kler,C-Satsuki,0,1593440876
banana shiki stan,C-Nanaya,0,Kler,C-Satsuki,2,1593440979
banana shiki stan,C-Nanaya,0,Kler,C-Satsuki,2,1593441080
banana shiki stan,C-Wara,2,Pif paf pouf,C-Kouma,0,1593472349
banana shiki stan,C-Wara,2,Pif paf pouf,C-Kouma,0,1593472509
banana shiki stan,C-Wara,2,Pif paf pouf,C-Kouma,0,1593472629
banana shiki stan,C-Wara,0,Pif paf pouf,C-Kouma,2,1593472747
banana shiki stan,C-Wara,2,Pif paf pouf,C-Kouma,1,1593472930
banana shiki stan,C-Wara,0,Pif paf pouf,C-Kouma,2,1593473034
banana shiki stan,C-Wara,0,Pif paf pouf,C-Kouma,2,1593473178
banana shiki stan,C-Wara,0,Pif paf pouf,C-Kouma,2,1593473270
banana shiki stan,C-Wara,1,Pif paf pouf,C-Kouma,2,1593473455
banana shiki stan,C-Wara,0,Pif paf pouf,C-Kouma,2,1593473582
banana shiki stan,C-Wara,1,Pif paf pouf,C-Kouma,2,1593473778
banana shiki stan,C-Wara,1,Pif paf pouf,C-Kouma,2,1593473949
banana shiki stan,C-Wara,2,Pif paf pouf,C-Kouma,0,1593474076
banana shiki stan,C-Wara,2,Pif paf pouf,C-Kouma,1,1593474230
banana shiki stan,C-Wara,0,Pif paf pouf,C-Kouma,2,1593474386
banana shiki stan,C-Wara,2,Pif paf pouf,C-Kouma,0,1593474524
banana shiki stan,C-Wara,2,Pif paf pouf,C-Kouma,0,1593474662
banana shiki stan,C-Wara,2,Pif paf pouf,C-Kouma,1,1593474861
banana shiki stan,C-Wara,1,Pif paf pouf,C-Kouma,2,1593475062
banana shiki stan,C-Wara,2,vile-island,C-P.Ciel,0,1593558647
banana shiki stan,C-Wara,2,vile-island,C-P.Ciel,1,1593558824
banana shiki stan,C-Wara,2,vile-island,C-P.Ciel,1,1593559058
banana shiki stan,C-Wara,2,vile-island,C-P.Ciel,0,1593559175
banana shiki stan,C-Wara,2,vile-island,C-P.Ciel,0,1593559312
banana shiki stan,C-Wara,2,vile-island,C-P.Ciel,0,1593559471
banana shiki stan,C-Wara,2,vile-island,C-P.Ciel,1,1593559682
banana shiki stan,C-Wara,2,vile-island,C-P.Ciel,0,1593559793
banana shiki stan,C-Wara,2,vile-island,C-P.Ciel,0,1593559942
banana shiki stan,C-Wara,1,vile-island,C-P.Ciel,2,1593560180
banana shiki stan,C-Wara,2,vile-island,C-P.Ciel,0,1593560342
banana shiki stan,C-Wara,2,vile-island,C-P.Ciel,0,1593560469
banana shiki stan,C-Wara,2,vile-island,C-P.Ciel,0,1593560612
banana shiki stan,C-Wara,2,vile-island,C-P.Ciel,0,1593560773
banana shiki stan,C-Wara,2,vile-island,C-P.Ciel,0,1593560921
banana shiki stan,C-Nanaya,2,Stimoro,C-Satsuki,1,1593636228
banana shiki stan,C-Nanaya,2,Stimoro,C-Satsuki,0,1593636490
banana shiki stan,C-Nanaya,2,Stimoro,C-Satsuki,0,1593636649
banana shiki stan,C-Nanaya,0,Stimoro,C-Satsuki,2,1593636793
banana shiki stan,C-Nanaya,2,Stimoro,C-Satsuki,0,1593636925
banana shiki stan,C-Nanaya,2,Stimoro,C-Satsuki,0,1593637015
banana shiki stan,C-Nanaya,2,Stimoro,C-Satsuki,0,1593637149
banana shiki stan,C-Nanaya,2,Stimoro,C-Satsuki,1,1593637296
banana shiki stan,C-Nanaya,2,Stimoro,C-Satsuki,1,1593637476
banana shiki stan,C-Nanaya,2,Stimoro,C-Satsuki,0,1593637568
banana shiki stan,C-Nanaya,2,Stimoro,C-Satsuki,0,1593637723
banana shiki stan,C-Nanaya,2,Stimoro,C-Satsuki,1,1593637936
banana shiki stan,C-Nanaya,2,Stimoro,C-Satsuki,1,1593638117
banana shiki stan,C-Nanaya,2,Stimoro,C-Satsuki,1,1593638314
banana shiki stan,C-Nanaya,2,Stimoro,C-Satsuki,0,1593638410
banana shiki stan,C-Nanaya,2,Stimoro,C-Satsuki,1,1593638631
banana shiki stan,C-Nanaya,2,Stimoro,C-Satsuki,0,1593638739
banana shiki stan,C-Nanaya,2,Stimoro,C-Satsuki,1,1593638921
banana shiki stan,C-Nanaya,2,Stimoro,C-Satsuki,0,1593639074
banana shiki stan,C-Nanaya,2,Stimoro,C-Satsuki,1,1593639267
banana shiki stan,C-Nanaya,2,Stimoro,C-Satsuki,1,1593639492
banana shiki stan,C-Nanaya,2,Stimoro,C-Satsuki,1,1593639664
banana shiki stan,C-Nanaya,0,Stimoro,C-Satsuki,2,1593639773
banana shiki stan,C-Nanaya,2,Stimoro,C-Satsuki,1,1593639993
banana shiki stan,C-Nanaya,2,Stimoro,C-Satsuki,1,1593640175
banana shiki stan,C-Nanaya,2,Stimoro,C-Satsuki,0,1593640318
banana shiki stan,C-Nanaya,2,Stimoro,C-Satsuki,1,1593640485
banana shiki stan,C-Nanaya,2,Stimoro,C-Satsuki,0,1593640637
banana shiki stan,C-Nanaya,0,Stimoro,C-Satsuki,2,1593640739
banana shiki stan,C-Nanaya,2,Stimoro,C-Satsuki,0,1593640860
banana shiki stan,C-Nanaya,2,Stimoro,C-Satsuki,0,1593641015
banana shiki stan,C-Nanaya,2,Stimoro,C-Satsuki,0,1593641159
banana shiki stan,C-Nanaya,2,Stimoro,C-Satsuki,0,1593641277
banana shiki stan,C-Nanaya,2,Stimoro,C-Satsuki,0,1593641413
banana shiki stan,C-Nanaya,2,Stimoro,C-Satsuki,1,1593641673
banana shiki stan,C-Nanaya,1,Stimoro,C-Satsuki,2,1593641932
banana shiki stan,C-Nanaya,2,Stimoro,C-Satsuki,1,1593642174
banana shiki stan,C-Nanaya,0,Stimoro,C-Satsuki,2,1593642357
banana shiki stan,C-Nanaya,0,Stimoro,C-Satsuki,2,1593642466
banana shiki stan,C-Nanaya,2,Stimoro,C-Satsuki,0,1593642584
banana shiki stan,C-Nanaya,2,Stimoro,C-Satsuki,0,1593642732
banana shiki stan,C-Nanaya,1,Stimoro,C-Satsuki,2,1593642926
banana shiki stan,C-Nanaya,0,Stimoro,C-Satsuki,2,1593643025
banana shiki stan,C-Nanaya,2,Stimoro,C-Satsuki,0,1593643148
banana shiki stan,C-Nanaya,2,Stimoro,C-Satsuki,1,1593643288
banana shiki stan,C-Nanaya,0,Stimoro,C-Satsuki,2,1593643440
banana shiki stan,C-Nanaya,2,Stimoro,C-Satsuki,0,1593643595
banana shiki stan,C-Nanaya,2,Stimoro,C-Satsuki,1,1593643755
banana shiki stan,C-Nanaya,1,M Ryougi,C-Ryougi,2,1593704154
banana shiki stan,C-Nanaya,0,M Ryougi,C-Ryougi,2,1593704285
banana shiki stan,C-Nanaya,1,M Ryougi,C-Ryougi,2,1593704439
banana shiki stan,C-Nanaya,1,M Ryougi,C-Ryougi,2,1593704634
banana shiki stan,C-Nanaya,1,M Ryougi,C-Ryougi,2,1593704807
banana shiki stan,C-Nanaya,2,M Ryougi,C-Ryougi,0,1593704931
banana shiki stan,C-Nanaya,2,M Ryougi,C-Ryougi,0,1593705067
banana shiki stan,C-Nanaya,2,M Ryougi,C-Ryougi,0,1593705191
banana shiki stan,C-Nanaya,0,M Ryougi,C-Ryougi,2,1593705311
banana shiki stan,C-Nanaya,2,Deevan,H-Akiha,1,1593717385
banana shiki stan,C-Nanaya,2,Deevan,H-Akiha,1,1593717569
banana shiki stan,C-Nanaya,2,Deevan,H-Akiha,0,1593717694
banana shiki stan,C-Nanaya,2,Deevan,C-Warc,1,1593717906
banana shiki stan,C-Nanaya,2,Deevan,C-Warc,0,1593718069
banana shiki stan,C-Nanaya,2,Deevan,C-Warc,0,1593718173
banana shiki stan,C-Nanaya,2,Deevan,C-Warc,0,1593718253
banana shiki stan,C-Nanaya,2,Deevan,C-Warc,0,1593718361
banana shiki stan,C-Nanaya,2,Deevan,C-Warc,1,1593718562
banana shiki stan,C-Nanaya,2,Deevan,C-Warc,1,1593718727
banana shiki stan,C-Nanaya,1,nise,H-Ryougi,2,1593719071
banana shiki stan,C-Nanaya,2,nise,H-Ryougi,1,1593719238
banana shiki stan,C-Nanaya,0,nise,H-Ryougi,2,1593719330
banana shiki stan,C-Nanaya,2,nise,H-Ryougi,1,1593719436
banana shiki stan,C-Nanaya,1,nise,H-Ryougi,2,1593719608
banana shiki stan,C-Nanaya,1,nise,H-Ryougi,2,1593719769
banana shiki stan,C-Nanaya,0,nise,H-Ryougi,2,1593719900
banana shiki stan,C-Nanaya,2,nise,H-Ryougi,1,1593720088
banana shiki stan,C-Nanaya,0,nise,H-Ryougi,2,1593720192
banana shiki stan,C-Nanaya,0,nise,H-Ryougi,2,1593720265
banana shiki stan,C-Nanaya,1,nise,H-Ryougi,2,1593720447
banana shiki stan,C-Nanaya,1,nise,H-Ryougi,2,1593720610
banana shiki stan,C-Nanaya,1,nise,H-Ryougi,2,1593720765
banana shiki stan,C-Nanaya,2,nise,H-Ryougi,1,1593720912
banana shiki stan,C-Nanaya,0,Gibins,C-Aoko,2,1593731015
banana shiki stan,C-Nanaya,2,Gibins,C-Aoko,1,1593731142
banana shiki stan,C-Nanaya,1,Gibins,C-Aoko,2,1593731344
banana shiki stan,C-Nanaya,1,Gibins,C-Aoko,2,1593731573
banana shiki stan,C-Nanaya,2,Gibins,C-Aoko,1,1593731741
banana shiki stan,C-Nanaya,2,Gibins,C-Aoko,1,1593731956
banana shiki stan,C-Nanaya,2,Gibins,C-Aoko,0,1593732068
banana shiki stan,C-Nanaya,2,Gibins,C-Aoko,0,1593732188
banana shiki stan,C-Nanaya,2,Gibins,C-Aoko,0,1593732304
banana shiki stan,C-Nanaya,0,Gibins,C-Aoko,2,1593732402
banana shiki stan,C-Nanaya,1,Gibins,C-Aoko,2,1593732598
banana shiki stan,C-Nanaya,2,Gibins,C-Aoko,0,1593732727
banana shiki stan,C-Nanaya,2,Gibins,C-Aoko,1,1593732902
banana shiki stan,C-Nanaya,1,Gibins,C-Aoko,2,1593733061
banana shiki stan,C-Nanaya,1,Gibins,C-Aoko,2,1593733234
banana shiki stan,C-Nanaya,2,Gibins,C-Aoko,1,1593733369
banana shiki stan,C-Nanaya,2,Gibins,C-Aoko,0,1593733480
banana shiki stan,C-Nanaya,2,Chay Benji,F-P.Ciel,0,1593735734
banana shiki stan,C-Nanaya,2,Chay Benji,F-P.Ciel,1,1593735899
banana shiki stan,C-Nanaya,2,Chay Benji,F-P.Ciel,0,1593735975
banana shiki stan,C-Nanaya,2,Chay Benji,F-P.Ciel,0,1593736119
banana shiki stan,C-Nanaya,2,Chay Benji,F-P.Ciel,0,1593736197
banana shiki stan,C-Wara,2,Chay Benji,F-P.Ciel,1,1593736383
banana shiki stan,C-Wara,2,Chay Benji,F-P.Ciel,1,1593736596
banana shiki stan,C-Wara,0,Chay Benji,F-P.Ciel,2,1593736749
banana shiki stan,C-Wara,2,Chay Benji,F-P.Ciel,0,1593736884
banana shiki stan,C-Wara,2,Chay Benji,F-P.Ciel,1,1593737078
banana shiki stan,C-Wara,1,Chay Benji,F-P.Ciel,2,1593737264
banana shiki stan,C-Nanaya,2,Chay Benji,F-P.Ciel,1,1593876426
banana shiki stan,C-Nanaya,2,Chay Benji,F-P.Ciel,0,1593876548
banana shiki stan,C-Nanaya,2,Chay Benji,F-P.Ciel,0,1593876696
banana shiki stan,C-Nanaya,2,Chay Benji,F-P.Ciel,1,1593876907
banana shiki stan,C-Nanaya,2,Chay Benji,F-P.Ciel,0,1593877063
banana shiki stan,C-Nanaya,2,Stimoro,C-Satsuki,0,1593879784
banana shiki stan,C-Nanaya,2,Stimoro,C-Satsuki,1,1593880014
banana shiki stan,C-Nanaya,2,Stimoro,C-Satsuki,1,1593880233
banana shiki stan,C-Nanaya,2,Stimoro,C-Satsuki,1,1593880393
banana shiki stan,C-Nanaya,1,Stimoro,C-Satsuki,2,1593880634
banana shiki stan,C-Nanaya,2,Stimoro,C-Satsuki,0,1593880727
banana shiki stan,C-Nanaya,2,Stimoro,C-Satsuki,1,1593880899
banana shiki stan,C-Nanaya,2,Stimoro,C-Satsuki,1,1593881083
banana shiki stan,C-Nanaya,2,Stimoro,C-Satsuki,1,1593881268
banana shiki stan,C-Nanaya,2,Stimoro,C-Satsuki,0,1593881405
banana shiki stan,C-Nanaya,2,Stimoro,C-Satsuki,0,1593881533
banana shiki stan,C-Nanaya,2,Stimoro,C-Satsuki,1,1593881725
banana shiki stan,C-Nanaya,0,Stimoro,C-Satsuki,2,1593881867
banana shiki stan,C-Nanaya,0,Stimoro,C-Satsuki,2,1593881981
banana shiki stan,C-Nanaya,1,Stimoro,C-Satsuki,2,1593882175
banana shiki stan,C-Nanaya,0,Stimoro,C-Satsuki,2,1593882324
banana shiki stan,C-Tohno,1,Stimoro,C-Satsuki,2,1593882557
banana shiki stan,C-Tohno,2,Stimoro,C-Satsuki,0,1593882745
banana shiki stan,C-Tohno,0,Stimoro,C-Satsuki,2,1593882915
banana shiki stan,C-Tohno,2,Stimoro,C-Satsuki,0,1593883073
banana shiki stan,C-Tohno,0,Stimoro,C-Satsuki,2,1593883233
banana shiki stan,C-Tohno,1,Stimoro,C-Satsuki,2,1593883437
banana shiki stan,C-Nanaya,2,Stimoro,C-Satsuki,1,1593883648
banana shiki stan,C-Nanaya,2,Stimoro,C-Satsuki,1,1593883802
banana shiki stan,C-Nanaya,2,Stimoro,C-Satsuki,1,1593883986
banana shiki stan,C-Nanaya,1,Stimoro,C-Satsuki,2,1593884171
banana shiki stan,C-Nanaya,0,Stimoro,C-Satsuki,2,1593884302
banana shiki stan,C-Nanaya,2,Stimoro,C-Satsuki,0,1593884427
banana shiki stan,C-Nanaya,2,Stimoro,C-Satsuki,0,1593884590
banana shiki stan,C-Nanaya,2,Stimoro,C-Satsuki,0,1593884701
banana shiki stan,C-Nanaya,2,Stimoro,C-Satsuki,1,1593884910
banana shiki stan,C-Nanaya,0,Stimoro,C-Satsuki,2,1593885055
banana shiki stan,C-Nanaya,2,Stimoro,C-Satsuki,0,1593885188
banana shiki stan,C-Nanaya,1,Stimoro,C-Satsuki,2,1593885369
banana shiki stan,C-Nanaya,2,Stimoro,C-Satsuki,0,1593885473
banana shiki stan,C-Nanaya,1,Stimoro,C-Satsuki,2,1593885658
banana shiki stan,C-Satsuki,2,Stimoro,C-Satsuki,1,1593885892
banana shiki stan,C-Satsuki,2,Stimoro,C-Satsuki,1,1593886090
banana shiki stan,C-Satsuki,1,Stimoro,C-Satsuki,2,1593886274
banana shiki stan,C-Satsuki,0,Stimoro,C-Satsuki,2,1593886426
banana shiki stan,C-Satsuki,0,Stimoro,C-Satsuki,2,1593886546
banana shiki stan,C-Satsuki,2,Stimoro,C-Satsuki,1,1593886768
banana shiki stan,C-Satsuki,0,Stimoro,C-Satsuki,2,1593886889
banana shiki stan,C-Satsuki,2,Stimoro,C-Satsuki,1,1593887073
paddu,C-Nanaya,2,EIiitti,C-Kohaku,1,1593893982
paddu,C-Nanaya,0,EIiitti,C-Kohaku,2,1593894117
paddu,C-Nanaya,2,EIiitti,C-Kohaku,0,1593894253
paddu,C-Nanaya,2,EIiitti,C-Kohaku,1,1593894366
paddu,C-Nanaya,0,EIiitti,C-Kohaku,2,1593894478
paddu,C-Nanaya,2,EIiitti,C-Kohaku,0,1593894612
paddu,C-Nanaya,2,EIiitti,C-Kohaku,0,1593894741
paddu,C-Nanaya,0,EIiitti,C-Kohaku,2,1593894867
paddu,C-Nanaya,0,EIiitti,C-Kohaku,2,1593894989
paddu,C-Nanaya,1,EIiitti,C-Kohaku,2,1593895158
paddu,C-Nanaya,1,EIiitti,C-Kohaku,2,1593895295
paddu,C-Nanaya,1,nise,F-Ryougi,2,1593912691
paddu,C-Nanaya,1,nise,F-Ryougi,2,1593912859
paddu,C-Nanaya,1,nise,F-Ryougi,2,1593912978
paddu,C-Nanaya,1,nise,F-Ryougi,2,1593913118
paddu,C-Nanaya,2,nise,F-Ryougi,1,1593913249
paddu,C-Nanaya,0,nise,F-Ryougi,2,1593913366
paddu,C-Nanaya,1,nise,F-Ryougi,2,1593913517
paddu,C-Nanaya,0,nise,F-Ryougi,2,1593913637
paddu,C-Nanaya,0,nise,F-Ryougi,2,1593913783
paddu,C-Nanaya,0,nise,F-Ryougi,2,1593913865
paddu,C-Nanaya,0,nise,F-Ryougi,2,1593913936
paddu,C-Nanaya,0,nise,F-Ryougi,2,1593914033
paddu,C-Nanaya,0,nise,F-Ryougi,2,1593914135
paddu,C-Nanaya,2,nise,F-Ryougi,0,1593914210
paddu,C-Nanaya,1,nise,F-Ryougi,2,1593914380
paddu,C-Nanaya,0,nise,F-Ryougi,2,1593914627
paddu,C-Nanaya,0,nise,F-Ryougi,2,1593914749
paddu,C-Nanaya,2,nise,F-Ryougi,0,1593914895
paddu,C-Nanaya,2,Samosiv,F-Akiha,0,1593956863
paddu,C-Nanaya,2,Samosiv,F-Akiha,0,1593956984
paddu,C-Nanaya,2,Samosiv,F-Akiha,0,1593957127
paddu,C-Nanaya,2,Samosiv,F-Akiha,1,1593957329
paddu,C-Nanaya,0,Samosiv,F-Akiha,2,1593957465
paddu,C-Nanaya,2,Samosiv,F-Akiha,0,1593957591
paddu,C-Nanaya,2,Samosiv,F-Akiha,1,1593957793
paddu,C-Nanaya,2,Stubsy,F-Aoko,0,1593972382
paddu,C-Nanaya,2,Stubsy,F-Aoko,0,1593972497
paddu,C-Nanaya,2,Pif paf pouf,C-Kouma,0,1593973245
paddu,C-Nanaya,1,Pif paf pouf,C-Kouma,2,1593973427
paddu,C-Nanaya,0,Pif paf pouf,C-Kouma,2,1593973493
paddu,C-Nanaya,2,Change your name,H-P.Ciel,1,1593973733
paddu,C-Nanaya,2,Change your name,H-P.Ciel,0,1593973811
paddu,C-Nanaya,0,Berschko,C-Hisui,2,1593974034
paddu,C-Nanaya,2,Berschko,C-Hisui,0,1593974127
paddu,C-Nero,2,Stimoro,C-Satsuki,0,1594070222
paddu,C-Nero,2,Stimoro,C-Satsuki,1,1594070430
paddu,C-Nero,0,Stimoro,C-Satsuki,2,1594070569
paddu,C-Nero,2,Stimoro,C-Satsuki,1,1594070830
paddu,C-Nero,2,Stimoro,C-Satsuki,1,1594071050
paddu,C-Nero,2,Stimoro,C-Satsuki,0,1594071205
paddu,C-Nero,0,Stimoro,C-Satsuki,2,1594071360
paddu,C-Nero,2,Stimoro,C-Satsuki,0,1594071522
paddu,C-Nero,2,Stimoro,C-Satsuki,0,1594071683
paddu,C-Nero,0,Stimoro,C-Satsuki,2,1594071798
paddu,C-Nero,2,Stimoro,C-Satsuki,1,1594072009
paddu,C-Nero,2,Stimoro,C-Satsuki,1,1594072232
paddu,C-Nero,1,Stimoro,C-Satsuki,2,1594072466
paddu,C-Nero,0,Stimoro,C-Satsuki,2,1594072679
paddu,C-Nero,2,Stimoro,C-Satsuki,0,1594072804
paddu,C-Nero,2,Stimoro,C-Satsuki,1,1594073030
paddu,C-Nero,0,Stimoro,C-Satsuki,2,1594073157
paddu,C-Nero,2,Stimoro,C-Satsuki,1,1594073411
paddu,C-Nero,2,Stimoro,C-Satsuki,0,1594073540
paddu,C-Nero,2,Stimoro,C-Satsuki,1,1594073762
paddu,C-Nero,2,Stimoro,C-Satsuki,1,1594073945
paddu,C-Nero,1,Stimoro,C-Satsuki,2,1594074143
paddu,C-Nero,2,Stimoro,C-Satsuki,1,1594074345
paddu,C-Nero,2,Stimoro,C-Satsuki,1,1594074508
paddu,C-Nero,1,Stimoro,C-Satsuki,2,1594079842
paddu,C-Nero,2,Stimoro,C-Satsuki,0,1594079952
paddu,C-Nero,2,Stimoro,C-Satsuki,1,1594080172
paddu,C-Nero,2,Stimoro,C-Satsuki,1,1594080394
paddu,C-Nero,2,Stimoro,C-Satsuki,0,1594080501
paddu,C-Nero,2,Stimoro,C-Satsuki,1,1594080746
paddu,C-Nero,1,Stimoro,C-Satsuki,2,1594080987
paddu,C-Nero,1,Stimoro,C-Satsuki,2,1594081204
paddu,C-Nero,1,Stimoro,C-Satsuki,2,1594081460
paddu,C-Nero,2,Stimoro,C-Satsuki,0,1594081598
paddu,C-Nero,2,Stimoro,C-Satsuki,1,1594081756
paddu,C-Nero,1,Stimoro,C-Satsuki,2,1594081967
paddu,C-Nero,1,Stimoro,C-Satsuki,2,1594082206
paddu,C-Nero,2,Stimoro,C-Satsuki,1,1594082450
paddu,C-Nero,2,Stimoro,C-Satsuki,0,1594082571
paddu,C-Nero,2,Chay Benji,C-Ciel,0,1594154753
paddu,C-Nero,1,Chay Benji,C-Ciel,2,1594154937
paddu,C-Nero,2,Chay Benji,C-Ciel,0,1594155058
paddu,C-Nero,1,Chay Benji,C-Ciel,2,1594155280
paddu,C-Nero,2,Chay Benji,C-Ciel,0,1594155367
paddu,C-Nero,2,Chay Benji,C-Ciel,0,1594155504
paddu,C-Nero,2,Chay Benji,C-Ciel,1,1594155701
paddu,C-Nero,2,Chay Benji,C-Ciel,0,1594155845
paddu,C-Nero,2,Chay Benji,C-Ciel,0,1594155993
paddu,C-Nero,2,Chay Benji,C-Ciel,0,1594156117
paddu,C-Nero,2,Chay Benji,C-Ciel,0,1594156244
paddu,C-Nero,2,Chay Benji,C-Ciel,0,1594156366
paddu,C-Nero,2,Chay Benji,C-Ciel,1,1594156542
paddu,C-Nero,2,Chay Benji,C-Ciel,0,1594156672
paddu,C-Nero,2,Chay Benji,C-Ciel,1,1594156832
paddu,C-Nero,2,Chay Benji,C-Ciel,0,1594156986
paddu,C-Nero,1,Chay Benji,C-Ciel,2,1594157198
paddu,C-Nero,2,Chay Benji,C-Ciel,0,1594157331
paddu,C-Nero,2,Chay Benji,C-Ciel,0,1594157468
paddu,C-Nero,2,Chay Benji,C-Ciel,1,1594157664
paddu,C-Nero,2,Chay Benji,C-Ciel,0,1594157782
paddu,C-Nero,0,Chay Benji,C-Ciel,2,1594157935
paddu,C-Nero,2,Chay Benji,C-Ciel,1,1594158134
paddu,C-Nero,2,Chay Benji,C-Ciel,0,1594158253
paddu,C-Nero,2,Chay Benji,C-Ciel,0,1594158361
paddu,C-Nero,2,Chay Benji,C-Ciel,0,1594158493
paddu,C-Nero,2,Chay Benji,C-Ciel,0,1594158626
paddu,C-Nero,2,Chay Benji,C-Ciel,0,1594158764
paddu,C-Nero,2,Chay Benji,C-Ciel,0,1594158917
paddu,C-Nero,2,Chay Benji,C-Ciel,0,1594159040
paddu,C-Nero,2,Chay Benji,C-Ciel,1,1594159190
paddu,C-Nero,2,Chay Benji,C-Ciel,1,1594159422
paddu,C-Nero,2,Chay Benji,C-Ciel,0,1594159544
paddu,C-Nero,2,Chay Benji,C-Ciel,1,1594159749
paddu,C-Nero,2,Chay Benji,C-Ciel,1,1594159955
paddu,C-Nero,2,Chay Benji,C-Ciel,1,1594160147
paddu,C-Nero,2,Chay Benji,C-Ciel,0,1594160222
paddu,C-Nero,2,Chay Benji,C-Ciel,1,1594160387
paddu,C-Nero,0,Chay Benji,C-Ciel,2,1594160518
paddu,C-Nero,2,Chay Benji,C-Ciel,0,1594160603
paddu,C-Nero,2,Chay Benji,C-Ciel,0,1594160732
paddu,C-Nero,2,Chay Benji,C-Ciel,0,1594160845
paddu,C-Nero,2,Chay Benji,C-Ciel,0,1594160984
paddu,C-Nero,2,Chay Benji,C-Ciel,1,1594161132
paddu,C-Nero,2,Chay Benji,C-Ciel,1,1594161306
paddu,C-Nero,2,Chay Benji,C-Ciel,0,1594161450
paddu,C-Nero,1,Chay Benji,C-Ciel,2,1594161677
paddu,C-Nero,1,Chay Benji,C-Ciel,2,1594161887
paddu,C-Nero,2,Chay Benji,C-Ciel,0,1594162024
paddu,C-Nero,1,Chay Benji,C-Ciel,2,1594162214
paddu,C-Nero,2,Chay Benji,C-Ciel,1,1594162389
paddu,C-Nero,2,Chay Benji,C-Ciel,0,1594162530
paddu,C-Nero,2,Chay Benji,C-Ciel,1,1594162690
paddu,C-Nero,2,Chay Benji,C-Ciel,1,1594162852
paddu,C-Nero,2,Chay Benji,C-Ciel,0,1594162965
paddu,C-Nero,2,Chay Benji,C-Ciel,0,1594163073
paddu,C-Nero,1,Chay Benji,C-Ciel,2,1594163219
paddu,C-Nero,2,Chay Benji,C-Ciel,1,1594163431
paddu,C-Nero,0,Chay Benji,C-Ciel,2,1594163566
paddu,C-Nero,2,Chay Benji,C-Ciel,1,1594163791
paddu,C-Nero,2,Teaman,F-Ries,1,1594247369
paddu,C-Nero,2,Teaman,F-Ries,0,1594247475
paddu,C-Nero,2,Teaman,F-Ries,0,1594247582
paddu,C-Nero,2,Teaman,F-Ries,1,1594247780
paddu,C-Nero,1,Teaman,F-Ries,2,1594248021
paddu,C-Nero,2,Oooops27,C-Aoko,1,1594271819
paddu,C-Nero,2,Deevan,H-Akiha,0,1594323728
paddu,C-Nero,2,Deevan,H-Akiha,0,1594323878
paddu,C-Nero,2,Deevan,H-Akiha,0,1594324012
paddu,C-Nero,2,Deevan,H-Akiha,0,1594324132
paddu,C-Nero,2,Deevan,H-Akiha,0,1594324241
paddu,C-Nero,2,Deevan,H-Akiha,0,1594324385
paddu,C-Nero,2,Deevan,H-Akiha,0,1594324507
paddu,C-Nero,2,Deevan,H-Akiha,0,1594324637
paddu,C-Nero,2,Deevan,H-Akiha,0,1594324770
paddu,C-Nero,2,Deevan,H-Akiha,0,1594324916
paddu,C-Nero,2,Deevan,H-Warc,0,1594325041
paddu,C-Nero,2,Deevan,H-Warc,0,1594325151
paddu,C-Nero,2,Deevan,H-Warc,0,1594325240
paddu,C-Nero,2,Deevan,H-Warc,0,1594325322
paddu,C-Nero,2,Deevan,H-Warc,0,1594325433
paddu,C-Nero,2,Deevan,H-Warc,0,1594325547
paddu,C-Nero,2,Deevan,H-Warc,0,1594325683
paddu,C-Nero,2,Deevan,H-Warc,0,1594325814
paddu,C-Nero,2,Deevan,H-Warc,0,1594325907
paddu,C-Nero,2,Deevan,C-Arc,0,1594326041
paddu,C-Nero,2,Stimoro,C-Satsuki,1,1594327458
paddu,C-Nero,1,Stimoro,C-Satsuki,2,1594327647
paddu,C-Nero,2,Stimoro,C-Satsuki,0,1594327795
paddu,C-Nero,1,Stimoro,C-Satsuki,2,1594327993
paddu,C-Nero,2,Stimoro,C-Satsuki,1,1594328247
paddu,C-Nero,0,Stimoro,C-Satsuki,2,1594328410
paddu,C-Nero,2,Stimoro,C-Satsuki,1,1594328621
paddu,C-Nero,2,Stimoro,C-Satsuki,0,1594328775
paddu,C-Nero,1,Stimoro,C-Satsuki,2,1594328967
paddu,C-Nero,2,Stimoro,C-Satsuki,0,1594329092
paddu,C-Nero,2,Stimoro,C-Satsuki,0,1594329271
paddu,C-Nero,2,Stimoro,C-Satsuki,1,1594329416
paddu,C-Nero,2,Stimoro,C-Satsuki,0,1594329566
paddu,C-Nero,2,Stimoro,C-Satsuki,1,1594329715
paddu,C-Nero,1,Stimoro,C-Satsuki,2,1594329911
paddu,C-Nero,0,Stimoro,C-Satsuki,2,1594330024
paddu,C-Nero,2,Stimoro,C-Satsuki,0,1594330181
paddu,C-Nero,0,Stimoro,C-Satsuki,2,1594330391
paddu,C-Nero,2,Stimoro,C-Satsuki,0,1594330564
paddu,C-Nero,2,Stimoro,C-Satsuki,1,1594330809
paddu,C-Nero,2,Stimoro,C-Satsuki,1,1594331008
paddu,C-Nero,2,Stimoro,C-Satsuki,0,1594331147
paddu,C-Nero,0,Stimoro,C-Satsuki,2,1594331289
paddu,C-Nero,1,Stimoro,C-Satsuki,2,1594331472
paddu,C-Nero,2,Stimoro,C-Satsuki,0,1594331598
paddu,C-Nero,2,Stimoro,C-Satsuki,0,1594331739
paddu,C-Nero,2,Stimoro,C-Satsuki,1,1594331955
paddu,C-Nero,1,Stimoro,C-Satsuki,2,1594332188
paddu,C-Nero,2,Stimoro,C-Satsuki,1,1594332409
paddu,C-Nero,1,Stimoro,C-Satsuki,2,1594332694
paddu,C-Nero,2,Stimoro,C-Satsuki,0,1594332846
paddu,C-Nero,2,Stimoro,C-Satsuki,1,1594333063
paddu,C-Nero,2,Change your name,F-Aoko,1,1594371067
paddu,C-Nero,2,Change your name,F-Aoko,0,1594371154
paddu,C-Nero,2,Change your name,F-Aoko,0,1594371244
paddu,C-Nero,2,Change your name,F-Aoko,0,1594371325
paddu,C-Nero,2,Change your name,F-Aoko,0,1594371416
paddu,C-Nero,2,Change your name,F-Aoko,0,1594371536
paddu,C-Nero,2,Change your name,F-Aoko,0,1594371646
paddu,C-Nero,2,Change your name,F-Aoko,0,1594371735
paddu,C-Nero,2,Change your name,F-Aoko,0,1594371830
paddu,C-Nero,2,Change your name,F-Aoko,0,1594371898
paddu,C-Nero,2,Change your name,F-Aoko,0,1594372021
paddu,C-Nero,2,Change your name,F-Aoko,1,1594372218
paddu,C-Nero,2,Change your name,F-Aoko,1,1594372365
paddu,C-Nero,2,Change your name,F-Aoko,0,1594372454
paddu,C-Nero,2,Change your name,F-Aoko,0,1594372579
paddu,C-Nero,2,Change your name,F-Aoko,0,1594372703
paddu,C-Nero,2,Change your name,F-Aoko,0,1594372796
paddu,C-Nero,2,Change your name,F-Aoko,0,1594372883
paddu,C-Nero,2,Stimoro,C-Satsuki,1,1594404825
paddu,C-Nero,0,Stimoro,C-Satsuki,2,1594405004
paddu,C-Nero,2,Stimoro,C-Satsuki,0,1594405154
paddu,C-Nero,2,TheGhost,H-V.Sion,0,1594406400
paddu,C-Nero,2,TheGhost,H-V.Sion,1,1594406582
paddu,C-Nero,0,nise,H-Ryougi,2,1594407707
paddu,C-Nero,0,nise,H-Ryougi,2,1594407844
paddu,C-Nero,2,Draig,F-Ryougi,1,1594408740
paddu,C-Nero,0,Draig,F-Ryougi,2,1594408852
paddu,C-Nero,1,Draig,F-Ryougi,2,1594409083
paddu,C-Nero,0,Aurablitz,H-W.Len,2,1594417545
paddu,C-Nero,2,Aurablitz,H-W.Len,1,1594417778
paddu,C-Nero,2,Aurablitz,H-W.Len,0,1594417963
paddu,C-Nero,1,Aurablitz,H-W.Len,2,1594418212
paddu,C-Nero,2,Aurablitz,H-W.Len,1,1594418462
paddu,C-Nero,2,Aurablitz,H-W.Len,1,1594418689
paddu,C-Nero,1,Aurablitz,C-Nanaya,2,1594418886
paddu,C-Nero,0,Aurablitz,C-Nanaya,2,1594419008
paddu,C-Nero,1,Aurablitz,C-Nanaya,2,1594419182
paddu,C-Nanaya,1,Aurablitz,C-Nanaya,2,1594419336
paddu,C-Nanaya,1,Aurablitz,C-Nanaya,2,1594419469
paddu,C-Nero,1,Aurablitz,H-Roa,2,1594419667
paddu,C-Nero,2,Aurablitz,H-Roa,1,1594419895
paddu,C-Nero,1,Aurablitz,H-Roa,2,1594420090
paddu,C-Nero,0,Aurablitz,H-Roa,2,1594420215
paddu,C-Nero,2,Aurablitz,C-Nanaya,1,1594420453
paddu,C-Nero,1,Aurablitz,C-Nanaya,2,1594420611
paddu,C-Nero,0,Aurablitz,C-Nanaya,2,1594420741
paddu,C-Nero,1,Aurablitz,C-Nanaya,2,1594420963
paddu,C-Nero,2,Aurablitz,C-Nanaya,1,1594421159
paddu,C-Nero,0,Aurablitz,C-Nanaya,2,1594421272
paddu,C-Nero,0,Aurablitz,C-Nanaya,2,1594421401
paddu,C-Nero,0,Aurablitz,C-Nanaya,2,1594421536
paddu,C-Nero,0,Aurablitz,C-Nanaya,2,1594421654
paddu,C-Nero,2,Aurablitz,C-Nanaya,0,1594421772
paddu,C-Nero,0,Aurablitz,C-Nanaya,2,1594421900
paddu,C-Nero,0,Aurablitz,C-Nanaya,2,1594422049
paddu,C-Nero,0,banan,C-Akiha,2,1594425664
paddu,C-Nero,0,banan,C-Akiha,2,1594425816
paddu,C-Nero,2,banan,C-Akiha,0,1594425995
paddu,C-Nero,1,banan,C-Akiha,2,1594426234
paddu,C-Nero,2,banan,C-Akiha,1,1594426456
paddu,C-Nero,0,banan,C-Akiha,2,1594426602
paddu,C-Nero,2,banan,C-Akiha,1,1594426773
paddu,C-Nero,1,banan,C-Akiha,2,1594427001
paddu,C-Nero,0,banan,C-Akiha,2,1594427204
paddu,C-Nero,2,banan,C-Akiha,0,1594427330
paddu,C-Nero,1,banan,C-Akiha,2,1594427516
paddu,C-Nero,0,banan,C-Akiha,2,1594427677
paddu,C-Nero,1,banan,C-Akiha,2,1594427898
paddu,C-Nero,1,banan,C-Akiha,2,1594428103
paddu,C-Nero,1,banan,C-Akiha,2,1594428333
paddu,C-Nero,2,banan,C-Akiha,0,1594428484
paddu,C-Nero,1,banan,C-Sion,2,1594428671
paddu,C-Nero,1,banan,C-Sion,2,1594428880
paddu,C-Nero,1,banan,C-Sion,2,1594429107
paddu,C-Nero,1,banan,C-Sion,2,1594429306
paddu,C-Nero,1,banan,C-Sion,2,1594429531
paddu,C-Nero,2,banan,C-Sion,0,1594429683
paddu,C-Nero,0,banan,C-Sion,2,1594429766
paddu,C-Nero,0,banan,C-Sion,2,1594429937
paddu,C-Nero,0,banan,C-Sion,2,1594430075
paddu,C-Nero,2,Razya,C-Nanaya,0,1594467003
paddu,C-Nero,2,Razya,C-Nanaya,0,1594467090
paddu,C-Nero,2,Razya,F-Nero,0,1594467206
paddu,C-Nero,2,Razya,C-Satsuki,0,1594467315
paddu,C-Nero,2,Trashy,C-Ciel,0,1594477014
paddu,C-Nero,2,Trashy,C-Ciel,0,1594477113
paddu,C-Nero,2,Trashy,C-Ciel,0,1594477204
paddu,C-Nero,2,Trashy,C-Ciel,0,1594477314
paddu,C-Nero,2,Trashy,C-Ciel,0,1594477403
paddu,C-Nero,2,Trashy,C-Ciel,0,1594477506
paddu,C-Nero,2,Trashy,C-Ciel,0,1594477615
paddu,C-Nero,2,Trashy,C-Ciel,0,1594477697
paddu,C-Nero,2,Trashy,C-Ciel,0,1594477774
paddu,C-Nero,2,Trashy,C-Ciel,0,1594477862
paddu,C-Nero,2,Trashy,C-Ciel,0,1594477950
paddu,C-Nero,2,Trashy,C-Ciel,0,1594478051
paddu,C-Nero,2,Trashy,C-Ciel,0,1594478128
paddu,C-Nero,2,Trashy,C-Ciel,0,1594478228
paddu,C-Nero,2,Trashy,C-Ciel,0,1594478319
paddu,C-Nero,2,Trashy,C-Ciel,0,1594478416
paddu,C-Nero,2,Trashy,C-Ciel,0,1594478508
paddu,C-Nero,2,Trashy,C-Ciel,0,1594478582
paddu,C-Nero,2,Trashy,C-Ciel,0,1594478666
paddu,C-Nero,2,Trashy,C-Ciel,0,1594478751
paddu,C-Nero,2,Trashy,C-Ciel,0,1594478846
paddu,C-Nero,2,Trashy,C-Ciel,0,1594478945
paddu,C-Nero,2,Trashy,C-Ciel,0,1594479026
paddu,C-Nero,2,Trashy,C-Ciel,0,1594479096
paddu,C-Nero,2,Trashy,C-Ciel,0,1594479218
paddu,C-Nero,2,Trashy,C-Ciel,0,1594479315
paddu,C-Nero,2,Trashy,C-Ciel,0,1594479455
paddu,C-Nero,2,Trashy,C-Ciel,0,1594479559
paddu,C-Nero,2,Trashy,C-Ciel,0,1594479642
paddu,C-Nero,2,whore puncher,C-Kouma,0,1594495989
paddu,C-Nero,2,whore puncher,C-Kouma,0,1594496113
paddu,C-Nero,2,whore puncher,C-Kouma,0,1594496390
paddu,C-Nero,2,whore puncher,C-Kouma,0,1594496506
paddu,C-Nero,2,whore puncher,C-Kouma,0,1594496615
paddu,C-Nero,2,whore puncher,C-Kouma,0,1594496742
paddu,C-Nero,2,whore puncher,C-Kouma,0,1594496857
paddu,C-Nero,2,whore puncher,C-Kouma,0,1594496972
paddu,C-Nero,1,whore puncher,C-Wara,2,1594497202
paddu,C-Nero,2,whore puncher,C-Wara,0,1594497305
paddu,C-Nero,2,whore puncher,C-Wara,0,1594497390
paddu,C-Nero,2,whore puncher,C-Wara,0,1594497488
paddu,C-Nero,2,whore puncher,C-Wara,0,1594497601
paddu,C-Nero,2,whore puncher,C-Wara,0,1594497720
paddu,C-Nero,2,whore puncher,C-Wara,0,1594497805
paddu,C-Nero,2,whore puncher,C-Wara,0,1594497904
paddu,H-NAC,0,whore puncher,C-Neko,2,1594498080
paddu,H-NAC,2,whore puncher,C-Neko,1,1594498248
paddu,H-NAC,2,whore puncher,C-Neko,1,1594498462
paddu,H-NAC,2,whore puncher,C-Neko,0,1594498608
paddu,H-NAC,1,whore puncher,C-Neko,2,1594498833
paddu,H-NAC,2,whore puncher,C-Neko,1,1594499000
paddu,C-Nanaya,2,whore puncher,C-Nanaya,0,1594499100
paddu,C-Nanaya,2,whore puncher,C-Nanaya,0,1594499221
paddu,C-Nanaya,2,whore puncher,C-Nanaya,0,1594499319
paddu,C-Nero,2,sacchin irl,H-Satsuki,1,1594499705
paddu,C-Nero,2,sacchin irl,H-Satsuki,0,1594499838
paddu,C-Nero,2,sacchin irl,H-Satsuki,0,1594499922
paddu,C-Nero,2,sacchin irl,H-Satsuki,0,1594500081
paddu,C-Nero,2,sacchin irl,H-Satsuki,0,1594500164
paddu,C-Nero,2,sacchin irl,H-Satsuki,0,1594500272
paddu,C-Nero,0,sacchin irl,H-Satsuki,2,1594500394
paddu,C-Nero,2,sacchin irl,H-Satsuki,0,1594500485
paddu,C-Nero,2,sacchin irl,H-Satsuki,0,1594500579
paddu,C-Nero,2,sacchin irl,H-Satsuki,0,1594500701
paddu,C-Nero,2,sacchin irl,H-Satsuki,0,1594500854
paddu,C-Nero,0,nise,C-Ryougi,2,1594502672
paddu,C-Nero,1,nise,C-Ryougi,2,1594502846
paddu,C-Nero,0,nise,C-Ryougi,2,1594502979
paddu,C-Nero,1,nise,C-Ryougi,2,1594503171
paddu,C-Nero,1,nise,C-Ryougi,2,1594503341
paddu,C-Nero,1,nise,C-Ryougi,2,1594503523
paddu,C-Nero,0,nise,C-Ryougi,2,1594503654
paddu,C-Nero,0,nise,C-Ryougi,2,1594503817
paddu,C-Nero,2,nise,C-Ryougi,1,1594504024
paddu,C-Nero,0,nise,C-Ryougi,2,1594504166
paddu,C-Nero,0,nise,C-Ryougi,2,1594504289
paddu,C-Nero,2,Change your name,F-Tohno,0,1594504661
paddu,C-Nero,2,Change your name,F-Tohno,1,1594504853
paddu,C-Nero,2,Change your name,F-Tohno,1,1594505014
paddu,C-Nero,2,Change your name,F-Tohno,0,1594505109
paddu,C-Nero,2,Change your name,F-Tohno,0,1594505223
paddu,C-Nero,2,Change your name,F-Tohno,1,1594505397
paddu,C-Nero,2,Change your name,F-Tohno,0,1594505493
paddu,C-Nero,2,Change your name,F-Tohno,0,1594505605
paddu,C-Nero,2,Change your name,F-Tohno,0,1594505720
paddu,C-Nero,2,Change your name,F-Tohno,0,1594505823
paddu,C-Nero,2,baha,C-S.Akiha,1,1594511403
paddu,C-Nero,2,baha,C-S.Akiha,0,1594511531
paddu,C-Nero,2,baha,C-S.Akiha,0,1594511682
paddu,C-Nero,1,baha,C-S.Akiha,2,1594511905
paddu,C-Nero,0,baha,C-S.Akiha,2,1594512065
paddu,C-Nero,1,baha,C-S.Akiha,2,1594512315
paddu,C-Nero,0,baha,C-S.Akiha,2,1594512464
paddu,C-Nero,2,baha,C-S.Akiha,1,1594512621
paddu,C-Nero,2,baha,C-S.Akiha,0,1594512778
paddu,C-Nero,1,baha,C-S.Akiha,2,1594512997
paddu,C-Nero,2,baha,C-S.Akiha,0,1594513180
paddu,C-Nero,2,baha,C-S.Akiha,0,1594513338
paddu,C-Nero,2,baha,C-S.Akiha,0,1594513539
paddu,C-Nero,2,baha,C-S.Akiha,1,1594513770
paddu,C-Nero,2,80.61.75.225,C-Wara,1,1594645604
paddu,C-Nero,2,80.61.75.225,C-Wara,1,1594645786
paddu,C-Nero,2,80.61.75.225,C-Wara,0,1594645942
paddu,C-Nero,2,80.61.75.225,C-Wara,0,1594646093
paddu,C-Nero,2,Chay Benji,C-Ciel,0,1594654423
paddu,C-Nero,2,Chay Benji,C-Ciel,0,1594654554
paddu,C-Nero,2,Chay Benji,C-Ciel,0,1594654711
paddu,C-Nero,2,Chay Benji,C-Ciel,0,1594654806
paddu,C-Nero,2,Chay Benji,C-Ciel,1,1594655050
paddu,C-Nero,2,Chay Benji,C-Ciel,0,1594655197
paddu,C-Nero,2,Chay Benji,C-Ciel,0,1594655294
paddu,C-Nero,2,Chay Benji,C-Ciel,0,1594655410
paddu,C-Nero,2,Chay Benji,C-Ciel,1,1594655573
paddu,C-Nero,2,Chay Benji,C-Ciel,0,1594655681
paddu,C-Nero,2,Chay Benji,C-Ciel,0,1594655834
paddu,C-Nero,2,Chay Benji,C-Ciel,0,1594655942
paddu,C-Nero,1,Chay Benji,C-Ciel,2,1594656110
paddu,F-Nero,2,Chay Benji,C-Ciel,1,1594656295
paddu,F-Nero,1,Chay Benji,C-Ciel,2,1594656477
paddu,C-Nero,2,Chay Benji,C-Ciel,0,1594656584
paddu,C-Nero,2,Chay Benji,C-Ciel,0,1594656701
paddu,C-Nero,2,Chay Benji,C-Ciel,0,1594656862
paddu,C-Nero,2,Chay Benji,C-Ciel,0,1594656975
paddu,C-Nero,2,Chay Benji,C-Ciel,0,1594657072
paddu,C-Nero,2,Chay Benji,C-Ciel,0,1594657183
paddu,C-Nero,2,Chay Benji,C-Ciel,0,1594657326
paddu,C-Nero,2,Chay Benji,C-Ciel,0,1594657460
paddu,C-Nero,2,Chay Benji,C-Ciel,0,1594657546
paddu,C-Nero,2,Chay Benji,C-Ciel,1,1594657702
paddu,C-Nero,2,Chay Benji,C-Ciel,0,1594657826
paddu,C-Nero,2,Chay Benji,C-Ciel,0,1594657964
paddu,C-Nero,1,Chay Benji,C-Ciel,2,1594658173
paddu,C-Nero,2,Chay Benji,C-Ciel,0,1594658256
paddu,C-Nero,2,Chay Benji,C-Ciel,0,1594658412
paddu,C-Nero,2,Chay Benji,C-Ciel,1,1594658599
paddu,C-Nero,2,Chay Benji,C-Ciel,0,1594658757
paddu,C-Nero,2,Chay Benji,C-Ciel,0,1594658911
paddu,C-Nero,2,Chay Benji,C-Ciel,0,1594659040
paddu,C-Nero,2,Chay Benji,C-Ciel,0,1594659165
paddu,C-Nero,2,Chay Benji,C-Ciel,0,1594659285
paddu,C-Nero,2,Chay Benji,C-Ciel,1,1594659510
paddu,C-Nero,2,Chay Benji,C-Ciel,1,1594659705
paddu,C-Nero,2,Chay Benji,C-Ciel,0,1594659822
paddu,C-Nero,2,Chay Benji,C-Ciel,1,1594660023
paddu,C-Nero,2,Chay Benji,C-Ciel,1,1594660214
paddu,C-Nero,1,Chay Benji,C-Ciel,2,1594660440
paddu,C-Nero,2,Chay Benji,C-Ciel,1,1594660636
paddu,C-Nero,1,Chay Benji,C-Ciel,2,1594660812
paddu,C-Nero,2,Chay Benji,C-Ciel,1,1594661017
paddu,C-Nero,2,Stimoro,C-Satsuki,0,1594668097
paddu,C-Nero,0,Stimoro,C-Satsuki,2,1594668237
paddu,C-Nero,1,Stimoro,C-Satsuki,2,1594668381
paddu,H-Satsuki,2,Stimoro,C-Satsuki,1,1594668642
paddu,H-Satsuki,0,Stimoro,C-Satsuki,2,1594668802
paddu,H-Satsuki,1,Stimoro,C-Satsuki,2,1594668964
paddu,H-Satsuki,2,Stimoro,C-Satsuki,0,1594669113
paddu,H-Satsuki,1,Stimoro,C-Satsuki,2,1594669336
paddu,C-Nero,2,Stimoro,F-Roa,1,1594669490
paddu,C-Nero,2,Stimoro,F-Roa,0,1594669647
paddu,C-Nero,1,Stimoro,F-Roa,2,1594669835
paddu,C-Nero,2,Stimoro,F-Roa,1,1594670049
paddu,C-Nero,2,Stimoro,F-Roa,1,1594670267
paddu,C-Nero,2,Stimoro,F-Roa,1,1594670487
paddu,C-Nero,2,Stimoro,F-Roa,1,1594670680
paddu,C-Nero,2,Stimoro,F-Roa,0,1594670831
paddu,C-Nero,2,Stimoro,F-Roa,0,1594670953
paddu,C-Nero,0,Stimoro,F-Roa,2,1594671080
paddu,H-NAC,0,Stimoro,F-Roa,2,1594671196
paddu,H-NAC,0,Stimoro,F-Roa,2,1594671301
paddu,C-Roa,1,Stimoro,F-Roa,2,1594671516
paddu,C-Roa,2,Stimoro,F-Roa,0,1594671618
paddu,C-Roa,1,Stimoro,F-Roa,2,1594671784
paddu,C-Nero,2,Stimoro,C-Satsuki,0,1594671884
paddu,C-Nero,2,Stimoro,C-Satsuki,1,1594672059
paddu,C-Nero,0,Stimoro,C-Satsuki,2,1594672184
paddu,C-Nero,2,Stimoro,C-Satsuki,0,1594672292
paddu,C-Nero,2,Stimoro,C-Satsuki,0,1594672462
paddu,C-Nero,2,Stimoro,C-Satsuki,1,1594672702
paddu,C-Nero,2,Stimoro,C-Satsuki,1,1594672964
paddu,C-Nero,2,Stimoro,C-Satsuki,1,1594673133
paddu,C-Nero,2,Stimoro,C-Satsuki,1,1594673360
paddu,C-Nero,2,Stimoro,C-Satsuki,1,1594673564
paddu,C-Nero,2,Stimoro,C-Satsuki,0,1594673691
paddu,C-Nero,1,Samosiv,F-V.Akiha,2,1594674214
paddu,C-Nero,2,Samosiv,F-V.Akiha,0,1594674337
paddu,C-Nero,2,Samosiv,F-V.Akiha,0,1594674422
paddu,C-Nero,0,Samosiv,F-V.Akiha,2,1594674505
paddu,C-Nero,0,Samosiv,F-V.Akiha,2,1594674579
paddu,C-Nero,2,Samosiv,F-V.Akiha,0,1594674732
paddu,C-Nero,2,Samosiv,F-V.Akiha,1,1594674859
paddu,C-Nero,1,Samosiv,F-V.Akiha,2,1594675015
paddu,C-Nero,2,Samosiv,F-V.Akiha,0,1594675154
paddu,C-Nero,0,Samosiv,F-V.Akiha,2,1594675268
paddu,C-Nero,1,Samosiv,F-V.Akiha,2,1594675395
paddu,C-Nero,2,Samosiv,F-V.Akiha,1,1594675633
paddu,C-Nero,2,Samosiv,F-V.Akiha,1,1594675778
paddu,C-Nero,0,Samosiv,F-V.Akiha,2,1594675879
paddu,C-Nero,2,Samosiv,F-V.Akiha,0,1594675961
paddu,C-Nero,2,Samosiv,F-V.Akiha,0,1594676058
paddu,C-Nero,2,Samosiv,F-V.Akiha,1,1594676205
paddu,C-Nero,2,Stimoro,C-Roa,1,1594760146
paddu,C-Nero,2,Stimoro,C-Roa,0,1594760284
paddu,C-Nero,2,Stimoro,C-Roa,0,1594760464
paddu,C-Nero,1,Stimoro,C-Roa,2,1594760687
paddu,C-Nero,2,Stimoro,C-Roa,0,1594760827
paddu,C-Nero,2,Stimoro,C-Roa,0,1594760988
paddu,C-Nero,2,Stimoro,C-Roa,0,1594761103
paddu,C-Nero,1,Stimoro,C-Roa,2,1594761344
paddu,C-Nero,2,Stimoro,C-Roa,0,1594761454
paddu,C-Nero,2,Stimoro,C-Roa,1,1594761627
paddu,C-Nero,2,Stimoro,C-Roa,0,1594761797
paddu,C-Nero,1,Stimoro,C-Roa,2,1594761987
paddu,C-Nero,2,Stimoro,C-Roa,0,1594762093
paddu,C-Nero,2,Stimoro,C-Roa,0,1594762225
paddu,C-Nero,2,Stimoro,C-Roa,0,1594762359
paddu,C-Nero,2,Stimoro,C-Roa,0,1594762526
paddu,C-Nero,2,Stimoro,C-Roa,0,1594762650
paddu,C-Nero,2,Stimoro,C-Roa,0,1594762784
paddu,C-Nero,2,Stimoro,C-Roa,0,1594762881
paddu,C-Nero,2,Stimoro,C-Roa,0,1594763019
paddu,C-Nero,1,Stimoro,C-Roa,2,1594763224
paddu,C-Nero,2,Stimoro,C-Roa,1,1594763443
paddu,C-Nero,2,Stimoro,C-Roa,0,1594763602
paddu,C-Nero,2,Stimoro,C-Roa,1,1594763763
paddu,C-Nero,2,Stimoro,C-Roa,0,1594763896
paddu,C-Nero,2,Stimoro,C-Roa,1,1594764141
paddu,C-Nero,2,Stimoro,C-Roa,0,1594764311
paddu,C-Nero,2,Stimoro,C-Roa,0,1594764468
paddu,C-Nero,2,Stimoro,C-Roa,1,1594764623
paddu,C-Nero,0,Stimoro,C-Roa,2,1594764782
paddu,C-Nero,2,Stimoro,C-Roa,1,1594765025
paddu,C-Nero,1,Stimoro,C-Roa,2,1594765257
paddu,C-Nero,2,Stimoro,C-Roa,0,1594765363
paddu,C-Nero,2,Stimoro,C-Roa,1,1594765531
paddu,C-Nero,2,Stimoro,C-Roa,0,1594765663
paddu,C-Nero,2,Stimoro,C-Roa,0,1594765790
paddu,C-Nero,1,Stimoro,C-Roa,2,1594765997
paddu,C-Nero,2,Stimoro,C-Roa,0,1594766129
paddu,C-Nero,2,Stimoro,C-Roa,0,1594766263
paddu,C-Nero,2,Stimoro,C-Roa,0,1594766389
paddu,C-Nero,2,Stimoro,C-Roa,1,1594766635
paddu,C-Nero,2,Stimoro,C-Roa,1,1594766880
paddu,C-Nero,2,Stimoro,C-Roa,0,1594767001
paddu,C-Nero,2,Stimoro,C-Roa,0,1594767142
paddu,C-Nero,2,Stimoro,C-Roa,0,1594767306
paddu,C-Nero,2,Stimoro,C-Roa,0,1594767452
paddu,C-Nero,2,Stimoro,C-Roa,0,1594767606
paddu,C-Nero,2,Isaac - Tips Appreciated Btw,C-S.Akiha,0,1594935692
paddu,C-Nero,2,Isaac - Tips Appreciated Btw,C-S.Akiha,0,1594935833
paddu,C-Nero,2,Isaac - Tips Appreciated Btw,C-S.Akiha,1,1594936033
paddu,C-Nero,2,Isaac - Tips Appreciated Btw,C-S.Akiha,0,1594936155
paddu,C-Nero,0,Isaac - Tips Appreciated Btw,C-S.Akiha,2,1594936255
paddu,C-Nero,2,Isaac - Tips Appreciated Btw,C-S.Akiha,0,1594936364
paddu,C-Nero,1,Isaac - Tips Appreciated Btw,C-S.Akiha,2,1594936545
paddu,C-Nero,2,Isaac - Tips Appreciated Btw,C-S.Akiha,0,1594936664
paddu,C-Nero,2,Isaac - Tips Appreciated Btw,C-S.Akiha,0,1594936753
paddu,C-Nero,0,Isaac - Tips Appreciated Btw,C-S.Akiha,2,1594936870
paddu,C-Nero,2,Isaac - Tips Appreciated Btw,C-S.Akiha,1,1594937001
paddu,C-Nero,2,Isaac - Tips Appreciated Btw,C-S.Akiha,1,1594937186
paddu,C-Nero,0,Isaac - Tips Appreciated Btw,C-S.Akiha,2,1594937325
paddu,F-V.Akiha,2,Stimoro,C-Roa,0,1595000842
paddu,F-V.Akiha,2,Stimoro,C-Roa,0,1595000950
paddu,F-V.Akiha,0,Stimoro,C-Roa,2,1595001077
paddu,F-V.Akiha,2,Stimoro,C-Roa,1,1595001287
paddu,F-V.Akiha,2,Stimoro,C-Roa,1,1595001479
paddu,F-V.Akiha,2,Stimoro,C-Roa,1,1595001681
paddu,F-V.Akiha,1,Stimoro,C-Roa,2,1595001881
paddu,F-V.Akiha,2,Stimoro,C-Roa,0,1595001972
paddu,F-V.Akiha,2,Stimoro,C-Roa,1,1595002156
paddu,F-V.Akiha,2,Stimoro,C-Roa,1,1595002347
paddu,F-V.Akiha,0,Stimoro,C-Roa,2,1595002459
paddu,F-V.Akiha,1,Stimoro,C-Roa,2,1595002668
paddu,F-V.Akiha,2,Stimoro,C-Roa,1,1595002914
paddu,F-V.Akiha,2,Stimoro,C-Roa,1,1595003099
paddu,F-V.Akiha,2,Stimoro,C-Roa,0,1595003197
paddu,F-V.Akiha,0,Stimoro,C-Roa,2,1595003285
paddu,F-V.Akiha,1,Stimoro,C-Roa,2,1595003472
paddu,F-V.Akiha,2,Stimoro,C-Roa,0,1595003559
paddu,F-V.Akiha,2,Stimoro,C-Roa,1,1595003770
paddu,F-V.Akiha,2,Stimoro,C-Roa,1,1595003934
paddu,F-V.Akiha,2,Stimoro,C-Roa,0,1595004054
paddu,F-V.Akiha,2,Stimoro,C-Roa,1,1595004245
paddu,F-V.Akiha,0,Stimoro,C-Roa,2,1595004361
paddu,F-V.Akiha,0,Stimoro,C-Roa,2,1595004510
paddu,F-V.Akiha,1,Stimoro,C-Roa,2,1595004703
paddu,F-V.Akiha,1,Stimoro,C-Roa,2,1595083642
paddu,F-V.Akiha,2,Stimoro,C-Roa,1,1595083793
paddu,F-V.Akiha,2,Stimoro,C-Roa,0,1595083871
paddu,F-V.Akiha,0,Stimoro,C-Roa,2,1595084010
paddu,F-V.Akiha,2,Stimoro,C-Roa,0,1595084140
paddu,F-V.Akiha,1,Stimoro,C-Roa,2,1595084299
paddu,F-V.Akiha,2,Stimoro,C-Roa,1,1595084447
paddu,C-Nero,2,Stimoro,C-Roa,0,1595084578
paddu,C-Nero,1,Stimoro,C-Roa,2,1595084817
paddu,F-Nero,0,Stimoro,C-Roa,2,1595097012
paddu,F-Nero,0,Stimoro,C-Roa,2,1595097144
paddu,F-Nero,1,Stimoro,C-Roa,2,1595097338
paddu,F-Nero,2,Stimoro,C-Roa,1,1595097538
paddu,F-Nero,0,Stimoro,C-Roa,2,1595097687
paddu,F-Nero,2,Stimoro,C-Roa,1,1595097908
paddu,F-Nero,2,Stimoro,C-Roa,1,1595098106
paddu,F-Nero,2,Stimoro,C-Roa,0,1595098218
paddu,F-Nero,1,Stimoro,C-Roa,2,1595098398
paddu,F-Nero,2,Stimoro,C-Roa,0,1595098528
paddu,F-Nero,2,Stimoro,C-Roa,1,1595098726
paddu,H-Nero,2,Stimoro,C-Roa,1,1595098958
paddu,H-Nero,1,Stimoro,C-Roa,2,1595099133
paddu,F-Nero,2,Stimoro,C-Roa,1,1595099339
paddu,F-Nero,2,Stimoro,C-Roa,1,1595099538
paddu,F-Nero,2,Stimoro,C-Roa,0,1595099647
paddu,F-Nero,0,Stimoro,C-Roa,2,1595099808
paddu,F-Nero,1,Stimoro,C-Roa,2,1595099981
paddu,F-Nero,2,Stimoro,C-Roa,0,1595100133
paddu,C-Nero,2,Stimoro,C-Roa,0,1595100263
paddu,C-Nero,2,Stimoro,C-Roa,1,1595100468
paddu,C-Nero,2,Stimoro,C-Roa,0,1595100566
paddu,C-Nero,2,Stimoro,C-Roa,0,1595100685
paddu,C-Nero,2,Stimoro,C-Roa,1,1595100854
paddu,C-Nero,2,Stimoro,C-Roa,1,1595101057
paddu,C-Nero,2,Stimoro,C-Roa,1,1595101259
paddu,C-Nero,2,Stimoro,C-Roa,0,1595101392
paddu,C-Nero,2,Stimoro,C-Roa,0,1595101526
paddu,C-Nero,0,Stimoro,C-Roa,2,1595101672
paddu,C-Nero,2,Stimoro,C-Roa,0,1595101762
paddu,C-Nero,2,Stimoro,C-Roa,1,1595101979
paddu,C-Nero,2,Stimoro,C-Roa,1,1595102208
paddu,C-Nero,2,Stimoro,C-Roa,0,1595102310
paddu,C-Nero,1,Stimoro,C-Roa,2,1595102488
paddu,F-Nero,2,Stimoro,C-Roa,1,1595102712
paddu,F-Nero,1,Stimoro,C-Roa,2,1595102868
paddu,F-Nero,2,Stimoro,C-Roa,1,1595103013
paddu,F-Nero,0,Stimoro,C-Roa,2,1595103138
paddu,F-Nero,0,Stimoro,C-Roa,2,1595103243
paddu,F-Nero,2,Stimoro,C-Roa,0,1595103355
paddu,F-Nero,2,Stimoro,C-Roa,0,1595103467
paddu,F-Nero,1,Stimoro,C-Roa,2,1595103672
paddu,F-Nero,2,Sleazzy,H-Nanaya,0,1595118643
paddu,F-Nero,2,Sleazzy,H-Nanaya,1,1595118761
paddu,F-Nero,2,Sleazzy,H-Nanaya,0,1595118866
paddu,F-Nero,2,Sleazzy,H-Nanaya,0,1595118985
paddu,F-Nero,2,Sleazzy,H-Nanaya,0,1595119091
paddu,F-Nero,2,Sleazzy,H-Nanaya,0,1595119190
paddu,F-Nero,1,Sleazzy,H-Nanaya,2,1595119329
paddu,F-Nero,2,Sleazzy,H-Nanaya,1,1595119456
paddu,C-Nero,2,Sleazzy,H-Nanaya,0,1595119555
paddu,C-Nero,2,Sleazzy,H-Nanaya,0,1595119656
paddu,C-Nero,2,Sleazzy,H-Nanaya,1,1595119834
paddu,C-Nero,2,Sleazzy,H-Nanaya,0,1595119957
paddu,C-Nero,1,Sleazzy,H-Nanaya,2,1595120122
paddu,C-Nero,2,Sleazzy,H-Nanaya,0,1595120217
paddu,C-Nero,2,Sleazzy,H-Nanaya,1,1595120333
paddu,C-Nero,2,Sleazzy,H-Nanaya,0,1595120457
paddu,C-Nero,2,Change your name,C-Satsuki,0,1595158105
paddu,C-Nero,2,Change your name,C-Satsuki,1,1595158324
paddu,C-Nero,2,Change your name,C-Satsuki,0,1595158444
paddu,C-Nero,2,Change your name,C-Satsuki,1,1595158657
paddu,C-Nero,1,banan,C-Akiha,2,1595166082
paddu,C-Nero,0,banan,C-Akiha,2,1595166191
paddu,C-Nero,2,banan,C-Akiha,0,1595166369
paddu,C-Nero,1,banan,C-Akiha,2,1595166645
paddu,C-Nero,1,banan,C-Akiha,2,1595166834
paddu,F-Nero,0,banan,C-Akiha,2,1595166991
paddu,F-Nero,1,banan,C-Akiha,2,1595167243
paddu,F-Nero,0,banan,C-Akiha,2,1595167368
paddu,F-Nero,1,banan,C-Akiha,2,1595167624
paddu,F-Nero,1,banan,C-Akiha,2,1595167888
paddu,F-Nero,0,banan,C-Akiha,2,1595168053
paddu,C-Nero,2,banan,C-Akiha,1,1595168336
paddu,C-Nero,2,banan,C-Akiha,0,1595168485
paddu,C-Nero,2,banan,C-Akiha,0,1595168589
paddu,C-Nero,2,banan,C-Akiha,1,1595168857
paddu,C-Nero,0,banan,C-Akiha,2,1595169040
paddu,C-Nero,1,banan,C-Akiha,2,1595169287
paddu,C-Nero,0,banan,C-Akiha,2,1595169486
paddu,C-Nero,2,banan,C-Akiha,1,1595169759
paddu,C-Nero,2,banan,C-Akiha,1,1595169990
paddu,C-Nero,2,banan,C-Akiha,1,1595170225
paddu,C-Nero,0,banan,C-Akiha,2,1595170345
paddu,C-Nero,1,banan,C-Akiha,2,1595170585
paddu,C-Nero,1,banan,C-Akiha,2,1595170816
paddu,C-Nero,1,banan,C-Sion,2,1595172973
paddu,C-Nero,0,banan,C-Sion,2,1595173096
paddu,C-Nero,1,banan,C-Sion,2,1595173318
paddu,C-Nero,0,banan,C-Sion,2,1595173428
paddu,C-Nero,2,banan,C-Sion,0,1595173566
paddu,C-Nero,0,banan,C-Sion,2,1595173678
paddu,C-Nero,0,banan,C-Sion,2,1595173832
paddu,C-Nero,1,banan,C-Sion,2,1595174032
paddu,C-Nero,1,banan,C-Sion,2,1595174269
paddu,C-Nero,2,banan,C-Sion,1,1595174475
paddu,C-Nero,1,banan,C-Sion,2,1595174623
paddu,C-Nero,1,banan,C-Sion,2,1595174782
paddu,C-Nero,0,banan,C-Sion,2,1595174913
paddu,C-Nero,0,banan,C-Sion,2,1595175012
paddu,C-Nero,0,banan,C-Sion,2,1595175144
paddu,C-Nero,0,banan,C-Sion,2,1595175265
paddu,C-Nanaya,0,banan,C-Tohno,2,1595175416
paddu,C-Nanaya,0,banan,C-Tohno,2,1595175529
paddu,C-Nanaya,0,banan,C-Tohno,2,1595175679
paddu,C-Nanaya,0,banan,C-Tohno,2,1595175772
paddu,C-Nanaya,2,banan,C-Tohno,1,1595175968
paddu,C-Nanaya,0,banan,C-Tohno,2,1595176114
paddu,C-Nero,2,Yunocchi,F-V.Akiha,0,1595181955
paddu,C-Nero,0,Yunocchi,F-V.Akiha,2,1595182133
paddu,C-Nero,2,Yunocchi,F-V.Akiha,0,1595182301
paddu,C-Nero,0,Draig,F-Ryougi,2,1595182933
paddu,C-Nero,1,Draig,F-Ryougi,2,1595183168
paddu,C-Nero,0,Korppi,C-Wara,2,1595183585
paddu,C-Nero,2,GoldyDorado01,F-Maids,1,1595244633
paddu,C-Nero,2,GoldyDorado01,F-Maids,0,1595244786
paddu,C-Nero,2,GoldyDorado01,F-Maids,1,1595244975
paddu,C-Nero,2,GoldyDorado01,F-Maids,1,1595245198
paddu,C-Nero,2,GoldyDorado01,F-Maids,0,1595245312
paddu,C-Nero,2,GoldyDorado01,F-Maids,1,1595245580
paddu,C-Nero,2,sacchin irl,H-Satsuki,1,1595247245
paddu,C-Nero,2,sacchin irl,H-Satsuki,0,1595247395
paddu,C-Nero,2,sacchin irl,H-Satsuki,0,1595247548
paddu,C-Nero,1,sacchin irl,H-Satsuki,2,1595247732
paddu,C-Nero,2,sacchin irl,H-Satsuki,0,1595247814
paddu,C-Nero,2,sacchin irl,H-Satsuki,0,1595247955
paddu,C-Nero,2,sacchin irl,H-Satsuki,0,1595248081
paddu,C-Nero,2,sacchin irl,H-Satsuki,0,1595248210
paddu,C-Nero,2,sacchin irl,H-Satsuki,0,1595248373
paddu,C-Nero,2,sacchin irl,H-Satsuki,0,1595248495
paddu,C-Nero,2,sacchin irl,H-Satsuki,0,1595248625
paddu,C-Nero,1,banan,C-Akiha,2,1595251542
paddu,C-Nero,1,banan,C-Akiha,2,1595251818
paddu,C-Nero,0,banan,C-Akiha,2,1595251931
paddu,C-Nero,1,banan,C-Akiha,2,1595252202
paddu,C-Nero,1,banan,C-Akiha,2,1595252573
paddu,C-Nero,2,banan,C-Akiha,0,1595252747
paddu,C-Nero,0,banan,C-Akiha,2,1595252900
paddu,C-Nero,0,banan,C-Akiha,2,1595253034
paddu,C-Nero,1,banan,C-Akiha,2,1595253276
paddu,C-Nero,1,banan,C-Akiha,2,1595253501
paddu,C-Nero,1,banan,C-Akiha,2,1595253691
paddu,C-Nero,0,banan,C-Akiha,2,1595253819
paddu,C-Nero,2,banan,C-Akiha,0,1595253950
paddu,C-Nero,0,banan,C-Akiha,2,1595254104
paddu,C-Nero,0,banan,C-Akiha,2,1595254294
paddu,C-Nero,0,banan,C-Akiha,2,1595254483
paddu,C-Nero,0,banan,C-Akiha,2,1595254609
paddu,C-Nero,0,banan,C-Akiha,2,1595254722
paddu,C-Nero,0,banan,C-Akiha,2,1595254876
paddu,C-Nero,2,banan,C-Akiha,0,1595255020
paddu,C-Nero,2,Stimoro,C-Roa,1,1595276970
paddu,C-Nero,2,Stimoro,C-Roa,0,1595277124
paddu,C-Nero,2,Stimoro,C-Roa,1,1595277337
paddu,C-Nero,2,Stimoro,C-Roa,1,1595277554
paddu,C-Nero,2,Stimoro,C-Roa,0,1595277699
paddu,C-Nero,2,Stimoro,C-Roa,0,1595277814
paddu,C-Nero,2,Stimoro,C-Roa,0,1595277922
paddu,C-Nero,2,Stimoro,C-Roa,0,1595278017
paddu,C-Nero,2,Stimoro,C-Roa,0,1595278173
paddu,C-Nero,2,Stimoro,C-Roa,0,1595278314
paddu,C-Nero,0,Stimoro,C-Roa,2,1595278480
paddu,C-Nero,2,Stimoro,C-Roa,0,1595278641
paddu,C-Nero,2,Stimoro,C-Roa,0,1595278799
paddu,C-Nero,2,Stimoro,C-Roa,0,1595278949
paddu,C-Nero,2,Stimoro,C-Roa,1,1595279169
paddu,C-Nero,2,Stimoro,C-Roa,1,1595279426
paddu,C-Nero,2,Stimoro,C-Roa,1,1595279626
paddu,F-Nero,2,Stimoro,C-Roa,0,1595279806
paddu,F-Nero,1,Stimoro,C-Roa,2,1595280093
paddu,F-Nero,1,Stimoro,C-Roa,2,1595280290
paddu,F-Nero,2,Stimoro,C-Roa,0,1595280415
paddu,F-Nero,1,Stimoro,C-Roa,2,1595280623
paddu,H-Nero,1,Stimoro,C-Roa,2,1595280834
paddu,H-Nero,1,Stimoro,C-Roa,2,1595281055
paddu,C-Roa,2,Stimoro,C-Roa,0,1595281282
paddu,C-Roa,2,Stimoro,C-Roa,0,1595281388
paddu,C-Nero,2,Stimoro,C-Roa,1,1595281675
paddu,C-Nero,2,Stimoro,C-Roa,0,1595281837
paddu,C-Nero,1,Stimoro,C-Roa,2,1595282020
paddu,C-Nero,2,Stimoro,C-Roa,0,1595282145
paddu,C-Nero,2,Stimoro,C-Roa,0,1595282311
paddu,C-Nero,2,Change your name,C-Aoko,0,1595282774
paddu,C-Nero,2,Change your name,C-Aoko,0,1595282884
paddu,C-Nero,2,Change your name,C-Aoko,0,1595282965
paddu,C-Nero,2,Change your name,F-S.Akiha,0,1595283083
paddu,C-Nero,2,Change your name,F-S.Akiha,0,1595283205
paddu,C-Nero,2,Change your name,F-S.Akiha,0,1595283312
paddu,C-Nero,2,Change your name,F-S.Akiha,0,1595283430
paddu,C-Nero,2,Change your name,F-S.Akiha,0,1595283548
paddu,C-Nero,2,Change your name,F-M.Hisui,0,1595403608
paddu,C-Nero,1,Change your name,F-M.Hisui,2,1595403825
paddu,C-Nero,0,Change your name,F-M.Hisui,2,1595403969
paddu,C-Nero,1,Change your name,F-M.Hisui,2,1595404179
paddu,C-Nero,2,Change your name,F-M.Hisui,0,1595404319
paddu,C-Nero,1,Change your name,F-M.Hisui,2,1595404524
paddu,C-Nero,1,Change your name,F-M.Hisui,2,1595404689
paddu,C-Nero,1,Change your name,F-M.Hisui,2,1595404868
paddu,C-Nero,2,Change your name,F-M.Hisui,0,1595405046
paddu,C-Nero,2,Change your name,F-M.Hisui,1,1595405269
paddu,C-Nero,2,Change your name,F-M.Hisui,0,1595405386
paddu,C-Nero,0,Change your name,F-M.Hisui,2,1595405566
paddu,C-Nero,1,Change your name,F-M.Hisui,2,1595405781
paddu,C-Nero,0,Change your name,F-M.Hisui,2,1595405932
paddu,C-Nero,0,Change your name,F-M.Hisui,2,1595406130
paddu,C-Nero,0,Nar'sie,F-Akiha,2,1595407055
paddu,C-Nero,2,Nar'sie,F-Akiha,1,1595407314
paddu,C-Nero,2,Nar'sie,F-Akiha,0,1595407491
paddu,C-Nero,2,Nar'sie,F-Akiha,0,1595407625
paddu,C-Nero,2,Nar'sie,F-Akiha,1,1595407841
paddu,C-Nero,2,Nar'sie,F-Akiha,0,1595407992
paddu,C-Nero,2,Nar'sie,F-Akiha,0,1595408130
paddu,C-Nero,2,Nar'sie,F-Akiha,0,1595408320
paddu,C-Nero,2,Nar'sie,F-Akiha,0,1595408474
paddu,C-Nero,2,Nar'sie,F-Akiha,1,1595408671
paddu,C-Nero,2,Nar'sie,F-Akiha,1,1595408886
paddu,C-Nero,2,Nar'sie,F-Akiha,0,1595409050
paddu,C-Nero,2,Nar'sie,F-Akiha,0,1595409159
paddu,C-Nero,2,Nar'sie,F-Akiha,0,1595409249
paddu,C-Nero,2,Nar'sie,F-Akiha,0,1595409397
paddu,C-Nero,2,Nar'sie,F-Akiha,0,1595409518
paddu,C-Nero,2,Nar'sie,F-Akiha,0,1595409659
paddu,C-Nero,2,Nar'sie,F-Akiha,0,1595409776
paddu,C-Nero,1,Nar'sie,F-Akiha,2,1595410006
paddu,C-Nero,2,Nar'sie,F-Akiha,1,1595410204
paddu,C-Nero,2,Nar'sie,F-Akiha,1,1595410446
paddu,C-Nero,2,Nar'sie,F-Akiha,0,1595410585
paddu,C-Nero,0,Eika,C-Ryougi,2,1595449974
paddu,C-Nero,2,Eika,C-Ryougi,0,1595450135
paddu,C-Nero,1,Eika,C-Ryougi,2,1595450324
paddu,C-Nero,0,Eika,C-Ryougi,2,1595450446
paddu,C-Nero,0,Eika,C-Ryougi,2,1595450558
paddu,C-Nero,0,Eika,C-Ryougi,2,1595450673
paddu,C-Nero,0,Eika,C-Ryougi,2,1595450796
paddu,C-Nero,1,Eika,C-Ryougi,2,1595450965
paddu,C-Nero,2,Eika,C-Ryougi,0,1595451052
paddu,C-Nero,2,Eika,C-Ryougi,1,1595451227
paddu,C-Nero,0,Eika,C-Ryougi,2,1595451351
paddu,C-Nero,1,Eika,C-Ryougi,2,1595451515
paddu,C-Nero,1,Eika,C-Ryougi,2,1595451735
paddu,C-Nero,2,Eika,C-Ryougi,1,1595451900
paddu,C-Nero,1,Eika,C-Ryougi,2,1595452035
paddu,C-Nero,1,Eika,C-Ryougi,2,1595452219
paddu,C-Nero,2,Eika,C-Ryougi,1,1595452419
paddu,C-Nero,1,Eika,C-Ryougi,2,1595452642
paddu,C-Nero,2,Eika,C-Ryougi,0,1595452756
paddu,C-Nero,0,Eika,C-Ryougi,2,1595452872
paddu,C-Nero,2,Eika,C-Ryougi,1,1595453083
paddu,C-Nero,1,Eika,C-Ryougi,2,1595453249
paddu,C-Nero,0,Eika,C-Ryougi,2,1595453380
paddu,C-Nero,0,Eika,C-Ryougi,2,1595453564
paddu,C-Nero,2,Eika,C-Ryougi,0,1595453665
paddu,C-Nero,2,Eika,C-Ryougi,0,1595453779
paddu,C-Nero,0,Eika,C-Ryougi,2,1595453892
paddu,C-Nero,2,Eika,C-Ryougi,0,1595454020
paddu,C-Nero,1,Eika,C-Ryougi,2,1595454204
paddu,C-Nero,2,Eika,C-Ryougi,0,1595454305
paddu,C-Nero,1,Eika,C-Ryougi,2,1595454540
paddu,C-Nero,0,Nineball,F-Miyako,2,1595496104
paddu,C-Nero,2,Nineball,F-Miyako,1,1595496343
paddu,C-Nero,1,Nineball,F-Miyako,2,1595496572
paddu,C-Nero,1,Nineball,F-Miyako,2,1595496729
paddu,C-Nero,1,Nineball,F-Miyako,2,1595496951
paddu,C-Nero,0,Nineball,F-Miyako,2,1595497056
paddu,C-Nero,0,Nineball,F-Miyako,2,1595497162
paddu,C-Nero,0,Nineball,F-Miyako,2,1595497295
paddu,C-Nero,0,Nineball,F-Miyako,2,1595497408
paddu,C-Nero,2,Nineball,F-Miyako,1,1595497609
paddu,C-Nero,1,Nineball,F-Miyako,2,1595497795
paddu,C-Nero,2,Nineball,F-Miyako,1,1595497998
paddu,C-Nero,1,Nineball,F-Miyako,2,1595498157
paddu,C-Nero,1,Koha Ultra Instinct (Regeci),C-Maids,2,1595503288
paddu,C-Nero,2,Koha Ultra Instinct (Regeci),C-Maids,1,1595503441
paddu,C-Nero,2,Koha Ultra Instinct (Regeci),C-Maids,0,1595503538
paddu,C-Nero,2,Koha Ultra Instinct (Regeci),C-Maids,0,1595503624
paddu,C-Nero,2,Koha Ultra Instinct (Regeci),C-Maids,1,1595503767
paddu,C-Nero,2,Koha Ultra Instinct (Regeci),C-Maids,1,1595503924
paddu,C-Nero,0,Koha Ultra Instinct (Regeci),C-Maids,2,1595504024
paddu,C-Nero,1,Koha Ultra Instinct (Regeci),C-Maids,2,1595504210
paddu,C-Nero,2,Koha Ultra Instinct (Regeci),C-Maids,1,1595504372
paddu,C-Nero,2,Koha Ultra Instinct (Regeci),C-Maids,1,1595504522
paddu,C-Nero,2,Koha Ultra Instinct (Regeci),C-Maids,0,1595504629
paddu,C-Nero,1,Koha Ultra Instinct (Regeci),C-Maids,2,1595504773
paddu,C-Nero,2,Koha Ultra Instinct (Regeci),C-Maids,1,1595504933
paddu,C-Nero,2,Koha Ultra Instinct (Regeci),C-Maids,0,1595505045
paddu,C-Nero,2,Chay Benji,F-P.Ciel,0,1595523573
paddu,C-Nero,2,Chay Benji,C-Ciel,0,1595523736
paddu,C-Nero,2,Chay Benji,C-Ciel,0,1595523857
paddu,C-Nero,2,Chay Benji,C-Ciel,0,1595523986
paddu,C-Nero,1,Chay Benji,C-Ciel,2,1595524197
paddu,C-Nero,2,Chay Benji,C-Ciel,1,1595524411
paddu,C-Nero,2,Chay Benji,C-Ciel,0,1595524536
paddu,C-Nero,2,Chay Benji,C-Ciel,1,1595524731
paddu,C-Nero,2,Chay Benji,C-Ciel,1,1595524912
paddu,C-Nero,2,Chay Benji,C-Ciel,1,1595525060
paddu,C-Nero,2,Chay Benji,C-Ciel,0,1595525165
paddu,C-Nero,2,Chay Benji,C-Ciel,0,1595525274
paddu,C-Nero,2,Chay Benji,C-Ciel,0,1595525401
paddu,C-Nero,2,Chay Benji,C-Ciel,0,1595525575
paddu,C-Nero,1,Chay Benji,C-Ciel,2,1595525748
paddu,F-Nero,0,Chay Benji,C-Ciel,2,1595525890
paddu,F-Nero,2,Chay Benji,C-Ciel,0,1595526009
paddu,F-Nero,2,Chay Benji,C-Ciel,0,1595526111
paddu,F-Nero,1,Chay Benji,C-Ciel,2,1595526268
paddu,F-Nero,1,Chay Benji,C-Ciel,2,1595526450
paddu,F-Nero,2,Chay Benji,C-Ciel,0,1595526566
paddu,F-Nero,2,Chay Benji,C-Ciel,0,1595526685
paddu,F-Nero,2,Chay Benji,C-Ciel,0,1595526793
paddu,F-Nero,2,Chay Benji,C-Ciel,0,1595526940
paddu,F-Nero,2,Chay Benji,C-Ciel,1,1595527098
paddu,F-Nero,1,Chay Benji,C-Ciel,2,1595527281
paddu,C-Nero,0,kekus,C-Roa,2,1595610935
paddu,C-Nero,2,kekus,C-Roa,1,1595611109
paddu,C-Nero,1,kekus,C-Roa,2,1595611268
paddu,C-Nero,2,kekus,C-Roa,1,1595611433
paddu,C-Nero,0,kekus,C-Roa,2,1595611555
paddu,C-Nero,2,kekus,C-Roa,1,1595611744
paddu,C-Nero,2,kekus,C-Roa,1,1595611911
paddu,C-Nero,0,kekus,C-Roa,2,1595612013
paddu,C-Nero,2,kekus,C-Roa,0,1595612103
paddu,C-Nero,2,kekus,C-Roa,0,1595612215
paddu,C-Nero,0,kekus,C-Roa,2,1595612319
paddu,C-Nero,1,kekus,C-Roa,2,1595612492
paddu,C-Nero,0,kekus,C-Roa,2,1595612621
paddu,C-Nero,1,kekus,C-Roa,2,1595612740
paddu,C-Nero,0,kekus,C-Roa,2,1595612877
paddu,C-Nero,2,kekus,C-Roa,1,1595612994
paddu,C-Nero,2,kekus,C-Roa,0,1595613125
paddu,C-Nero,2,kekus,C-Roa,0,1595613234
paddu,C-Nero,0,kekus,C-Roa,2,1595613342
paddu,C-Nero,2,sacchin irl,H-Satsuki,0,1595615243
paddu,C-Nero,2,sacchin irl,H-Satsuki,1,1595615436
paddu,C-Nero,1,Aurablitz,C-Nanaya,2,1595616543
paddu,C-Nero,2,Nineball,F-Miyako,1,1595617091
paddu,C-Nero,2,Nineball,F-Miyako,1,1595617314
paddu,C-Nero,1,Eleos,C-S.Akiha,2,1595619520
paddu,C-Nero,2,Eleos,C-S.Akiha,1,1595619754
paddu,C-Nero,2,Eleos,C-S.Akiha,0,1595619883
paddu,C-Nero,0,TF Frankbottle,F-Hime,2,1595620774
paddu,C-Nero,0,TF Frankbottle,F-Hime,2,1595620929
paddu,C-Nero,2,memento_muri,F-P.Ciel,0,1595705281
paddu,C-Nero,0,memento_muri,F-P.Ciel,2,1595705422
paddu,C-Nero,2,memento_muri,F-P.Ciel,0,1595705563
paddu,C-Nero,1,memento_muri,F-P.Ciel,2,1595705732
paddu,C-Nero,0,memento_muri,F-P.Ciel,2,1595705816
paddu,C-Nero,0,memento_muri,F-P.Ciel,2,1595705918
paddu,C-Nero,1,memento_muri,F-P.Ciel,2,1595706100
paddu,C-Nero,0,memento_muri,F-P.Ciel,2,1595706212
paddu,C-Nero,1,memento_muri,F-P.Ciel,2,1595706399
paddu,C-Nero,0,memento_muri,F-P.Ciel,2,1595706558
paddu,C-Nero,0,memento_muri,F-P.Ciel,2,1595706739
paddu,C-Nero,2,memento_muri,F-P.Ciel,0,1595706850
paddu,C-Nero,1,memento_muri,F-P.Ciel,2,1595707041
paddu,C-Nero,2,Nar'sie,H-Roa,0,1595727549
paddu,C-Nero,2,Nar'sie,H-Roa,0,1595727687
paddu,C-Nero,2,Nar'sie,H-Roa,0,1595727785
paddu,C-Nero,2,Nar'sie,H-Roa,1,1595727985
paddu,C-Nero,2,Nar'sie,H-Roa,0,1595728135
paddu,C-Nero,2,Nar'sie,H-Roa,0,1595728230
paddu,C-Nero,2,Nar'sie,H-Roa,0,1595728354
paddu,C-Nero,2,Nar'sie,H-Roa,0,1595728439
paddu,C-Nero,2,Nar'sie,H-Roa,0,1595728608
paddu,C-Nero,2,Nar'sie,F-Akiha,0,1595728761
paddu,C-Nero,1,Nar'sie,F-Akiha,2,1595728976
paddu,C-Nero,2,Nar'sie,F-Akiha,0,1595729132
paddu,C-Nero,2,Nar'sie,F-Akiha,0,1595729302
paddu,C-Nero,2,Nar'sie,F-Akiha,1,1595729485
paddu,C-Nero,2,Nar'sie,F-Akiha,0,1595729650
paddu,C-Nero,2,Nar'sie,F-Akiha,1,1595729826
paddu,C-Nero,2,Nar'sie,F-Akiha,0,1595729955
paddu,C-Nero,2,Nar'sie,F-Akiha,1,1595730183
paddu,C-Nero,2,Nar'sie,F-Akiha,0,1595730298
paddu,C-Nero,2,Yummycyka Sadchinchin,C-Satsuki,0,1595771133
paddu,C-Nero,2,Yummycyka Sadchinchin,C-Satsuki,0,1595771309
paddu,C-Nero,2,Yummycyka Sadchinchin,C-Satsuki,1,1595771461
paddu,C-Nero,2,Yummycyka Sadchinchin,C-Satsuki,0,1595771568
paddu,C-Nero,1,Yummycyka Sadchinchin,C-Satsuki,2,1595771748
paddu,C-Nero,0,Yummycyka Sadchinchin,C-Satsuki,2,1595771849
paddu,C-Nero,2,Yummycyka Sadchinchin,C-Satsuki,0,1595771956
paddu,C-Nero,0,Yummycyka Sadchinchin,C-Satsuki,2,1595772100
paddu,C-Nero,2,Yummycyka Sadchinchin,C-Satsuki,1,1595772288
paddu,C-Nero,2,Yummycyka Sadchinchin,C-Satsuki,1,1595772529
paddu,C-Nero,0,Yummycyka Sadchinchin,C-Satsuki,2,1595772637
paddu,C-Nero,1,Yummycyka Sadchinchin,C-Satsuki,2,1595772833
paddu,C-Nero,0,Yummycyka Sadchinchin,C-Satsuki,2,1595772929
paddu,C-Nero,0,Yummycyka Sadchinchin,C-Satsuki,2,1595773037
paddu,C-Nero,0,Yummycyka Sadchinchin,C-Satsuki,2,1595773160
paddu,C-Nero,0,Yummycyka Sadchinchin,C-Satsuki,2,1595773295
paddu,C-Nero,1,Yummycyka Sadchinchin,C-Satsuki,2,1595773490
paddu,C-Nero,2,Sliicer,H-Kohaku,0,1595873557
paddu,C-Nero,2,Sliicer,H-Kohaku,1,1595873711
paddu,C-Nero,2,Sliicer,H-Kohaku,1,1595873907
paddu,C-Nero,2,Sliicer,H-Kohaku,0,1595874060
paddu,C-Nero,2,Sliicer,H-Kohaku,1,1595874272
paddu,C-Nero,2,Sliicer,H-Kohaku,0,1595874420
paddu,C-Nero,2,Sliicer,H-Kohaku,0,1595874514
paddu,C-Nero,0,Sliicer,H-Kohaku,2,1595874643
paddu,C-Nero,2,Sliicer,H-Kohaku,0,1595874746
paddu,C-Nero,2,Sliicer,H-Kohaku,0,1595874915
paddu,C-Nero,2,Sliicer,H-Kohaku,0,1595875072
paddu,C-Nero,2,Sliicer,H-Kohaku,0,1595875225
paddu,C-Nero,2,Sliicer,H-Kohaku,0,1595875358
paddu,C-Nero,2,Sliicer,H-Kohaku,0,1595875534
paddu,C-Nero,2,Sliicer,H-Kohaku,1,1595875798
paddu,C-Nero,2,Sliicer,H-Kohaku,0,1595875924
paddu,C-Nero,1,nise,H-Ryougi,2,1595877130
paddu,C-Nero,0,nise,H-Ryougi,2,1595877306
paddu,C-Nero,2,nise,H-Ryougi,1,1595877473
paddu,C-Nero,1,nise,H-Ryougi,2,1595877660
paddu,C-Nero,0,nise,H-Ryougi,2,1595877779
paddu,C-Nero,2,nise,H-Ryougi,1,1595877917
paddu,C-Nero,0,nise,H-Ryougi,2,1595878029
paddu,C-Nero,2,Aurablitz,C-Nanaya,0,1595941195
paddu,C-Nero,0,Aurablitz,C-Nanaya,2,1595941291
paddu,C-Nero,0,Aurablitz,C-Nanaya,2,1595941400
paddu,C-Nero,0,Aurablitz,C-Nanaya,2,1595941557
paddu,C-Nero,0,Aurablitz,C-Nanaya,2,1595941696
paddu,C-Nero,2,Aurablitz,C-Nanaya,0,1595941823
paddu,C-Nero,1,Aurablitz,C-Nanaya,2,1595942065
paddu,C-Nero,2,Aurablitz,C-Nanaya,0,1595942174
paddu,C-Nero,2,Aurablitz,C-Nanaya,1,1595942422
paddu,C-Nero,2,Aurablitz,C-Nanaya,0,1595942597
paddu,C-Nero,2,Aurablitz,C-Nanaya,1,1595942793
paddu,C-Nero,1,Aurablitz,C-Nanaya,2,1595942934
paddu,C-Nero,2,Aurablitz,C-Nanaya,1,1595943104
paddu,C-Nero,1,Aurablitz,C-Nanaya,2,1595943327
paddu,C-Nero,2,Aurablitz,C-Nanaya,1,1595943510
paddu,C-Nero,1,Aurablitz,C-Nanaya,2,1595943732
paddu,C-Nero,0,Aurablitz,C-Nanaya,2,1595943877
paddu,C-Nero,2,Aurablitz,C-Nanaya,0,1595944026
paddu,C-Nero,0,Aurablitz,C-Nanaya,2,1595944132
paddu,C-Nero,1,TF Frankbottle,F-Hime,2,1596117835
paddu,C-Nero,2,TF Frankbottle,F-Hime,1,1596118018
paddu,C-Nero,2,TF Frankbottle,F-Hime,0,1596118149
paddu,C-Nero,2,TF Frankbottle,F-Hime,0,1596118259
paddu,C-Nero,2,TF Frankbottle,F-Hime,0,1596118361
paddu,C-Nero,2,TF Frankbottle,F-Hime,1,1596118516
paddu,C-Nero,1,TF Frankbottle,F-Hime,2,1596118740
paddu,C-Nero,2,TF Frankbottle,F-Hime,0,1596118805
paddu,C-Nero,1,TF Frankbottle,F-Hime,2,1596118964
paddu,C-Nero,2,TF Frankbottle,F-Hime,0,1596119095
paddu,C-Nero,0,TF Frankbottle,F-Hime,2,1596119216
paddu,C-Nero,2,TF Frankbottle,F-Hime,0,1596119327
paddu,C-Nero,1,TF Frankbottle,F-Hime,2,1596119496
paddu,C-Nero,0,TF Frankbottle,F-Hime,2,1596119598
paddu,C-Nero,2,TF Frankbottle,F-Hime,0,1596119721
paddu,C-Nero,0,TF Frankbottle,F-Hime,2,1596119828
paddu,C-Nero,2,TF Frankbottle,F-Hime,1,1596120032
paddu,C-Nero,0,Eika,H-Hisui,2,1596134289
paddu,C-Nero,0,Eika,H-Hisui,2,1596134381
paddu,C-Nero,0,Eika,H-Hisui,2,1596134545
paddu,C-Nero,1,Eika,H-Hisui,2,1596134700
paddu,C-Nero,1,Eika,H-Hisui,2,1596134851
paddu,C-Nero,0,Eika,H-Hisui,2,1596134962
paddu,C-Nero,0,Eika,H-Hisui,2,1596135112
paddu,C-Nero,0,Eika,H-Hisui,2,1596135247
paddu,C-Nero,1,Eika,H-Hisui,2,1596135437
paddu,C-Nero,0,Eika,H-Hisui,2,1596135523
paddu,C-Nero,2,Eika,H-Hisui,1,1596135747
paddu,C-Nero,0,Eika,H-Hisui,2,1596135866
paddu,C-Nero,0,Eika,H-Hisui,2,1596136046
paddu,C-Nero,0,Eika,H-Hisui,2,1596136147
paddu,C-Nero,0,Eika,H-Hisui,2,1596136277
paddu,C-Nero,1,Eika,H-Hisui,2,1596136469
paddu,C-Nero,0,Eika,H-Hisui,2,1596136549
paddu,C-Nero,0,Eika,H-Hisui,2,1596136681
paddu,C-Nero,0,Eika,H-Hisui,2,1596136766
paddu,C-Nero,0,Eika,H-Hisui,2,1596136900
paddu,C-Aoko,2,Berschko,F-Arc,1,1596239352
paddu,C-Aoko,2,Berschko,F-Arc,1,1596239574
paddu,C-Aoko,1,Berschko,F-Arc,2,1596239724
paddu,C-Aoko,2,Berschko,F-Arc,0,1596239881
paddu,C-Aoko,2,Chay Benji,C-Ciel,0,1596312554
paddu,C-Aoko,2,Chay Benji,C-Ciel,0,1596312666
paddu,C-Aoko,0,Chay Benji,C-Ciel,2,1596312798
paddu,C-Aoko,2,Chay Benji,C-Ciel,1,1596312942
paddu,C-Aoko,2,Chay Benji,C-Ciel,0,1596313071
paddu,C-Aoko,2,Chay Benji,C-Ciel,0,1596313179
paddu,C-Aoko,2,Chay Benji,C-Ciel,0,1596313309
paddu,C-Aoko,1,Chay Benji,C-Ciel,2,1596313440
paddu,C-Aoko,0,Chay Benji,C-Ciel,2,1596313594
paddu,C-Aoko,2,Chay Benji,C-Ciel,0,1596313692
paddu,C-Aoko,2,Chay Benji,C-Ciel,0,1596313794
paddu,C-Aoko,2,Chay Benji,C-Ciel,1,1596313988
paddu,C-Aoko,2,Chay Benji,C-Ciel,0,1596314093
paddu,C-Aoko,2,Chay Benji,C-Ciel,1,1596314218
paddu,C-Aoko,2,Chay Benji,C-Ciel,1,1596314365
paddu,C-Aoko,2,Chay Benji,C-Ciel,0,1596314448
paddu,C-Aoko,1,Chay Benji,C-Ciel,2,1596314700
paddu,C-Aoko,2,Chay Benji,C-Ciel,1,1596314864
paddu,C-Aoko,1,Chay Benji,C-Ciel,2,1596315023
paddu,C-Aoko,1,Gibins,C-Aoko,2,1596326428
paddu,C-Aoko,0,Gibins,C-Aoko,2,1596326575
paddu,C-Aoko,0,Gibins,C-Aoko,2,1596326653
paddu,C-Aoko,0,Gibins,C-Aoko,2,1596326747
paddu,C-Nero,2,Gibins,C-Aoko,0,1596326830
paddu,C-Nero,2,Gibins,C-Aoko,1,1596327008
paddu,C-Nero,2,Gibins,C-Aoko,0,1596327103
paddu,C-Nero,2,Gibins,F-Aoko,0,1596327220
paddu,C-Nero,2,Gibins,F-Aoko,0,1596327345
paddu,C-Nero,2,Gibins,F-Aoko,0,1596327454
paddu,C-Nero,2,Gibins,F-Aoko,1,1596327627
paddu,C-Nero,2,Gibins,F-Aoko,0,1596327759
paddu,C-Nero,2,Gibins,F-Aoko,1,1596327912
paddu,C-Aoko,1,Sitha,F-Ries,2,1596385083
paddu,C-Aoko,1,Sitha,F-Ries,2,1596385239
paddu,C-Aoko,0,Sitha,F-Ries,2,1596385355
paddu,C-Aoko,0,Sitha,F-Ries,2,1596385447
paddu,C-Aoko,1,Sitha,F-Ries,2,1596385599
paddu,C-Aoko,1,Sitha,F-Ries,2,1596385764
paddu,C-Aoko,2,Sitha,F-Ries,1,1596385899
paddu,C-Aoko,2,Sitha,F-Ries,1,1596386105
paddu,C-Aoko,1,Sitha,F-Ries,2,1596386241
paddu,C-Aoko,0,Sitha,F-Ries,2,1596386344
paddu,C-Nero,2,Sitha,F-Ries,1,1596386529
paddu,C-Nero,0,Sitha,F-Ries,2,1596386623
paddu,C-Nero,2,Sitha,F-Ries,0,1596386725
paddu,C-Nero,0,Sitha,F-Ries,2,1596386818
paddu,C-Nero,2,Sitha,F-Ries,0,1596386966
paddu,C-Nero,2,Sitha,F-Ries,1,1596387195
paddu,C-Nero,2,Sitha,F-Ries,1,1596387406
paddu,C-Nero,2,Sitha,F-Ries,1,1596387583
paddu,C-Nero,2,Sitha,F-Ries,0,1596387681
paddu,C-Nero,2,Sitha,F-Ries,0,1596387794
paddu,C-Nero,1,Sitha,F-Ries,2,1596387916
paddu,C-Nero,0,Sitha,F-Ries,2,1596388043
paddu,C-Nero,2,Sitha,F-Ries,0,1596388156
paddu,C-Nero,1,Sitha,F-Ries,2,1596388312
paddu,C-Nero,2,Sitha,F-Ries,1,1596388504
paddu,C-Aoko,1,Sitha,F-Ries,2,1596388658
paddu,C-Aoko,2,Sitha,F-Ries,0,1596388796
paddu,C-Aoko,2,Sitha,F-Ries,0,1596388900
paddu,C-Aoko,2,Sitha,F-Ries,0,1596389014
paddu,C-Aoko,0,Sitha,F-Ries,2,1596389087
paddu,C-Aoko,0,Sitha,F-Ries,2,1596389179
paddu,C-Aoko,2,Sitha,F-Ries,0,1596389302
paddu,C-Aoko,2,Sitha,F-Ries,1,1596389457
paddu,C-Aoko,2,Sitha,F-Ries,0,1596389592
paddu,C-Aoko,2,Sitha,F-Ries,0,1596389675
paddu,C-Aoko,0,Sitha,F-Ries,2,1596389788
paddu,C-Aoko,1,Sitha,F-Ries,2,1596389926
paddu,C-Aoko,1,emmanuel chang,H-Nanaya,2,1596413714
paddu,C-Aoko,1,emmanuel chang,H-Nanaya,2,1596413874
paddu,C-Aoko,1,emmanuel chang,C-Nanaya,2,1596414113
paddu,C-Aoko,2,emmanuel chang,C-Nanaya,0,1596414225
paddu,C-Aoko,0,emmanuel chang,C-Nanaya,2,1596414323
paddu,C-Aoko,2,emmanuel chang,C-Nanaya,0,1596414491
paddu,C-Aoko,2,emmanuel chang,F-M.Hisui,1,1596414681
paddu,C-Aoko,2,emmanuel chang,F-M.Hisui,0,1596414792
paddu,C-Aoko,1,emmanuel chang,C-Maids,2,1596414961
paddu,C-Aoko,0,emmanuel chang,C-Maids,2,1596415064
paddu,C-Aoko,2,emmanuel chang,C-Maids,1,1596415257
paddu,C-Aoko,2,emmanuel chang,C-Maids,0,1596415426
paddu,C-Aoko,2,emmanuel chang,C-Maids,1,1596415600
paddu,C-Aoko,1,Regeci,C-Kohaku,2,1596418752
paddu,C-Aoko,0,Regeci,C-Kohaku,2,1596418874
paddu,C-Aoko,1,Regeci,C-Kohaku,2,1596419043
paddu,C-Aoko,0,Regeci,C-Kohaku,2,1596419162
paddu,C-Aoko,1,Regeci,C-Kohaku,2,1596419311
paddu,C-Aoko,0,Regeci,C-Kohaku,2,1596419375
paddu,C-Aoko,1,Regeci,C-Kohaku,2,1596419594
paddu,C-Aoko,2,Regeci,C-Kohaku,0,1596419725
paddu,C-Aoko,0,Regeci,C-Kohaku,2,1596419842
paddu,C-Aoko,1,Regeci,C-Kohaku,2,1596419994
paddu,C-Aoko,0,Regeci,C-Kohaku,2,1596420134
paddu,C-Aoko,1,Regeci,C-Kohaku,2,1596420362
paddu,C-Aoko,1,Regeci,C-Kohaku,2,1596420524
paddu,C-Aoko,0,Regeci,C-Kohaku,2,1596420613
paddu,C-Aoko,2,Regeci,C-Kohaku,0,1596420762
paddu,C-Aoko,2,Regeci,C-Kohaku,1,1596420935
paddu,C-Aoko,1,Regeci,C-Kohaku,2,1596421096
paddu,C-Aoko,0,Regeci,C-Kohaku,2,1596421177
paddu,C-Aoko,1,Regeci,C-Kohaku,2,1596421367
paddu,C-Aoko,0,Regeci,C-Kohaku,2,1596421494
paddu,C-Aoko,2,Regeci,C-Kohaku,1,1596421671
paddu,C-Aoko,0,Regeci,C-Kohaku,2,1596421780
paddu,C-Aoko,1,Regeci,C-Kohaku,2,1596421948
paddu,C-Aoko,2,Change your name,C-Nero,0,1596477114
paddu,C-Aoko,2,Change your name,C-Nero,0,1596477232
paddu,C-Aoko,2,Change your name,C-Nero,0,1596477327
paddu,C-Aoko,2,Change your name,C-Nero,0,1596477455
paddu,C-Aoko,2,Change your name,C-Nero,0,1596477588
paddu,C-Aoko,2,Change your name,C-Nero,0,1596477711
paddu,C-Aoko,2,Nissouma55 (Might have lag) (I dont mind getting kicked),H-Nanaya,0,1596488608
paddu,C-Aoko,0,Nissouma55 (Might have lag) (I dont mind getting kicked),H-Nanaya,2,1596488727
paddu,C-Aoko,1,Nissouma55 (Might have lag) (I dont mind getting kicked),H-Nanaya,2,1596488904
paddu,C-Aoko,2,Nissouma55 (Might have lag) (I dont mind getting kicked),H-Nanaya,0,1596489021
paddu,C-Aoko,1,Nissouma55 (Might have lag) (I dont mind getting kicked),F-Nanaya,2,1596489221
paddu,C-Aoko,1,Nissouma55 (Might have lag) (I dont mind getting kicked),F-Nanaya,2,1596489398
paddu,C-Aoko,1,Nissouma55 (Might have lag) (I dont mind getting kicked),F-Nanaya,2,1596489586
paddu,C-Nero,2,Nissouma55 (Might have lag) (I dont mind getting kicked),F-Nanaya,1,1596489763
paddu,C-Nero,2,Nissouma55 (Might have lag) (I dont mind getting kicked),F-Nanaya,1,1596489890
paddu,C-Nero,2,Nissouma55 (Might have lag) (I dont mind getting kicked),F-Nanaya,0,1596490004
paddu,C-Nero,2,Nissouma55 (Might have lag) (I dont mind getting kicked),C-Nanaya,0,1596490099
paddu,C-Nero,2,Nissouma55 (Might have lag) (I dont mind getting kicked),C-Nanaya,0,1596490220
paddu,C-Nero,1,Nissouma55 (Might have lag) (I dont mind getting kicked),F-Akiha,2,1596490418
paddu,C-Nero,2,Nissouma55 (Might have lag) (I dont mind getting kicked),F-Akiha,0,1596490506
paddu,C-Nero,0,Nissouma55 (Might have lag) (I dont mind getting kicked),F-Akiha,2,1596490661
paddu,C-Nero,1,Nissouma55 (Might have lag) (I dont mind getting kicked),F-Akiha,2,1596490848
paddu,C-Aoko,2,Nissouma55 (Might have lag) (I dont mind getting kicked),F-Akiha,1,1596491094
paddu,C-Aoko,1,Nissouma55 (Might have lag) (I dont mind getting kicked),F-Akiha,2,1596491261
paddu,C-Aoko,0,Nissouma55 (Might have lag) (I dont mind getting kicked),H-Tohno,2,1596491382
paddu,C-Aoko,2,Stimoro,C-Roa,0,1596653906
paddu,C-Aoko,1,Stimoro,C-Roa,2,1596654169
paddu,C-Aoko,2,Stimoro,C-Roa,0,1596654346
paddu,C-Aoko,2,Stimoro,C-Roa,1,1596654512
paddu,C-Aoko,2,Stimoro,C-Roa,0,1596654679
paddu,C-Aoko,0,Stimoro,C-Roa,2,1596654801
paddu,C-Aoko,2,Stimoro,C-Roa,0,1596654917
paddu,C-Aoko,2,Stimoro,C-Roa,1,1596655081
paddu,C-Aoko,2,Stimoro,C-Roa,0,1596655211
paddu,C-Aoko,2,Stimoro,C-Roa,1,1596655428
paddu,C-Aoko,0,Stimoro,C-Roa,2,1596655565
paddu,C-Aoko,0,Stimoro,C-Roa,2,1596655680
paddu,C-Aoko,1,Stimoro,C-Roa,2,1596655918
paddu,C-Aoko,2,Stimoro,C-Roa,1,1596656087
paddu,C-Aoko,1,Stimoro,C-Roa,2,1596656297
paddu,C-Aoko,2,Stimoro,C-Roa,1,1596656530
paddu,C-Aoko,2,Stimoro,C-Roa,0,1596656669
paddu,C-Aoko,2,Armetz,C-Tohno,0,1596659276
paddu,C-Aoko,2,Armetz,C-Tohno,0,1596659360
paddu,C-Aoko,2,Armetz,C-Tohno,0,1596659479
paddu,C-Aoko,2,Armetz,C-Tohno,0,1596659602
paddu,C-Aoko,2,Armetz,C-Tohno,0,1596659748
paddu,C-Aoko,1,Nar'sie,F-Akiha,2,1596813766
paddu,C-Aoko,0,Nar'sie,F-Akiha,2,1596813925
paddu,C-Aoko,0,Nar'sie,F-Akiha,2,1596814061
paddu,C-Aoko,0,Yummycyka Sadchinchin,F-Satsuki,2,1596821870
paddu,C-Aoko,1,Yummycyka Sadchinchin,F-Satsuki,2,1596822029
paddu,C-Aoko,0,Yummycyka Sadchinchin,F-Satsuki,2,1596822166
paddu,C-Aoko,0,Yummycyka Sadchinchin,F-Satsuki,2,1596822289
paddu,C-Nero,1,Yummycyka Sadchinchin,F-Satsuki,2,1596822443
paddu,C-Nero,0,Yummycyka Sadchinchin,F-Satsuki,2,1596822535
paddu,C-Nero,1,Yummycyka Sadchinchin,F-Satsuki,2,1596822695
paddu,C-Nero,0,Yummycyka Sadchinchin,F-Satsuki,2,1596822787
paddu,C-Nero,0,Yummycyka Sadchinchin,F-Satsuki,2,1596822897
paddu,C-Nero,1,Yummycyka Sadchinchin,F-Satsuki,2,1596823084
paddu,C-Nero,0,Yummycyka Sadchinchin,F-Satsuki,2,1596823196
paddu,C-Nero,2,n my honest opinion the stance that "warc is too much of a zoner" is a shit biased opinion that the melty community has created from the sole purpose of the amount of salt there brains have produced due to them not being able to dodge a ring just dodge the fucking ring why are you walking towards it just dodge the fucking ring you fucking troglodyt,C-Ryougi,0,1596823541
paddu,C-Nero,1,Aurablitz,C-Nanaya,2,1596824840
paddu,C-Nero,0,Aurablitz,C-Nanaya,2,1596825007
paddu,C-Nero,0,Kler,C-Satsuki,2,1596825458
paddu,C-Nero,2,Kler,C-Satsuki,1,1596825632
paddu,C-Nero,2,TengriKhan,H-Maids,0,1596826595
paddu,C-Nero,2,TengriKhan,H-Maids,0,1596826720
paddu,C-Nero,1,Draig,F-Ryougi,2,1596827652
paddu,C-Nero,1,Draig,F-Ryougi,2,1596827816
paddu,C-Nero,2,Blob,F-V.Akiha,1,1596831358
paddu,C-Nero,2,Blob,F-V.Akiha,1,1596831507
paddu,C-Nero,2,Blob,F-V.Akiha,0,1596831651
,C-Nero,0,Incel (formerly known as Nineball),F-Miyako,2,1596924946
,C-Nero,0,Incel (formerly known as Nineball),F-Miyako,2,1596925070
,C-Nero,1,Incel (formerly known as Nineball),F-Miyako,2,1596925242
,C-Nero,2,Incel (formerly known as Nineball),F-Miyako,0,1596925340
,C-Nero,2,Incel (formerly known as Nineball),F-Miyako,1,1596925492
,C-Nero,2,Incel (formerly known as Nineball),F-Miyako,0,1596925673
,C-Nero,0,Incel (formerly known as Nineball),F-Miyako,2,1596925828
,C-Nero,1,Incel (formerly known as Nineball),F-Miyako,2,1596925998
,C-Nero,0,Incel (formerly known as Nineball),F-Miyako,2,1596926135
,C-Nero,1,Incel (formerly known as Nineball),F-Miyako,2,1596926290
,C-Nero,0,Incel (formerly known as Nineball),F-Miyako,2,1596926446
,C-Nero,0,Incel (formerly known as Nineball),F-Miyako,2,1596926565
,C-Nero,1,Incel (formerly known as Nineball),F-Miyako,2,1596926702
,C-Nero,0,Incel (formerly known as Nineball),F-Miyako,2,1596926802
,C-Nero,0,Incel (formerly known as Nineball),F-Miyako,2,1596926980
,C-Nero,2,Incel (formerly known as Nineball),F-Miyako,1,1596927192
,C-Nero,1,Incel (formerly known as Nineball),F-Miyako,2,1596927319
,C-Nero,2,Incel (formerly known as Nineball),F-Miyako,0,1596927440
,C-Nero,0,Incel (formerly known as Nineball),F-Miyako,2,1596927573
,C-Nero,0,Incel (formerly known as Nineball),F-Miyako,2,1596927671
,C-Nero,2,Incel (formerly known as Nineball),F-Miyako,0,1596927765
paddu,C-Nero,1,nuage/Ouytsu,F-Kouma,2,1596951420
paddu,C-Nero,0,nuage/Ouytsu,F-Kouma,2,1596951535
paddu,C-Nero,0,nuage/Ouytsu,F-Kouma,2,1596951634
paddu,C-Nero,0,nuage/Ouytsu,F-Kouma,2,1596951799
paddu,C-Nero,0,nuage/Ouytsu,F-Kouma,2,1596951932
paddu,C-Nero,0,nuage/Ouytsu,F-Kouma,2,1596952081
paddu,C-Nero,2,nuage/Ouytsu,F-Kouma,0,1596952233
paddu,C-Nero,0,nuage/Ouytsu,F-Kouma,2,1596952388
paddu,C-Nero,1,nuage/Ouytsu,F-Kouma,2,1596952569
paddu,C-Nero,1,nuage/Ouytsu,F-Kouma,2,1596952717
paddu,C-Nero,0,nuage/Ouytsu,F-Kouma,2,1596952848
paddu,C-Nero,0,nuage/Ouytsu,F-Kouma,2,1596952962
paddu,C-Nero,0,nuage/Ouytsu,F-Kouma,2,1596953111
paddu,C-Nero,0,nuage/Ouytsu,F-Kouma,2,1596953244
paddu,C-Nero,2,nuage/Ouytsu,F-Kouma,1,1596953494
paddu,C-Nero,0,nuage/Ouytsu,F-Kouma,2,1596953608
paddu,C-Nero,0,nuage/Ouytsu,F-Kouma,2,1596953722
paddu,C-Nero,1,nuage/Ouytsu,F-Kouma,2,1596953981
paddu,C-Nero,1,nuage/Ouytsu,F-Kouma,2,1596954166
paddu,C-Nero,0,nuage/Ouytsu,F-Kouma,2,1596954265
paddu,C-Nero,2,nuage/Ouytsu,F-Kouma,0,1596954414
paddu,C-Nero,0,nuage/Ouytsu,F-Kouma,2,1596954548
paddu,C-Nero,0,nuage/Ouytsu,F-Kouma,2,1596954705
paddu,C-Nero,0,nuage/Ouytsu,F-Kouma,2,1596954807
paddu,H-Nero,2,Caj,H-Arc,0,1596990635
paddu,H-Nero,2,Caj,H-Arc,0,1596990766
paddu,H-Nero,2,Caj,H-Arc,1,1596991015
paddu,H-Nero,2,Caj,H-Arc,1,1596991220
paddu,H-Nero,2,Caj,H-Arc,0,1596991357
paddu,H-Nero,2,Caj,H-Arc,0,1596991514
paddu,H-Nero,2,Caj,H-Arc,1,1596991763
paddu,H-Nero,2,Caj,H-Arc,1,1596992000
paddu,H-Nero,2,Caj,H-Arc,0,1596992119
paddu,H-Nero,2,Caj,H-Arc,0,1596992252
paddu,C-Nero,2,Caj,H-Arc,0,1596992390
paddu,C-Nero,2,Caj,H-Arc,0,1596992516
paddu,C-Nero,2,Caj,H-Arc,0,1596992658
paddu,C-Nero,2,Caj,H-Arc,0,1596992775
paddu,C-Nero,2,Caj,H-Arc,0,1596992894
paddu,C-Nero,2,Caj,H-Arc,0,1596993058
paddu,C-Nero,2,Caj,H-Arc,0,1596993201
paddu,C-Nero,2,Caj,H-Arc,0,1596993297
paddu,C-Nero,2,Caj,H-Arc,0,1596993451
paddu,C-Nero,2,Caj,H-Arc,0,1596993563
paddu,H-Nero,1,Aurablitz,H-Roa,2,1597000774
paddu,H-Nero,0,Aurablitz,H-Roa,2,1597000853
paddu,H-Nero,1,Aurablitz,H-Roa,2,1597001045
paddu,H-Nero,0,Aurablitz,H-Roa,2,1597001161
paddu,H-Nero,1,Aurablitz,H-Roa,2,1597001381
paddu,C-Nero,1,Aurablitz,C-Nanaya,2,1597001577
paddu,C-Nero,0,Aurablitz,C-Nanaya,2,1597001669
paddu,C-Nero,0,Aurablitz,C-Nanaya,2,1597001860
paddu,C-Nero,2,Aurablitz,C-Nanaya,0,1597001961
paddu,C-Nero,1,Aurablitz,C-Nanaya,2,1597002144
paddu,C-Nero,1,Aurablitz,C-Nanaya,2,1597002311
paddu,C-Nero,2,Aurablitz,C-Nanaya,0,1597002449
paddu,C-Nero,2,Aurablitz,C-Nanaya,1,1597002577
paddu,C-Nero,2,Aurablitz,C-Nanaya,1,1597002756
paddu,C-Nero,0,Aurablitz,C-Nanaya,2,1597002899
paddu,C-Nero,0,Aurablitz,C-Nanaya,2,1597003035
paddu,C-Nero,1,Aurablitz,C-Nanaya,2,1597003148
paddu,C-Nero,1,Aurablitz,C-Nanaya,2,1597003336
paddu,C-Nero,2,EdszxNeo,F-S.Akiha,0,1597032072
paddu,C-Nero,2,EdszxNeo,F-S.Akiha,0,1597032168
paddu,C-Nero,2,EdszxNeo,F-S.Akiha,0,1597032282
paddu,C-Nero,2,EdszxNeo,F-S.Akiha,0,1597032371
paddu,C-Nero,2,EdszxNeo,F-S.Akiha,0,1597032491
paddu,C-Nero,2,EdszxNeo,F-S.Akiha,0,1597032608
paddu,C-Nero,2,EdszxNeo,F-S.Akiha,0,1597032764
paddu,C-Nero,2,EdszxNeo,F-S.Akiha,0,1597032863
paddu,C-Nero,2,EdszxNeo,F-S.Akiha,0,1597032989
paddu,C-Nero,2,EdszxNeo,F-S.Akiha,0,1597033105
paddu,C-Nero,1,Regeci,C-Kohaku,2,1597074778
paddu,C-Nero,2,Regeci,C-Kohaku,0,1597074901
paddu,C-Nero,2,Regeci,C-Kohaku,0,1597075044
paddu,C-Nero,1,Regeci,C-Kohaku,2,1597075189
paddu,C-Nero,0,Regeci,C-Kohaku,2,1597075344
paddu,C-Nero,1,Regeci,C-Kohaku,2,1597075508
paddu,C-Nero,1,Regeci,C-Kohaku,2,1597075687
paddu,C-Nero,0,Regeci,C-Kohaku,2,1597075808
paddu,C-Nero,2,Regeci,C-Kohaku,0,1597075892
paddu,C-Nero,2,Regeci,C-Kohaku,1,1597076039
paddu,C-Nero,2,Regeci,C-Kohaku,1,1597076251
paddu,C-Nero,2,Regeci,C-Kohaku,0,1597076362
paddu,C-Nero,2,Regeci,C-Kohaku,0,1597076493
paddu,C-Nero,2,Regeci,C-Kohaku,0,1597076606
paddu,C-Nero,2,Regeci,C-Kohaku,0,1597076704
paddu,C-Nero,2,Regeci,C-Kohaku,1,1597076860
paddu,C-Nero,0,2002,C-Tohno,2,1597097523
paddu,C-Nero,1,2002,C-Tohno,2,1597097711
paddu,C-Nero,0,2002,C-Tohno,2,1597097858
paddu,C-Nero,0,2002,C-Tohno,2,1597097981
paddu,C-Nero,0,2002,C-Tohno,2,1597098079
paddu,C-Nero,1,2002,C-Tohno,2,1597098251
paddu,C-Nero,1,2002,C-Tohno,2,1597098527
paddu,C-Nero,0,2002,C-Tohno,2,1597098629
paddu,C-Nero,0,2002,C-Tohno,2,1597098788
paddu,C-Nero,2,2002,C-Tohno,0,1597098935
paddu,C-Nero,2,2002,C-Tohno,0,1597099041
paddu,C-Nero,0,2002,C-Tohno,2,1597099151
paddu,C-Nero,2,BakaMangaka,H-Warc,1,1597186560
paddu,C-Nero,2,BakaMangaka,H-Warc,0,1597186658
paddu,C-Nero,2,BakaMangaka,H-Warc,0,1597186827
paddu,C-Nero,2,BakaMangaka,H-Warc,0,1597186922
paddu,H-Nero,1,BakaMangaka,H-Warc,2,1597187114
paddu,H-Nero,0,BakaMangaka,H-Warc,2,1597187203
paddu,H-Nero,2,BakaMangaka,H-Warc,1,1597187395
paddu,C-Nero,2,Gibins,C-Aoko,0,1597188272
paddu,C-Nero,2,Gibins,C-Aoko,0,1597188464
paddu,C-Nero,2,Gibins,C-Aoko,0,1597188588
paddu,C-Nero,2,Gibins,C-Aoko,0,1597188726
paddu,C-Nero,2,Gibins,C-Aoko,1,1597188868
paddu,C-Nero,2,Gibins,C-Aoko,1,1597189051
paddu,C-Nero,2,Gibins,C-Aoko,0,1597189172
paddu,C-Nero,2,Gibins,C-Aoko,1,1597189367
paddu,C-Nero,2,Gibins,C-Aoko,1,1597189555
paddu,C-Nero,2,Gibins,C-Aoko,1,1597189708
paddu,C-Nero,2,Gibins,C-Aoko,0,1597189888
paddu,C-Nero,2,Gibins,C-Aoko,1,1597190063
paddu,C-Nero,2,Gibins,C-Aoko,1,1597190240
paddu,C-Nero,2,Gibins,C-Aoko,0,1597190339
paddu,C-Nero,2,Gibins,C-Aoko,1,1597190500
paddu,C-Nero,2,Gibins,C-Aoko,1,1597190687
paddu,C-Nero,2,Gibins,C-Aoko,1,1597190851
paddu,C-Nero,2,Gibins,C-Aoko,0,1597190976
paddu,C-Nero,2,Gibins,C-Aoko,0,1597191118
paddu,C-Nero,2,Berschko,F-Arc,0,1597264323
paddu,C-Nero,2,Berschko,F-Arc,0,1597264450
paddu,C-Nero,2,Berschko,F-Arc,0,1597264555
paddu,C-Nero,2,Berschko,F-Arc,0,1597264650
paddu,C-Nero,2,Berschko,F-Arc,0,1597264777
paddu,C-Nero,2,Berschko,F-Arc,1,1597264928
paddu,C-Nero,2,Berschko,F-Arc,0,1597265050
paddu,C-Nero,2,Berschko,F-Arc,0,1597265146
paddu,C-Nero,2,Berschko,F-Arc,0,1597265264
paddu,C-Nero,2,Berschko,F-Arc,0,1597265360
paddu,C-Nero,2,Sliicer,H-Kohaku,1,1597347509
paddu,C-Nero,2,Sliicer,H-Kohaku,1,1597347690
paddu,C-Nero,1,Sliicer,H-Kohaku,2,1597347946
paddu,C-Nero,2,Sliicer,H-Kohaku,0,1597348080
paddu,C-Nero,2,Sliicer,H-Kohaku,0,1597348190
paddu,C-Nero,2,Sliicer,H-Kohaku,0,1597348325
paddu,C-Nero,2,Sliicer,H-Kohaku,1,1597348498
paddu,C-Nero,2,Sliicer,H-Kohaku,1,1597348658
paddu,C-Nero,1,Sliicer,H-Kohaku,2,1597348838
paddu,C-Nero,2,Sliicer,H-Kohaku,0,1597348981
paddu,C-Nero,2,Sliicer,H-Kohaku,0,1597349105
paddu,C-Nero,2,Sliicer,H-Kohaku,0,1597349223
paddu,C-Nero,1,Eika,H-Aoko,2,1597360239
paddu,C-Nero,2,Eika,H-Aoko,1,1597360439
paddu,C-Nero,1,Eika,H-Aoko,2,1597360606
paddu,C-Nero,2,Eika,H-Aoko,1,1597360795
paddu,C-Nero,1,Eika,H-Aoko,2,1597360922
paddu,C-Nero,1,Eika,H-Aoko,2,1597361150
paddu,C-Nero,0,Eika,H-Aoko,2,1597361284
paddu,C-Nero,2,Eika,H-Aoko,0,1597361442
paddu,C-Nero,2,Eika,H-Aoko,1,1597361649
paddu,C-Nero,0,Eika,H-Aoko,2,1597361767
paddu,C-Nero,2,Eika,H-V.Sion,1,1597361950
paddu,C-Nero,1,Eika,H-V.Sion,2,1597362168
paddu,C-Nero,0,Eika,H-V.Sion,2,1597362264
paddu,C-Nero,0,Eika,H-V.Sion,2,1597362357
paddu,C-Nero,2,Eika,H-V.Sion,1,1597362531
paddu,C-Nero,2,Eika,H-Satsuki,1,1597362723
paddu,C-Nero,1,Eika,H-Satsuki,2,1597362936
paddu,C-Nero,2,Eika,H-Satsuki,1,1597363177
paddu,C-Nero,2,Eika,H-Ryougi,0,1597363286
paddu,C-Nero,2,Eika,H-Ryougi,1,1597363462
paddu,C-Nero,2,Eika,C-Kohaku,1,1597363646
paddu,C-Nero,2,Eika,C-Kohaku,1,1597363838
paddu,C-Nero,1,Andrej,C-Kouma,2,1597422292
paddu,C-Nero,2,Andrej,C-Kouma,0,1597422408
paddu,C-Nero,1,Andrej,C-Kouma,2,1597422595
paddu,C-Nero,2,Andrej,C-Kouma,1,1597422760
paddu,C-Nero,2,Andrej,C-Kouma,1,1597422969
paddu,C-Nero,2,Andrej,C-Kouma,1,1597423158
paddu,C-Nero,2,Andrej,C-Kouma,0,1597423258
paddu,C-Nero,1,Andrej,C-Kouma,2,1597423420
paddu,C-Nero,2,Andrej,C-Kouma,0,1597423527
paddu,C-Nero,0,Andrej,C-Kouma,2,1597423658
paddu,C-Nero,0,Andrej,C-Kouma,2,1597423758
paddu,C-Nero,0,Andrej,C-Kouma,2,1597423908
paddu,C-Nero,2,Andrej,C-Kouma,1,1597424068
paddu,C-Nero,1,Andrej,C-Kouma,2,1597424233
paddu,C-Nero,2,Andrej,C-Kouma,0,1597424359
paddu,C-Nero,0,Andrej,C-Kouma,2,1597424455
paddu,C-Nero,2,Andrej,C-Kouma,0,1597424568
paddu,C-Nero,2,Andrej,C-Kouma,0,1597424700
,C-Nero,2,Change your name,C-S.Akiha,0,1597430407
,C-Nero,2,Change your name,C-S.Akiha,0,1597430517
,C-Nero,2,Change your name,C-S.Akiha,0,1597430617
,C-Nero,2,Change your name,C-S.Akiha,0,1597430719
,C-Nero,2,Change your name,C-S.Akiha,0,1597430847
,C-Nero,2,Change your name,C-S.Akiha,0,1597430954
,C-Nero,2,Change your name,C-S.Akiha,0,1597431059
,C-Nero,2,Change your name,C-S.Akiha,0,1597431168
,C-Nero,2,Change your name,C-S.Akiha,0,1597431275
,C-Nero,2,Change your name,C-S.Akiha,0,1597431373
paddu,C-Nero,1,nise,H-Ryougi,2,1597435645
paddu,C-Nero,2,nise,H-Ryougi,0,1597435726
paddu,F-Nero,2,Danee,F-Aoko,0,1597436401
paddu,F-Nero,2,Danee,F-Aoko,1,1597436567
paddu,F-Nero,2,Danee,F-Aoko,0,1597436674
paddu,F-Nero,2,Danee,F-Aoko,0,1597436756
paddu,F-Nero,2,Danee,F-Aoko,0,1597436855
paddu,F-Nero,2,Danee,F-Aoko,0,1597436950
paddu,F-Nero,2,Danee,F-Aoko,0,1597437066
paddu,F-Nero,2,Danee,F-Aoko,0,1597437159
paddu,F-Nero,2,Danee,F-Aoko,0,1597437243
paddu,F-Nero,2,Danee,F-Aoko,0,1597437341
paddu,F-Nero,2,Danee,F-Aoko,0,1597437437
paddu,C-Nero,2,Danee,F-Aoko,0,1597437559
paddu,C-Nero,2,Danee,F-Aoko,0,1597437637
paddu,C-Nero,2,Danee,F-Aoko,0,1597437728
paddu,C-Nero,2,Danee,F-Aoko,0,1597437807
paddu,C-Nero,2,Danee,F-Aoko,0,1597437897
paddu,C-Nero,2,Danee,F-Aoko,0,1597438017
paddu,C-Nero,2,Danee,F-Aoko,0,1597438153
paddu,C-Nero,2,Danee,F-Aoko,0,1597438232
paddu,C-Nero,2,Danee,F-Aoko,0,1597438327
paddu,C-Nero,2,Regeci,C-Kohaku,0,1597451339
paddu,C-Nero,2,Regeci,C-Kohaku,1,1597451524
paddu,C-Nero,2,Regeci,C-Kohaku,1,1597451667
paddu,C-Nero,2,Regeci,C-Kohaku,0,1597451733
paddu,C-Nero,1,Regeci,C-Kohaku,2,1597451920
paddu,C-Nero,2,Regeci,C-Kohaku,1,1597452106
paddu,C-Nero,2,Regeci,C-Kohaku,1,1597452330
paddu,C-Nero,0,Regeci,C-Kohaku,2,1597452465
paddu,C-Nero,1,Regeci,C-Kohaku,2,1597452648
paddu,C-Nero,2,Regeci,C-Kohaku,0,1597452758
paddu,C-Nero,2,Regeci,C-Kohaku,1,1597452922
paddu,C-Nero,2,Regeci,C-Kohaku,1,1597453056
paddu,F-Nero,2,Berschko,F-Arc,0,1597457922
paddu,F-Nero,1,Berschko,F-Arc,2,1597458090
paddu,F-Nero,2,Berschko,F-Arc,0,1597458186
paddu,F-Nero,2,Berschko,F-Arc,1,1597458357
paddu,F-Nero,2,Berschko,F-Arc,0,1597458465
paddu,F-Nero,2,Berschko,F-Arc,1,1597458837
paddu,F-Nero,2,Berschko,F-Arc,1,1597458999
paddu,F-Nero,2,Berschko,F-Arc,0,1597459108
paddu,F-Nero,2,Berschko,F-Arc,0,1597459225
paddu,F-Nero,2,Berschko,F-Arc,1,1597459430
paddu,F-Nero,2,Berschko,F-Arc,0,1597459545
paddu,F-Nero,2,Berschko,F-Arc,0,1597459687
paddu,F-Nero,2,Berschko,F-Arc,0,1597459826
paddu,F-Nero,2,Berschko,F-Arc,1,1597459979
paddu,F-Nero,2,Berschko,F-Arc,1,1597460115
paddu,F-Nero,1,Berschko,F-Arc,2,1597460296
paddu,F-Nero,2,Berschko,F-Arc,1,1597460460
paddu,F-Nero,2,Berschko,F-Arc,0,1597460565
paddu,F-Nero,2,Berschko,F-Arc,0,1597460679
paddu,F-Nero,2,Berschko,F-Arc,1,1597460849
paddu,F-Nero,1,Berschko,F-Arc,2,1597461021
paddu,F-Nero,2,Berschko,F-Arc,0,1597461138
paddu,F-Nero,2,Berschko,F-Arc,1,1597461296
paddu,F-Nero,2,Berschko,F-Arc,0,1597461434
paddu,C-Nero,2,nuage/Ouytsu,H-Satsuki,0,1597511628
paddu,C-Nero,0,nuage/Ouytsu,H-Satsuki,2,1597511776
paddu,C-Nero,0,nuage/Ouytsu,H-Satsuki,2,1597511888
paddu,C-Nero,0,nuage/Ouytsu,H-Satsuki,2,1597512035
paddu,C-Nero,0,nuage/Ouytsu,H-Satsuki,2,1597512161
paddu,C-Nero,0,nuage/Ouytsu,H-Satsuki,2,1597512311
paddu,C-Nero,2,nuage/Ouytsu,H-Satsuki,1,1597512529
paddu,C-Nero,0,nuage/Ouytsu,H-Satsuki,2,1597512681
paddu,C-Nero,1,nuage/Ouytsu,H-Satsuki,2,1597512847
paddu,C-Nero,1,nuage/Ouytsu,H-Satsuki,2,1597513023
paddu,C-Nero,1,nuage/Ouytsu,H-Satsuki,2,1597513269
paddu,C-Nero,2,VilkaShekotki,F-Miyako,1,1597513603
paddu,C-Nero,2,VilkaShekotki,F-Miyako,0,1597513722
paddu,C-Nero,2,VilkaShekotki,F-Miyako,0,1597513821
paddu,C-Nero,2,VilkaShekotki,F-Aoko,1,1597513981
paddu,C-Nero,2,VilkaShekotki,F-Aoko,0,1597514085
paddu,C-Nero,2,VilkaShekotki,F-Aoko,0,1597514194
paddu,F-Nero,2,VilkaShekotki,F-Miyako,0,1597514404
paddu,F-Nero,2,VilkaShekotki,F-Miyako,0,1597514507
paddu,F-Nero,2,VilkaShekotki,F-Miyako,0,1597514631
paddu,F-Nero,2,VilkaShekotki,F-Miyako,1,1597514819
paddu,F-Nero,2,VilkaShekotki,F-Miyako,0,1597514991
paddu,F-Nero,2,VilkaShekotki,F-Miyako,0,1597515104
paddu,F-Nero,2,Armetz,C-Tohno,1,1597694670
paddu,F-Nero,0,Armetz,C-Tohno,2,1597694785
paddu,F-Nero,2,Armetz,C-Tohno,0,1597694979
paddu,C-Nero,2,Armetz,F-Ries,0,1597695123
paddu,C-Nero,2,Armetz,C-Tohno,0,1597695201
paddu,C-Nero,2,Armetz,C-Tohno,0,1597695282
paddu,C-Nero,2,Armetz,C-Tohno,0,1597695395
paddu,C-Nero,2,Armetz,C-Tohno,0,1597695560
paddu,C-Nero,2,Armetz,C-Tohno,0,1597695700
paddu,C-Nero,2,Armetz,C-Tohno,0,1597695814
paddu,C-Nero,2,Armetz,C-Tohno,0,1597695911
paddu,C-Nero,2,Armetz,C-Tohno,0,1597696023
paddu,C-Nero,2,Armetz,C-Tohno,0,1597696129
paddu,C-Nero,2,Armetz,C-Tohno,0,1597696253
paddu,C-Nero,2,Armetz,C-Tohno,0,1597696361
paddu,C-Nero,2,Armetz,C-Tohno,0,1597696454
paddu,C-Nero,2,Armetz,C-Tohno,0,1597696567
paddu,C-Nero,2,Armetz,C-Tohno,0,1597696666
paddu,C-Nero,2,Armetz,C-Tohno,0,1597696811
paddu,C-Nero,2,Armetz,C-Tohno,0,1597696916
paddu,C-Nero,2,Armetz,C-Tohno,0,1597697063
paddu,C-Nero,2,Armetz,C-Tohno,0,1597697191
paddu,C-Nero,2,Armetz,C-Tohno,0,1597697332
paddu,C-Nero,2,Armetz,C-Tohno,1,1597697492
paddu,C-Nero,2,Armetz,C-Tohno,0,1597697598
paddu,C-Nero,2,Armetz,C-Tohno,0,1597697702
paddu,C-Aoko,2,Armetz,C-Tohno,0,1597941520
paddu,C-Aoko,2,Armetz,C-Tohno,0,1597941610
paddu,C-Aoko,2,Change your name,C-W.Len,0,1597945891
paddu,C-Aoko,2,Change your name,C-W.Len,0,1597946044
paddu,C-Aoko,2,Change your name,C-W.Len,1,1597946247
paddu,C-Aoko,0,Change your name,C-W.Len,2,1597946371
paddu,C-Aoko,2,Change your name,C-W.Len,0,1597946503
paddu,C-Aoko,2,Change your name,C-W.Len,0,1597946591
paddu,C-Aoko,0,Change your name,C-W.Len,2,1597946740
paddu,C-Aoko,2,Change your name,C-W.Len,1,1597946958
paddu,C-Aoko,2,Change your name,C-W.Len,0,1597947089
paddu,C-Aoko,2,Change your name,C-W.Len,1,1597947252
paddu,C-Aoko,2,Change your name,C-W.Len,0,1597947410
paddu,C-Aoko,2,Change your name,C-W.Len,0,1597947498
paddu,C-Nero,1,FLen is cute,F-Len,2,1597948738
paddu,C-Nero,2,FLen is cute,F-Len,1,1597948890
paddu,C-Nero,1,FLen is cute,F-Len,2,1597949046
paddu,C-Nero,2,FLen is cute,F-Len,1,1597949237
paddu,C-Nero,0,FLen is cute,F-Len,2,1597949355
paddu,C-Nero,2,FLen is cute,F-Len,0,1597949494
paddu,C-Nero,2,FLen is cute,F-Len,0,1597949615
paddu,C-Nero,0,FLen is cute,F-Len,2,1597949686
paddu,C-Nero,0,FLen is cute,F-Len,2,1597949785
paddu,C-Nero,0,FLen is cute,F-Len,2,1597949911
paddu,C-Nero,2,FLen is cute,F-Len,1,1597950128
paddu,C-Nero,2,FLen is cute,F-Len,1,1597950295
paddu,C-Nero,0,FLen is cute,F-Len,2,1597950391
paddu,C-Nero,1,FLen is cute,F-Len,2,1597950575
paddu,C-Nero,2,FLen is cute,F-Len,0,1597950707
paddu,C-Nero,1,FLen is cute,F-Len,2,1597950830
paddu,C-Nero,0,FLen is cute,F-Len,2,1597950907
paddu,C-Aoko,2,Caj,H-Arc,0,1597954704
paddu,C-Aoko,2,Caj,H-Arc,1,1597954908
paddu,C-Aoko,2,Caj,H-Arc,1,1597955143
paddu,C-Aoko,2,Caj,H-Arc,0,1597955243
paddu,C-Aoko,2,Caj,H-Arc,1,1597955442
paddu,C-Aoko,2,Caj,H-Arc,0,1597955535
paddu,C-Aoko,2,Caj,H-Arc,1,1597955731
paddu,C-Aoko,2,Caj,H-Arc,0,1597955867
paddu,C-Aoko,1,Caj,H-Arc,2,1597955999
paddu,C-Aoko,1,Caj,H-Arc,2,1597956176
paddu,C-Aoko,2,Caj,H-Arc,1,1597956368
paddu,C-Aoko,1,Caj,H-Arc,2,1597956563
paddu,C-Aoko,2,Caj,H-Arc,0,1597956668
paddu,C-Aoko,0,Waruine,C-Nanaya,2,1598011324
paddu,C-Aoko,2,Waruine,C-Nanaya,0,1598011438
paddu,C-Aoko,0,Waruine,C-Nanaya,2,1598011557
paddu,C-Aoko,2,Waruine,C-Nanaya,0,1598011663
paddu,C-Aoko,2,Waruine,C-Nanaya,0,1598011781
paddu,C-Aoko,2,Waruine,C-Nanaya,1,1598011951
paddu,C-Aoko,1,Waruine,C-Nanaya,2,1598012109
paddu,C-Aoko,0,Waruine,C-Nanaya,2,1598012223
paddu,C-Aoko,2,Waruine,C-Nanaya,0,1598012326
paddu,C-Aoko,2,Waruine,C-Nanaya,0,1598012435
paddu,C-Aoko,2,Waruine,C-Nanaya,0,1598012541
paddu,C-Aoko,2,Waruine,C-Nanaya,1,1598012708
paddu,C-Aoko,2,Waruine,C-Nanaya,0,1598012848
paddu,C-Aoko,2,Waruine,C-Nanaya,1,1598012998
paddu,C-Aoko,2,Waruine,C-Nanaya,0,1598013101
paddu,C-Aoko,2,Waruine,C-Nanaya,0,1598013226
paddu,C-Aoko,2,Waruine,C-Nanaya,0,1598013321
paddu,C-Aoko,2,Waruine,C-Nanaya,0,1598013458
paddu,C-Aoko,2,Waruine,C-Nanaya,1,1598013626
paddu,C-Aoko,2,Waruine,C-Nanaya,0,1598013740
paddu,C-Aoko,2,Waruine,C-Nanaya,0,1598013877
paddu,C-Aoko,2,Waruine,C-Nanaya,0,1598014005
paddu,C-Aoko,2,Waruine,C-Nanaya,0,1598014085
paddu,C-Aoko,2,Waruine,C-Nanaya,0,1598014187
paddu,C-Nero,0,2002,C-S.Akiha,2,1598033605
paddu,C-Nero,1,2002,C-S.Akiha,2,1598033818
paddu,C-Aoko,2,n my honest opinion the stance that "warc is too much of a zoner" is a shit biased opinion that the melty community has created from the sole purpose of the amount of salt there brains have produced due to them not being able to dodge a ring just dodge the fucking ring why are you walking towards it just dodge the fucking ring you fucking troglodyt,C-Ryougi,0,1598034061
paddu,C-Aoko,2,n my honest opinion the stance that "warc is too much of a zoner" is a shit biased opinion that the melty community has created from the sole purpose of the amount of salt there brains have produced due to them not being able to dodge a ring just dodge the fucking ring why are you walking towards it just dodge the fucking ring you fucking troglodyt,C-Ryougi,0,1598034297
paddu,C-Nero,2,banan,C-Sion,1,1598036141
paddu,C-Nero,0,banan,C-Akiha,2,1598036257
paddu,C-Aoko,2,Change your name,H-KohaMech,0,1598045159
paddu,C-Aoko,2,Change your name,H-KohaMech,0,1598045264
paddu,C-Aoko,2,Change your name,H-V.Sion,0,1598045699
paddu,C-Aoko,0,Change your name,H-V.Sion,2,1598045797
paddu,C-Aoko,0,Change your name,H-V.Sion,2,1598045934
paddu,C-Aoko,2,Change your name,H-V.Sion,1,1598046078
paddu,C-Aoko,2,Armetz,C-Tohno,0,1598048060
paddu,C-Aoko,2,Armetz,C-Tohno,1,1598048241
paddu,C-Aoko,2,Armetz,C-Tohno,1,1598048440
paddu,C-Aoko,2,Armetz,C-Tohno,1,1598048649
paddu,C-Aoko,2,Armetz,C-Tohno,1,1598048825
paddu,C-Aoko,2,Armetz,C-Tohno,1,1598049005
paddu,C-Aoko,2,Armetz,C-Tohno,0,1598049117
paddu,C-Aoko,2,Armetz,C-Tohno,0,1598049254
paddu,C-Aoko,2,Armetz,C-Tohno,0,1598049366
paddu,C-Aoko,2,Armetz,C-Tohno,0,1598049485
paddu,C-Aoko,2,Armetz,C-Tohno,0,1598049608
paddu,C-Aoko,2,Armetz,C-Tohno,0,1598049729
paddu,C-Aoko,1,Armetz,C-Tohno,2,1598049910
paddu,C-Aoko,2,Armetz,C-Tohno,0,1598050014
paddu,C-Aoko,2,Armetz,C-Tohno,1,1598050198
paddu,C-Aoko,2,Armetz,C-Tohno,1,1598050379
paddu,C-Aoko,2,Armetz,C-Tohno,0,1598050515
paddu,C-Aoko,2,Armetz,C-Tohno,0,1598050628
paddu,C-Aoko,2,Armetz,C-Tohno,0,1598050718
paddu,C-Aoko,2,Armetz,C-Tohno,0,1598050804
paddu,C-Aoko,2,Kler,C-Satsuki,1,1598059446
paddu,C-Aoko,1,Kler,C-Satsuki,2,1598059639
paddu,C-Aoko,0,Kler,C-Satsuki,2,1598059778
paddu,C-Aoko,2,Kler,C-Satsuki,0,1598059876
paddu,C-Aoko,2,Kler,C-Satsuki,1,1598060044
paddu,C-Aoko,1,Kler,C-Satsuki,2,1598060254
paddu,C-Aoko,0,Kler,C-Satsuki,2,1598060361
paddu,C-Aoko,0,Kler,C-Satsuki,2,1598060510
paddu,C-Aoko,2,Kler,C-Satsuki,1,1598060708
paddu,C-Aoko,2,Change your name,C-Ryougi,0,1598102368
paddu,C-Aoko,2,Change your name,C-Ciel,0,1598102484
paddu,C-Aoko,2,Change your name,C-Ciel,0,1598102600
paddu,C-Aoko,2,Change your name,C-Ciel,0,1598102681
paddu,C-Aoko,2,Change your name,C-Ciel,0,1598102752
paddu,C-Aoko,2,Change your name,C-Ciel,0,1598102830
paddu,C-Aoko,2,Change your name,C-Ciel,0,1598102905
paddu,C-Aoko,2,Change your name,C-Ciel,0,1598102982
paddu,C-Aoko,2,Change your name,C-Ciel,0,1598103092
paddu,C-Aoko,2,Change your name,C-Ciel,0,1598103184
paddu,C-Aoko,2,Change your name,C-Aoko,0,1598107189
paddu,C-Aoko,2,Change your name,C-Aoko,0,1598107271
paddu,C-Aoko,2,Change your name,C-Aoko,0,1598107387
paddu,C-Aoko,1,Change your name,C-Aoko,2,1598107562
paddu,C-Aoko,2,Change your name,C-Aoko,0,1598107666
paddu,C-Aoko,0,Change your name,C-Aoko,2,1598107762
paddu,C-Aoko,2,Change your name,C-Aoko,1,1598107883
paddu,C-Aoko,2,Change your name,C-Aoko,0,1598107964
paddu,C-Aoko,2,Change your name,C-Aoko,1,1598108132
paddu,C-Aoko,2,Change your name,C-Aoko,1,1598108285
paddu,C-Aoko,2,Change your name,C-Aoko,0,1598108369
paddu,C-Aoko,2,Change your name,F-Aoko,1,1598108503
paddu,C-Aoko,2,Change your name,F-Aoko,0,1598108645
paddu,C-Aoko,1,Change your name,F-Aoko,2,1598108776
paddu,C-Aoko,2,Change your name,F-Aoko,1,1598108951
paddu,C-Aoko,1,Change your name,F-Aoko,2,1598109131
paddu,C-Aoko,2,Change your name,F-Aoko,1,1598109308
paddu,C-Aoko,0,Change your name,F-Aoko,2,1598109434
paddu,C-Aoko,1,Change your name,F-Aoko,2,1598109572
paddu,C-Aoko,2,Change your name,F-Aoko,0,1598109665
paddu,C-Nero,0,nuage/Ouytsu,F-Ries,2,1598290777
paddu,C-Nero,0,nuage/Ouytsu,F-Ries,2,1598290876
paddu,C-Nero,1,nuage/Ouytsu,F-Ries,2,1598291041
paddu,C-Nero,0,nuage/Ouytsu,F-Ries,2,1598291135
paddu,C-Nero,0,nuage/Ouytsu,F-Ries,2,1598291233
paddu,C-Aoko,0,nuage/Ouytsu,F-Ries,2,1598291302
paddu,C-Aoko,0,nuage/Ouytsu,F-Ries,2,1598291400
paddu,C-Aoko,0,nuage/Ouytsu,F-Ries,2,1598291467
paddu,C-Aoko,0,nuage/Ouytsu,F-Ries,2,1598291550
paddu,C-Aoko,2,torrenz,F-Wara,0,1598295741
paddu,C-Aoko,0,torrenz,F-Wara,2,1598295844
paddu,C-Aoko,0,torrenz,F-Wara,2,1598295945
paddu,C-Aoko,0,torrenz,F-Wara,2,1598296063
paddu,C-Aoko,2,torrenz,F-Wara,1,1598296229
paddu,C-Aoko,0,torrenz,F-Wara,2,1598296329
paddu,C-Aoko,2,torrenz,F-Wara,1,1598296500
paddu,C-Aoko,2,torrenz,F-Wara,0,1598296604
paddu,C-Aoko,2,torrenz,F-Wara,1,1598296752
paddu,C-Aoko,1,torrenz,F-Wara,2,1598296873
paddu,C-Aoko,0,torrenz,F-Wara,2,1598297005
paddu,C-Aoko,2,torrenz,F-Wara,0,1598297134
paddu,C-Aoko,2,torrenz,F-Wara,0,1598297231
paddu,C-Aoko,2,torrenz,F-Wara,1,1598297426
paddu,C-Aoko,0,torrenz,F-Wara,2,1598297503
paddu,C-Aoko,0,torrenz,F-Wara,2,1598297651
paddu,C-Aoko,1,torrenz,F-Wara,2,1598297831
paddu,C-Aoko,0,torrenz,F-Wara,2,1598297941
paddu,C-Nero,2,torrenz,F-Wara,0,1598298055
paddu,C-Nero,1,torrenz,F-Wara,2,1598298173
paddu,C-Nero,2,torrenz,F-Wara,0,1598298280
paddu,C-Nero,2,torrenz,F-Wara,1,1598298423
paddu,C-Nero,2,torrenz,F-Wara,0,1598298541
paddu,C-Nero,2,torrenz,F-Wara,0,1598298645
paddu,C-Nero,2,torrenz,F-Wara,0,1598298749
paddu,C-Nero,2,torrenz,F-Wara,1,1598298895
paddu,C-Nero,1,torrenz,F-Wara,2,1598299103
paddu,C-Nero,0,torrenz,F-Wara,2,1598299226
paddu,C-Nero,0,torrenz,F-Wara,2,1598299335
paddu,C-Nero,2,torrenz,F-Wara,1,1598299520
paddu,C-Nero,2,torrenz,F-Wara,1,1598299685
paddu,H-Nero,1,2002,C-S.Akiha,2,1598390337
paddu,H-Nero,2,2002,C-S.Akiha,1,1598390552
paddu,H-Nero,0,2002,C-S.Akiha,2,1598390699
paddu,H-Nero,0,2002,C-S.Akiha,2,1598390836
paddu,H-Nero,0,2002,C-S.Akiha,2,1598390978
paddu,H-Nero,0,2002,C-S.Akiha,2,1598391096
paddu,H-Nero,0,2002,C-S.Akiha,2,1598391260
paddu,H-Nero,1,2002,C-S.Akiha,2,1598391506
paddu,C-Nero,2,It's useless&comma; it's all useless.,F-Nanaya,0,1598399157
paddu,C-Nero,2,It's useless&comma; it's all useless.,F-Nanaya,0,1598399239
paddu,C-Nero,2,It's useless&comma; it's all useless.,F-Nanaya,1,1598399401
paddu,C-Nero,0,It's useless&comma; it's all useless.,F-Nanaya,2,1598399531
paddu,C-Nero,2,It's useless&comma; it's all useless.,F-Nanaya,1,1598399694
paddu,C-Nero,2,It's useless&comma; it's all useless.,F-Nanaya,0,1598399800
paddu,C-Nero,2,It's useless&comma; it's all useless.,F-Nanaya,0,1598399903
paddu,C-Nero,2,It's useless&comma; it's all useless.,F-Nanaya,0,1598400033
paddu,C-Nero,2,It's useless&comma; it's all useless.,F-Nanaya,1,1598400208
paddu,C-Nero,2,It's useless&comma; it's all useless.,F-Nanaya,0,1598400310
paddu,C-Nero,2,It's useless&comma; it's all useless.,F-Nanaya,1,1598400501
paddu,C-Nero,0,Gibins,F-Aoko,2,1598469725
paddu,C-Nero,1,Gibins,F-Aoko,2,1598469933
paddu,F-Nero,2,Gibins,F-Aoko,1,1598470132
paddu,F-Nero,1,Gibins,F-Aoko,2,1598470305
paddu,F-Nero,0,Gibins,F-Aoko,2,1598470415
paddu,F-Nero,1,Gibins,F-Aoko,2,1598470592
paddu,H-Nero,0,Gibins,F-Aoko,2,1598470736
paddu,H-Nero,0,Gibins,F-Aoko,2,1598470838
paddu,H-Nero,1,Gibins,F-Aoko,2,1598471004
paddu,C-Nero,2,Gibins,F-Aoko,1,1598471159
paddu,C-Nero,2,Gibins,F-Aoko,0,1598471266
paddu,C-Nero,2,Gibins,F-Aoko,1,1598471400
paddu,C-Nero,2,Gibins,F-Aoko,0,1598471504
paddu,C-Nero,2,Gibins,F-Aoko,1,1598471659
paddu,C-Nero,2,Gibins,F-Aoko,0,1598471838
paddu,C-Nero,1,Gibins,F-Aoko,2,1598472004
paddu,C-Nero,0,Gibins,F-Aoko,2,1598472124
paddu,C-Nero,2,Gibins,F-Aoko,1,1598472282
paddu,C-Nero,2,Gibins,F-Aoko,1,1598472474
paddu,C-Nero,0,Gibins,F-Aoko,2,1598472596
paddu,C-Nero,2,Gibins,F-Aoko,0,1598472703
paddu,C-Nero,2,Gibins,F-Aoko,0,1598472835
paddu,C-Nero,2,Gibins,F-Aoko,0,1598472975
paddu,C-Nero,0,Gibins,F-Aoko,2,1598473093
paddu,C-Nero,0,Andrej,C-Kouma,2,1598478101
paddu,C-Nero,0,Andrej,C-Kouma,2,1598478243
paddu,C-Nero,0,Andrej,C-Kouma,2,1598478346
paddu,C-Nero,0,Andrej,C-Kouma,2,1598478467
paddu,C-Nero,2,Andrej,C-Kouma,0,1598478589
paddu,C-Nero,1,Andrej,C-Kouma,2,1598478757
paddu,C-Nero,2,Andrej,C-Kouma,0,1598478869
paddu,C-Nero,2,Andrej,C-Kouma,1,1598479003
paddu,C-Nero,1,Andrej,C-Kouma,2,1598479154
paddu,C-Nero,0,Andrej,C-Kouma,2,1598479257
paddu,C-Nero,1,Andrej,C-Kouma,2,1598479433
paddu,C-Nero,1,Andrej,C-Kouma,2,1598479622
paddu,C-Nero,2,Regeci ,C-Kohaku,0,1598823698
paddu,C-Nero,2,Regeci ,C-Kohaku,0,1598823828
paddu,C-Nero,2,Regeci ,C-Kohaku,0,1598823949
paddu,C-Nero,1,Regeci ,C-Kohaku,2,1598824110
paddu,C-Nero,1,Regeci ,C-Kohaku,2,1598824287
paddu,C-Nero,2,Regeci ,C-Kohaku,0,1598824381
paddu,C-Nero,2,Regeci ,C-Kohaku,0,1598824493
paddu,C-Nero,1,Regeci ,C-Kohaku,2,1598824694
paddu,C-Nero,1,Regeci ,C-Kohaku,2,1598824869
paddu,C-Nero,1,Regeci ,C-Kohaku,2,1598825052
paddu,C-Nero,2,Regeci ,C-Kohaku,0,1598825181
paddu,C-Nero,2,Regeci ,C-Kohaku,0,1598825298
paddu,C-Nero,2,Regeci ,C-Kohaku,1,1598825457
paddu,C-Nero,2,Regeci ,C-Kohaku,0,1598825545
paddu,C-Nero,2,Regeci ,C-Kohaku,0,1598825669
paddu,C-Nero,2,Regeci ,C-Kohaku,1,1598825821
paddu,C-Nero,1,Regeci ,C-Kohaku,2,1598825947
paddu,C-Nero,2,Regeci ,C-Kohaku,0,1598826065
paddu,C-Nero,1,Regeci ,C-Kohaku,2,1598826252
paddu,C-Nero,2,Regeci ,C-Kohaku,1,1598826434
paddu,C-Nero,0,Regeci ,C-Kohaku,2,1598826558
paddu,C-Nero,1,Regeci ,C-Kohaku,2,1598826723
paddu,C-Nero,2,Regeci ,C-Kohaku,1,1598826934
paddu,C-Nero,2,Regeci ,C-Kohaku,0,1598827035
paddu,C-Nero,1,Regeci ,C-Kohaku,2,1598827186
paddu,C-Nero,2,Regeci ,C-Kohaku,0,1598827292
paddu,C-Nero,2,Regeci ,C-Kohaku,1,1598827435
paddu,C-Nero,1,Regeci ,C-Kohaku,2,1598827605
paddu,C-Nero,1,Regeci ,C-Kohaku,2,1598827742
paddu,C-Nero,0,Regeci ,C-Kohaku,2,1598827856
paddu,C-Nero,2,Regeci ,C-Kohaku,0,1598827962
paddu,C-Nero,2,Regeci ,C-Kohaku,0,1598828067
paddu,C-Nero,2,Zell,C-S.Akiha,0,1598831472
paddu,C-Nero,2,Zell,C-S.Akiha,0,1598831559
paddu,C-Nero,2,Zell,C-S.Akiha,0,1598831646
paddu,C-Nero,2,Zell,C-S.Akiha,0,1598831800
paddu,C-Nero,2,Zell,C-S.Akiha,0,1598831869
paddu,C-Nero,2,Zell,C-S.Akiha,0,1598831949
paddu,C-Nero,2,Zell,C-S.Akiha,0,1598832043
paddu,C-Nero,2,Zell,C-S.Akiha,0,1598832143
paddu,C-Nero,2,Zell,F-V.Akiha,0,1598832274
paddu,C-Nero,2,Zell,F-V.Akiha,0,1598832368
paddu,C-Nero,2,Zell,F-V.Akiha,1,1598832513
paddu,C-Nero,2,Zell,C-Arc,0,1598832658
paddu,C-Nero,2,Zell,C-Arc,0,1598832731
paddu,C-Nero,2,Zell,C-Arc,1,1598832924
paddu,C-Nero,0,2002,C-Arc,2,1598888815
paddu,C-Nero,0,2002,C-Arc,2,1598888920
paddu,C-Nero,0,2002,C-Arc,2,1598889032
paddu,C-Nero,0,2002,C-Arc,2,1598889173
paddu,C-Nero,0,2002,C-Arc,2,1598889275
paddu,C-Nero,1,2002,C-Arc,2,1598889465
paddu,C-Nero,1,2002,C-Arc,2,1598889639
paddu,C-Nero,0,2002,C-Arc,2,1598889807
paddu,C-Nero,2,2002,C-Arc,1,1598889990
paddu,C-Nero,2,2002,C-Arc,1,1598890191
paddu,C-Nero,0,2002,C-Arc,2,1598890347
paddu,C-Nero,2,2002,C-Arc,1,1598890595
paddu,C-Nero,0,2002,C-Arc,2,1598890738
paddu,C-Nero,0,2002,C-Arc,2,1598890851
paddu,C-Nero,0,2002,C-Arc,2,1598890998
paddu,C-Nero,1,2002,C-Arc,2,1598891198
paddu,C-Nero,1,2002,C-Arc,2,1598891430
paddu,C-Nero,0,2002,C-Arc,2,1598891558
paddu,C-Aoko,2,Change your name,C-Satsuki,1,1598911992
paddu,C-Aoko,2,Change your name,C-Satsuki,0,1598912147
paddu,C-Aoko,2,Change your name,C-Satsuki,1,1598912354
paddu,C-Aoko,2,Change your name,C-Satsuki,1,1598912526
paddu,C-Aoko,1,Change your name,C-Satsuki,2,1598912690
paddu,C-Aoko,2,Change your name,C-Satsuki,1,1598912882
paddu,C-Aoko,2,Change your name,C-Satsuki,0,1598913057
paddu,C-Aoko,2,Change your name,C-Satsuki,0,1598913168
paddu,C-Aoko,1,Change your name,C-Satsuki,2,1598913323
paddu,C-Aoko,2,Change your name,C-Satsuki,1,1598913486
paddu,C-Aoko,2,Change your name,C-Satsuki,0,1598913619
paddu,C-Nero,2,Change your name,C-V.Akiha,0,1598913720
paddu,C-Nero,2,Change your name,C-V.Akiha,0,1598913863
paddu,C-Nero,1,Change your name,C-V.Akiha,2,1598914041
paddu,C-Nero,2,Change your name,C-V.Akiha,0,1598914141
paddu,C-Nero,1,Change your name,C-V.Akiha,2,1598914318
paddu,C-Nero,1,Change your name,C-V.Akiha,2,1598914495
paddu,C-Nero,2,Change your name,C-V.Akiha,0,1598914580
paddu,C-Nero,2,Change your name,C-V.Akiha,0,1598914661
paddu,C-Nero,2,Change your name,C-V.Akiha,0,1598914797
paddu,C-Aoko,0,protip3,F-V.Akiha,2,1598990061
paddu,C-Aoko,2,protip3,F-V.Akiha,0,1598990182
paddu,C-Aoko,2,protip3,F-V.Akiha,0,1598990252
paddu,C-Aoko,2,protip3,F-V.Akiha,0,1598990361
paddu,C-Aoko,1,protip3,F-V.Akiha,2,1598990516
paddu,C-Aoko,2,protip3,F-V.Akiha,0,1598990594
paddu,C-Aoko,2,protip3,F-V.Akiha,0,1598990675
paddu,C-Aoko,1,protip3,F-V.Akiha,2,1598990821
paddu,C-Aoko,2,protip3,F-V.Akiha,0,1598990924
paddu,C-Aoko,2,protip3,F-V.Akiha,1,1598991058
paddu,C-Aoko,0,protip3,F-V.Akiha,2,1598991133
paddu,C-Aoko,1,protip3,F-V.Akiha,2,1598991304
paddu,C-Aoko,0,protip3,F-V.Akiha,2,1598991366
paddu,C-Aoko,2,protip3,F-V.Akiha,1,1598991521
paddu,C-Aoko,2,protip3,F-V.Akiha,1,1598991680
paddu,C-Aoko,1,protip3,F-V.Akiha,2,1598991814
paddu,C-Aoko,2,protip3,F-V.Akiha,1,1598991984
paddu,C-Nero,2,protip3,F-V.Akiha,0,1598992093
paddu,C-Nero,2,protip3,F-V.Akiha,0,1598992186
paddu,C-Nero,2,protip3,F-V.Akiha,0,1598992266
paddu,C-Nero,2,Dyni Crippler,H-Satsuki,0,1598996910
paddu,C-Nero,2,Dyni Crippler,H-Satsuki,0,1598997024
paddu,C-Nero,2,Dyni Crippler,H-Satsuki,1,1598997183
paddu,C-Nero,2,Dyni Crippler,H-Satsuki,0,1598997314
paddu,C-Nero,2,Dyni Crippler,H-Satsuki,0,1598997450
paddu,C-Nero,2,Dyni Crippler,H-Satsuki,1,1598997574
paddu,C-Nero,2,Dyni Crippler,H-Satsuki,0,1598997703
paddu,C-Nero,2,Dyni Crippler,H-Satsuki,0,1598997800
paddu,C-Nero,2,Dyni Crippler,H-Satsuki,0,1598997921
paddu,C-Nero,2,Dyni Crippler,H-Satsuki,1,1598998071
paddu,C-Nero,2,Dyni Crippler,H-Satsuki,1,1598998178
paddu,C-Nero,2,Dyni Crippler,H-Satsuki,1,1598998368
paddu,C-Nero,2,Dyni Crippler,H-Satsuki,1,1598998539
paddu,C-Nero,2,Dyni Crippler,H-Satsuki,0,1598998711
paddu,C-Nero,2,Dyni Crippler,H-Satsuki,0,1598998818
paddu,C-Nero,2,Dyni Crippler,H-Satsuki,0,1598998948
paddu,C-Nero,2,Dyni Crippler,H-Satsuki,1,1598999151
paddu,C-Nero,1,memento_muri,C-Arc,2,1599085463
paddu,C-Nero,1,memento_muri,C-Arc,2,1599085690
paddu,C-Nero,2,memento_muri,C-Arc,0,1599085808
paddu,C-Nero,0,memento_muri,C-Arc,2,1599085931
paddu,C-Nero,2,memento_muri,C-Arc,1,1599086137
paddu,C-Nero,0,memento_muri,C-Arc,2,1599086262
paddu,C-Nero,0,memento_muri,C-Arc,2,1599086372
paddu,C-Nero,1,memento_muri,C-Arc,2,1599086516
paddu,C-Nero,0,memento_muri,C-Arc,2,1599086635
paddu,C-Aoko,2,memento_muri,C-Arc,0,1599086807
paddu,C-Aoko,0,memento_muri,C-Arc,2,1599086916
paddu,C-Aoko,1,memento_muri,C-Arc,2,1599087032
paddu,C-Aoko,2,memento_muri,C-Arc,0,1599087152
paddu,C-Aoko,1,memento_muri,C-Arc,2,1599087401
paddu,C-Aoko,2,memento_muri,C-Arc,1,1599087583
paddu,C-Aoko,0,memento_muri,C-Arc,2,1599087703
paddu,C-Aoko,1,memento_muri,C-Arc,2,1599087861
paddu,C-Aoko,2,THE HERO APPEARS,F-Nanaya,1,1599160859
paddu,C-Aoko,1,THE HERO APPEARS,F-Nanaya,2,1599161023
paddu,C-Aoko,2,THE HERO APPEARS,F-Nanaya,1,1599161235
paddu,C-Aoko,0,THE HERO APPEARS,C-Kohaku,2,1599161408
paddu,C-Aoko,1,THE HERO APPEARS,C-Kohaku,2,1599161606
paddu,C-Aoko,2,THE HERO APPEARS,C-Kohaku,1,1599161829
paddu,C-Aoko,2,THE HERO APPEARS,C-Kohaku,1,1599162047
paddu,C-Aoko,2,THE HERO APPEARS,C-Kohaku,0,1599162195
paddu,C-Aoko,2,THE HERO APPEARS,H-Nanaya,0,1599162406
paddu,C-Aoko,0,THE HERO APPEARS,H-Nanaya,2,1599162509
paddu,C-Aoko,2,Change your name,C-Kohaku,0,1599169192
paddu,C-Aoko,2,Change your name,C-Kohaku,0,1599169330
paddu,C-Aoko,1,Change your name,C-Kohaku,2,1599169521
paddu,C-Aoko,0,Change your name,C-Kohaku,2,1599169641
paddu,C-Aoko,2,Change your name,C-Kohaku,0,1599169810
paddu,C-Aoko,0,Change your name,C-Kohaku,2,1599169915
paddu,C-Aoko,2,Change your name,C-Kohaku,1,1599170103
paddu,C-Aoko,0,Change your name,C-Kohaku,2,1599170247
paddu,C-Aoko,2,Change your name,C-Kohaku,1,1599170422
paddu,C-Aoko,1,Change your name,C-Kohaku,2,1599170608
paddu,C-Aoko,0,Change your name,C-Kohaku,2,1599170715
paddu,C-Aoko,0,Change your name,C-Kohaku,2,1599170845
paddu,C-Aoko,0,Change your name,C-Kohaku,2,1599170976
paddu,C-Aoko,1,Change your name,C-Kohaku,2,1599171122
paddu,C-Aoko,2,Change your name,C-Kohaku,0,1599171240
paddu,C-Aoko,1,Change your name,C-Kohaku,2,1599171405
paddu,C-Aoko,0,Change your name,C-Kohaku,2,1599171502
paddu,C-Aoko,1,Change your name,C-Kohaku,2,1599171685
paddu,C-Aoko,1,Change your name,C-Kohaku,2,1599171887
paddu,C-Aoko,2,Change your name,C-Kohaku,1,1599172040
paddu,C-Aoko,2,Change your name,C-Kohaku,0,1599172138
paddu,C-Aoko,0,Change your name,C-Kohaku,2,1599172236
paddu,C-Aoko,2,Change your name,C-Kohaku,0,1599172321
paddu,C-Aoko,2,Change your name,C-Kohaku,1,1599172510
paddu,C-Aoko,1,Change your name,C-Kohaku,2,1599172660
paddu,C-Aoko,1,Change your name,C-Kohaku,2,1599172831
paddu,C-Aoko,1,Change your name,C-Kohaku,2,1599173073
paddu,C-Aoko,0,Change your name,C-Kohaku,2,1599173159
paddu,C-Aoko,1,Change your name,C-Kohaku,2,1599173339
paddu,C-Nero,1,I like Askeladd from Vinland Saga,C-Ries,2,1599597733
paddu,C-Nero,1,I like Askeladd from Vinland Saga,C-Ries,2,1599597959
paddu,C-Nero,1,I like Askeladd from Vinland Saga,C-Ries,2,1599598190
paddu,C-Nero,1,I like Askeladd from Vinland Saga,C-Ries,2,1599598469
paddu,C-Nero,2,I like Askeladd from Vinland Saga,C-Ries,0,1599598620
paddu,C-Nero,0,I like Askeladd from Vinland Saga,C-Ries,2,1599598743
paddu,C-Nero,1,I like Askeladd from Vinland Saga,C-Ries,2,1599598976
paddu,C-Nero,0,I like Askeladd from Vinland Saga,C-Ries,2,1599599149
paddu,C-Nero,0,I like Askeladd from Vinland Saga,C-Ries,2,1599599288
paddu,C-Nero,0,I like Askeladd from Vinland Saga,C-Ries,2,1599599387
paddu,C-Nero,0,I like Askeladd from Vinland Saga,C-Ries,2,1599599557
paddu,C-Nero,2,noobitas,C-Roa,1,1599683646
paddu,C-Nero,1,noobitas,C-Roa,2,1599683796
paddu,C-Nero,2,noobitas,C-Roa,0,1599683920
paddu,C-Nero,2,noobitas,C-Roa,1,1599684069
paddu,C-Nero,2,noobitas,C-Roa,0,1599684185
paddu,C-Nero,2,noobitas,C-Roa,1,1599684300
paddu,C-Nero,2,noobitas,C-Roa,0,1599684451
paddu,C-Nero,2,noobitas,C-Roa,0,1599684579
paddu,C-Nero,1,noobitas,C-Roa,2,1599684789
paddu,C-Nero,0,noobitas,C-Roa,2,1599684889
paddu,C-Nero,2,noobitas,C-Roa,0,1599684992
paddu,C-Nero,0,noobitas,C-Roa,2,1599685106
paddu,C-Nero,0,noobitas,C-Roa,2,1599685227
paddu,C-Nero,0,noobitas,C-Roa,2,1599685349
paddu,C-Nero,0,noobitas,C-Roa,2,1599685490
paddu,C-Nero,0,noobitas,C-Roa,2,1599685596
paddu,C-Nero,2,noobitas,C-Roa,1,1599685756
paddu,C-Nero,1,noobitas,C-Roa,2,1599685924
paddu,C-Nero,2,noobitas,C-Roa,0,1599686057
paddu,C-Nero,2,memento_muri,C-Arc,0,1599697310
paddu,C-Nero,2,memento_muri,C-Arc,1,1599697486
paddu,C-Nero,2,memento_muri,C-Arc,0,1599697582
paddu,C-Nero,2,memento_muri,C-Arc,0,1599697702
paddu,C-Nero,1,memento_muri,C-Arc,2,1599697916
paddu,C-Nero,1,memento_muri,C-Arc,2,1599698134
paddu,C-Nero,0,memento_muri,C-Arc,2,1599698272
paddu,C-Nero,2,memento_muri,C-Arc,1,1599698477
paddu,C-Nero,2,memento_muri,C-Arc,1,1599698607
paddu,C-Nero,2,memento_muri,C-Arc,1,1599698766
paddu,C-Nero,2,memento_muri,C-Arc,0,1599698861
paddu,C-Nero,2,memento_muri,C-Arc,1,1599699100
paddu,C-Nero,2,memento_muri,C-Arc,1,1599699259
paddu,C-Nero,1,Aurablitz,C-Nanaya,2,1599763600
paddu,C-Nero,2,Aurablitz,C-Nanaya,1,1599763808
paddu,C-Nero,0,Aurablitz,C-Nanaya,2,1599763882
paddu,C-Nero,2,Aurablitz,C-Nanaya,0,1599764007
paddu,C-Nero,2,Aurablitz,C-Nanaya,0,1599764128
paddu,C-Nero,2,Aurablitz,C-Nanaya,1,1599764331
paddu,C-Nero,2,Aurablitz,C-Nanaya,1,1599764483
paddu,C-Nero,0,Aurablitz,C-Nanaya,2,1599764587
paddu,C-Nero,1,Aurablitz,C-Nanaya,2,1599764737
paddu,C-Nero,2,Aurablitz,C-Nanaya,1,1599764882
paddu,C-Nero,2,Aurablitz,C-Nanaya,0,1599765001
paddu,C-Nero,0,Aurablitz,C-Nanaya,2,1599765111
paddu,C-Nero,0,Aurablitz,C-Nanaya,2,1599765273
paddu,C-Nero,2,Aurablitz,C-Nanaya,0,1599765406
paddu,C-Nero,0,Aurablitz,C-Nanaya,2,1599765586
paddu,C-Nero,1,Aurablitz,C-Nanaya,2,1599765773
paddu,C-Nero,1,Aurablitz,C-Nanaya,2,1599765944
paddu,C-Nero,2,Aurablitz,C-Nanaya,0,1599766064
paddu,C-Nero,2,noobitas,C-Roa,0,1599766489
paddu,C-Nero,0,noobitas,C-Roa,2,1599766579
paddu,C-Nero,2,noobitas,C-Roa,1,1599766781
paddu,C-Nero,2,noobitas,C-Roa,1,1599766945
paddu,C-Nero,1,noobitas,C-Roa,2,1599767152
paddu,C-Nero,1,noobitas,C-Roa,2,1599767272
paddu,C-Nero,2,noobitas,C-Roa,0,1599767367
paddu,C-Nero,0,noobitas,C-Roa,2,1599767495
paddu,C-Nero,0,noobitas,C-Roa,2,1599767625
paddu,C-Nero,0,noobitas,C-Roa,2,1599767718
paddu,C-Nero,0,noobitas,C-Roa,2,1599767814
paddu,C-Nero,1,noobitas,C-Roa,2,1599767991
paddu,C-Nero,2,noobitas,C-Roa,1,1599768164
paddu,C-Nero,0,noobitas,C-Roa,2,1599768268
paddu,C-Nero,0,I like Askeladd from Vinland Saga,F-Aoko,2,1599769312
paddu,C-Nero,2,I like Askeladd from Vinland Saga,F-Aoko,1,1599769491
paddu,C-Nero,0,I like Askeladd from Vinland Saga,F-Aoko,2,1599769604
paddu,C-Nero,0,I like Askeladd from Vinland Saga,F-Aoko,2,1599769761
paddu,C-Nero,0,I like Askeladd from Vinland Saga,F-Aoko,2,1599769873
paddu,C-Nero,0,I like Askeladd from Vinland Saga,F-Aoko,2,1599770019
paddu,C-Nero,2,I like Askeladd from Vinland Saga,F-Aoko,1,1599770152
paddu,C-Nero,0,I like Askeladd from Vinland Saga,F-Aoko,2,1599770265
paddu,C-Nero,0,I like Askeladd from Vinland Saga,F-Aoko,2,1599770340
paddu,C-Nero,2,I like Askeladd from Vinland Saga,F-Aoko,0,1599770474
paddu,C-Nero,0,I like Askeladd from Vinland Saga,F-Aoko,2,1599770568
paddu,C-Nero,2,I like Askeladd from Vinland Saga,F-Aoko,1,1599770743
paddu,C-Nero,2,I like Askeladd from Vinland Saga,F-Aoko,1,1599770932
paddu,C-Nero,1,I like Askeladd from Vinland Saga,F-Aoko,2,1599771063
paddu,C-Nero,2,I like Askeladd from Vinland Saga,F-Aoko,0,1599771202
paddu,C-Nero,0,I like Askeladd from Vinland Saga,F-Aoko,2,1599771284
paddu,C-Nero,2,Ikanistea,C-Hisui,0,1599775182
paddu,C-Nero,2,Ikanistea,C-Hisui,0,1599775261
paddu,C-Nero,2,Ikanistea,C-Hisui,0,1599775350
paddu,C-Nero,2,Ikanistea,C-Hisui,0,1599775445
paddu,C-Nero,2,Ikanistea,C-Hisui,1,1599775612
paddu,C-Nero,2,Ikanistea,C-Hisui,0,1599775721
paddu,C-Nero,2,Ikanistea,C-Hisui,0,1599775819
paddu,C-Nero,2,Ikanistea,C-Hisui,0,1599775946
paddu,C-Nero,2,Ikanistea,C-Hisui,0,1599776016
paddu,C-Nero,2,Ikanistea,C-Hisui,0,1599776132
paddu,C-Nero,2,Sonic le Pyangolin,F-M.Hisui,1,1599778526
paddu,C-Nero,2,Sonic le Pyangolin,F-M.Hisui,0,1599778641
paddu,C-Nero,2,Sonic le Pyangolin,F-M.Hisui,0,1599778753
paddu,C-Nero,2,Sonic le Pyangolin,F-M.Hisui,0,1599778839
paddu,C-Nero,2,Sonic le Pyangolin,F-M.Hisui,1,1599778972
paddu,C-Nero,2,Sonic le Pyangolin,F-M.Hisui,0,1599779063
paddu,C-Nero,2,Sonic le Pyangolin,F-M.Hisui,0,1599779166
paddu,C-Nero,2,Sonic le Pyangolin,F-M.Hisui,0,1599779290
paddu,C-Nero,2,Sonic le Pyangolin,F-M.Hisui,0,1599779368
paddu,C-Nero,2,Sonic le Pyangolin,F-M.Hisui,1,1599779521
paddu,C-Nero,2,bbnk,C-Hime,0,1599826856
paddu,C-Nero,2,bbnk,C-Hime,0,1599826984
paddu,C-Nero,2,bbnk,C-Hime,0,1599827119
paddu,C-Nero,2,bbnk,C-Hime,0,1599827192
paddu,C-Nero,2,bbnk,C-Hime,0,1599827301
paddu,C-Nero,2,bbnk,C-Hime,0,1599827405
paddu,C-Nero,2,bbnk,C-Hime,0,1599827488
paddu,C-Nero,2,bbnk,C-Hime,1,1599827642
paddu,C-Nero,2,bbnk,C-Hime,1,1599827850
paddu,C-Nero,2,bbnk,C-Hime,0,1599827972
paddu,C-Nero,2,bbnk,C-Hime,0,1599828089
paddu,C-Nero,2,bbnk,C-Hime,0,1599828165
paddu,C-Nero,2,bbnk,C-Hime,1,1599828294
paddu,C-Nero,2,bbnk,C-Hime,0,1599828421
paddu,C-Nero,2,bbnk,C-Hime,0,1599828521
paddu,C-Nero,2,Sonic le Pyangolin,C-Kouma,0,1599835735
paddu,C-Nero,2,Sonic le Pyangolin,C-Kouma,0,1599835835
paddu,C-Nero,2,Sonic le Pyangolin,C-Kouma,0,1599835953
paddu,C-Nero,2,Sonic le Pyangolin,C-Kouma,0,1599836061
paddu,C-Nero,2,Sonic le Pyangolin,C-Kouma,0,1599836139
paddu,C-Nero,2,Sonic le Pyangolin,C-Kouma,1,1599836296
paddu,C-Nero,1,Sonic le Pyangolin,C-Kouma,2,1599836431
paddu,C-Nero,1,Sonic le Pyangolin,C-Kouma,2,1599836607
paddu,C-Nero,2,Sonic le Pyangolin,C-Kouma,0,1599836726
paddu,C-Nero,2,Sonic le Pyangolin,C-Kouma,0,1599836815
paddu,C-Nero,2,Sonic le Pyangolin,C-Kouma,1,1599836963
paddu,C-Nero,2,Sonic le Pyangolin,C-Kouma,1,1599837133
paddu,C-Nero,2,Change your name,C-Satsuki,0,1599843818
paddu,C-Nero,2,Change your name,C-Satsuki,0,1599843893
paddu,C-Nero,2,Change your name,C-Satsuki,0,1599844052
paddu,C-Nero,2,Change your name,C-Satsuki,0,1599844149
paddu,C-Nero,2,Change your name,C-Satsuki,0,1599844261
paddu,C-Nero,2,Change your name,C-Satsuki,0,1599844347
paddu,C-Nero,2,Change your name,H-Nanaya,0,1599845541
paddu,C-Nero,2,Change your name,H-Ciel,0,1599845645
paddu,C-Nero,2,Change your name,H-Ciel,0,1599845716
paddu,C-Nero,2,Change your name,H-Ciel,0,1599845798
paddu,C-Nero,2,Change your name,H-Ciel,0,1599845897
paddu,C-Nero,2,Change your name,H-Ciel,0,1599845982
paddu,H-Nero,2,Change your name,H-Roa,0,1599846105
paddu,H-Nero,2,Change your name,H-Roa,0,1599846219
paddu,H-Nero,2,Change your name,H-Roa,0,1599846313
paddu,H-Nero,2,Change your name,H-Roa,0,1599846426
paddu,H-Nero,2,Change your name,H-Roa,0,1599846531
paddu,H-Nero,2,Change your name,H-Roa,0,1599846619
paddu,H-Nero,2,Change your name,H-Roa,0,1599846714
paddu,C-Nero,0,cc.,H-Akiha,2,1599864933
paddu,C-Nero,1,cc.,H-Akiha,2,1599865120
paddu,C-Nero,0,cc.,H-Akiha,2,1599865252
paddu,C-Nero,1,cc.,H-Akiha,2,1599865451
paddu,C-Nero,0,cc.,H-Akiha,2,1599865556
paddu,C-Nero,1,cc.,H-Akiha,2,1599865732
paddu,C-Nero,0,cc.,H-Akiha,2,1599865826
paddu,C-Nero,1,cc.,H-Akiha,2,1599866038
paddu,C-Nero,0,cc.,H-Akiha,2,1599866146
paddu,H-Nero,2,Armetz,F-Tohno,0,1600012209
paddu,H-Nero,2,Armetz,F-Tohno,0,1600012336
paddu,H-Nero,2,Armetz,F-Tohno,0,1600012452
paddu,H-Nero,2,Armetz,F-Tohno,0,1600012576
paddu,H-Nero,2,Armetz,F-Tohno,0,1600012674
paddu,H-Nero,2,Armetz,F-Tohno,0,1600012779
paddu,F-Nero,2,Armetz,C-Nanaya,0,1600012898
paddu,F-Nero,2,Armetz,C-Nanaya,1,1600013051
paddu,F-Nero,2,Armetz,C-Nanaya,0,1600013145
paddu,F-Nero,2,Armetz,C-Nanaya,0,1600013227
paddu,F-Nero,2,Armetz,C-Nanaya,0,1600013333
paddu,F-Nero,2,Armetz,C-Nanaya,0,1600013445
paddu,H-Nero,2,Armetz,F-Tohno,0,1600013559
paddu,H-Nero,2,Armetz,F-Tohno,0,1600013705
paddu,H-Nero,2,Armetz,F-Tohno,0,1600013819
paddu,H-Nero,2,Armetz,F-Tohno,0,1600013944
paddu,H-Nero,2,Armetz,F-Tohno,0,1600014051
paddu,H-Nero,2,Armetz,F-Tohno,0,1600014163
paddu,H-Nero,2,Armetz,F-Tohno,0,1600014263
paddu,H-Nero,2,Armetz,F-Tohno,0,1600014389
paddu,H-Nero,2,Armetz,F-Tohno,1,1600014539
paddu,H-Nero,2,Armetz,F-Tohno,0,1600014634
paddu,C-Nero,1,Nineball,F-Hisui,2,1600119291
paddu,C-Nero,2,Nineball,F-Hisui,0,1600119434
paddu,C-Nero,2,Nineball,F-Hisui,1,1600119597
paddu,C-Nero,1,Nineball,F-Hisui,2,1600119790
paddu,C-Nero,2,Nineball,F-Hisui,0,1600119888
paddu,C-Nero,2,Nineball,F-Hisui,0,1600120032
paddu,C-Nero,0,Nineball,F-Hisui,2,1600120164
paddu,C-Nero,2,Nineball,F-Hisui,0,1600120259
paddu,C-Nero,2,Nineball,F-Hisui,0,1600120349
paddu,C-Nero,2,Nineball,F-Hisui,1,1600120517
paddu,C-Nero,2,Nineball,F-Hisui,0,1600120632
paddu,C-Nero,1,Nineball,F-Hisui,2,1600120778
paddu,C-Nero,2,Nineball,F-Hisui,0,1600120944
paddu,C-Nero,2,Nineball,F-Hisui,1,1600121119
paddu,C-Nero,2,Change your name,C-M.Hisui,0,1601231681
paddu,C-Nero,2,Change your name,C-Satsuki,0,1601231797
paddu,C-Nero,2,FLen is cute,F-Len,1,1601232900
paddu,C-Nero,2,FLen is cute,F-Len,0,1601233017
paddu,C-Nero,0,fiendmaw,C-Tohno,2,1601235605
paddu,C-Nero,2,fiendmaw,C-Tohno,1,1601235770
paddu,C-Nero,2,fiendmaw,C-Tohno,1,1601235954
paddu,C-Nero,2,fiendmaw,C-Tohno,0,1601236086
paddu,C-Nero,0,Draig,F-Ryougi,2,1601237355
paddu,C-Nero,0,Draig,F-Ryougi,2,1601237464
paddu,C-Nero,1,Draig,F-Ryougi,2,1601237642
paddu,C-Nero,0,Draig,F-Ryougi,2,1601237757
paddu,C-Nero,0,Draig,F-Ryougi,2,1601237840
paddu,H-Nero,0,Draig,F-Ryougi,2,1601237983
paddu,C-Nero,2,Change your name,C-Wara,1,1601911808
paddu,C-Nero,2,Change your name,C-Wara,0,1601911907
paddu,C-Nero,2,Change your name,C-Wara,0,1601912002
paddu,C-Nero,2,Change your name,C-Wara,0,1601912093
paddu,C-Nero,2,Change your name,C-Wara,0,1601912181
paddu,C-Nero,2,Change your name,C-Wara,0,1601912304
paddu,C-Nero,2,Change your name,C-Wara,1,1601912484
paddu,C-Nero,2,Change your name,C-Wara,1,1601912703
paddu,C-Nero,2,Change your name,C-Wara,0,1601912826
paddu,C-Nero,2,Change your name,C-Wara,0,1601912974
paddu,C-Aoko,2,Change your name,C-Wara,0,1601913097
paddu,C-Aoko,1,Change your name,C-Wara,2,1601913302
paddu,C-Aoko,2,Change your name,C-Wara,1,1601913482
paddu,C-Aoko,1,Change your name,C-Wara,2,1601913705
paddu,C-Aoko,0,Change your name,C-Wara,2,1601913855
paddu,C-Aoko,2,Change your name,C-Wara,1,1601914055
paddu,C-Aoko,2,Change your name,C-Wara,0,1601914182
paddu,C-Aoko,2,Change your name,C-Wara,0,1601914289
paddu,C-Aoko,2,Change your name,C-Wara,0,1601914374
paddu,C-Aoko,2,Change your name,C-Wara,0,1601914461
paddu,C-Aoko,2,Change your name,C-Wara,0,1601914557
paddu,C-Aoko,2,Change your name,C-Wara,1,1601914764
paddu,C-Aoko,2,Change your name,C-Wara,0,1601914895
paddu,H-S.Akiha,2,Change your name,C-Wara,0,1601915073
paddu,H-S.Akiha,1,Change your name,C-Wara,2,1601915293
paddu,H-S.Akiha,2,Change your name,C-Wara,0,1601915428
paddu,H-S.Akiha,2,Change your name,C-Wara,0,1601915564
paddu,H-S.Akiha,2,Change your name,C-Wara,0,1601915710
paddu,H-S.Akiha,1,Mo.Sin,C-Wara,2,1602007663
paddu,H-S.Akiha,0,Mo.Sin,C-Wara,2,1602007840
paddu,H-S.Akiha,2,Mo.Sin,C-Wara,1,1602008059
paddu,H-S.Akiha,2,Mo.Sin,C-Wara,1,1602008252
paddu,H-S.Akiha,2,Mo.Sin,C-Wara,1,1602008478
paddu,H-S.Akiha,2,Mo.Sin,C-Wara,0,1602008631
paddu,H-S.Akiha,0,Mo.Sin,C-Wara,2,1602008814
paddu,H-S.Akiha,1,Mo.Sin,C-Wara,2,1602008937
paddu,H-S.Akiha,1,Mo.Sin,C-Wara,2,1602009180
paddu,H-S.Akiha,2,Aurablitzer,H-W.Len,0,1602103957
paddu,H-S.Akiha,2,Aurablitzer,H-W.Len,1,1602104187
paddu,H-S.Akiha,0,Aurablitzer,H-W.Len,2,1602104267
paddu,H-S.Akiha,0,Aurablitzer,H-W.Len,2,1602104400
paddu,H-S.Akiha,2,Aurablitzer,H-W.Len,0,1602104497
paddu,H-S.Akiha,0,Aurablitzer,H-W.Len,2,1602104602
paddu,H-S.Akiha,0,Aurablitzer,H-W.Len,2,1602104724
paddu,H-S.Akiha,0,Aurablitzer,H-W.Len,2,1602104849
paddu,H-S.Akiha,2,Aurablitzer,H-W.Len,0,1602105013
paddu,H-S.Akiha,0,Aurablitzer,H-W.Len,2,1602105164
paddu,H-S.Akiha,1,Aurablitzer,H-W.Len,2,1602105314
paddu,H-S.Akiha,0,Aurablitzer,H-W.Len,2,1602105471
paddu,H-S.Akiha,0,Aurablitzer,H-W.Len,2,1602105572
paddu,H-S.Akiha,1,Aurablitzer,H-W.Len,2,1602105795
paddu,H-S.Akiha,2,Sikila,F-V.Akiha,1,1602172748
paddu,H-S.Akiha,2,Sikila,F-V.Akiha,0,1602172868
paddu,H-S.Akiha,2,Sikila,F-V.Akiha,1,1602173019
paddu,H-S.Akiha,2,Sikila,F-V.Akiha,0,1602173106
paddu,H-S.Akiha,2,Sikila,F-V.Akiha,0,1602173209
paddu,H-S.Akiha,2,Sikila,F-V.Akiha,0,1602173298
paddu,H-S.Akiha,2,Sikila,F-V.Akiha,1,1602173458
paddu,H-S.Akiha,0,Sikila,F-V.Akiha,2,1602173614
paddu,H-S.Akiha,2,Sikila,F-V.Akiha,1,1602173730
paddu,H-S.Akiha,2,Sikila,F-V.Akiha,1,1602173854
paddu,H-S.Akiha,2,Sikila,F-V.Akiha,0,1602173955
paddu,C-Nero,2,Sikila,F-V.Akiha,0,1602174037
paddu,C-Nero,2,Sikila,F-V.Akiha,1,1602174130
paddu,C-Nero,2,Sikila,F-V.Akiha,0,1602174192
paddu,C-Nero,2,Sikila,F-V.Akiha,1,1602174350
paddu,C-Nero,2,Sikila,F-V.Akiha,0,1602174481
paddu,C-Nero,2,Sikila,F-V.Akiha,0,1602174568
paddu,C-Nero,2,Sikila,F-V.Akiha,0,1602174685
paddu,C-Roa,2,EIiitti,F-Ciel,1,1602246614
paddu,C-Roa,2,EIiitti,F-Ciel,1,1602246801
paddu,C-Roa,2,EIiitti,F-Ciel,0,1602246906
paddu,C-Roa,2,EIiitti,F-Ciel,1,1602247018
paddu,C-Roa,1,EIiitti,F-Ciel,2,1602247243
paddu,C-Roa,2,EIiitti,F-Ciel,0,1602247309
paddu,C-Roa,2,EIiitti,F-Ciel,1,1602247518
paddu,C-Roa,1,EIiitti,F-Ciel,2,1602247676
paddu,C-Roa,2,EIiitti,F-Ciel,1,1602247836
paddu,H-S.Akiha,2,EIiitti,F-Ciel,0,1602248008
paddu,H-S.Akiha,2,EIiitti,F-Ciel,1,1602248219
paddu,H-S.Akiha,2,EIiitti,F-Ciel,0,1602248345
paddu,H-S.Akiha,2,EIiitti,F-Ciel,0,1602248487
paddu,H-S.Akiha,1,EIiitti,F-Ciel,2,1602248678
paddu,H-S.Akiha,0,EIiitti,F-Ciel,2,1602248802
paddu,H-S.Akiha,2,EIiitti,F-Ciel,0,1602248917
paddu,H-S.Akiha,2,EIiitti,F-Ciel,1,1602249109
paddu,C-Nero,2,Yummycyka Sadchinchin,F-Satsuki,0,1602276527
paddu,C-Nero,2,Yummycyka Sadchinchin,F-Satsuki,0,1602276637
paddu,C-Nero,2,Yummycyka Sadchinchin,F-Satsuki,1,1602276789
paddu,C-Nero,2,Yummycyka Sadchinchin,F-Satsuki,0,1602276936
paddu,C-Nero,1,Yummycyka Sadchinchin,F-Satsuki,2,1602277098
paddu,C-Nero,2,Yummycyka Sadchinchin,F-Satsuki,1,1602277253
paddu,C-Nero,2,Yummycyka Sadchinchin,C-Satsuki,1,1602277460
paddu,C-Nero,0,Yummycyka Sadchinchin,C-Satsuki,2,1602277557
paddu,C-Nero,2,Yummycyka Sadchinchin,C-Satsuki,0,1602277703
paddu,C-Nero,1,Yummycyka Sadchinchin,C-Satsuki,2,1602277861
paddu,C-Nero,1,Yummycyka Sadchinchin,C-Satsuki,2,1602278041
paddu,C-Nero,0,Yummycyka Sadchinchin,C-Satsuki,2,1602278139
paddu,C-Nero,0,Yummycyka Sadchinchin,C-Satsuki,2,1602278219
paddu,C-Nero,1,Yummycyka Sadchinchin,C-Satsuki,2,1602278386
paddu,C-Nero,2,Yummycyka Sadchinchin,C-Satsuki,1,1602278576
paddu,C-Nero,1,Yummycyka Sadchinchin,C-Satsuki,2,1602278800
paddu,C-Nero,0,Yummycyka Sadchinchin,C-Satsuki,2,1602278879
paddu,C-Nero,2,Yummycyka Sadchinchin,C-Satsuki,1,1602279042
paddu,C-Nero,2,Yummycyka Sadchinchin,C-Satsuki,1,1602279209
paddu,C-Roa,2,Imya I est'YA,C-Sion,0,1602289325
paddu,C-Roa,2,Imya I est'YA,C-Sion,0,1602289416
paddu,C-Roa,2,Imya I est'YA,C-Sion,1,1602289557
paddu,C-Roa,2,Imya I est'YA,C-Sion,0,1602289677
paddu,C-Roa,2,Imya I est'YA,C-Sion,0,1602289758
paddu,C-Roa,2,Imya I est'YA,C-Sion,0,1602289862
paddu,C-Roa,2,Imya I est'YA,C-Sion,0,1602289954
paddu,C-Roa,2,Imya I est'YA,C-Sion,0,1602290052
paddu,C-Roa,2,Imya I est'YA,C-Sion,0,1602290157
paddu,C-Roa,2,Imya I est'YA,C-Sion,0,1602290243
paddu,C-Roa,2,Imya I est'YA,C-Sion,0,1602290313
paddu,C-Roa,2,Imya I est'YA,C-Sion,0,1602290420
paddu,C-Roa,2,Imya I est'YA,C-Sion,0,1602290516
paddu,C-Roa,2,Imya I est'YA,C-Sion,0,1602290593
paddu,C-Roa,2,Imya I est'YA,C-Sion,0,1602290673
paddu,H-S.Akiha,2,Imya I est'YA,C-Sion,0,1602290752
paddu,H-S.Akiha,2,Imya I est'YA,C-Sion,0,1602290853
paddu,H-S.Akiha,2,Imya I est'YA,C-Sion,0,1602290936
paddu,H-S.Akiha,2,Imya I est'YA,C-Sion,0,1602291024
paddu,H-S.Akiha,2,Imya I est'YA,C-Sion,0,1602291110
paddu,H-S.Akiha,2,Imya I est'YA,C-Sion,0,1602291220
paddu,H-S.Akiha,2,Imya I est'YA,C-Sion,0,1602291305
paddu,H-S.Akiha,2,Imya I est'YA,C-Sion,0,1602291397
paddu,H-S.Akiha,2,Imya I est'YA,C-Sion,0,1602291482
paddu,H-S.Akiha,2,Imya I est'YA,C-Sion,0,1602291573
paddu,C-Roa,2,a "wide cunt" is one who would push the normal definitions of polite intrapersonal behaviour&comma; in order to provoke a reaction.,C-Roa,0,1602294476
paddu,C-Roa,1,a "wide cunt" is one who would push the normal definitions of polite intrapersonal behaviour&comma; in order to provoke a reaction.,C-Roa,2,1602294658
paddu,C-Roa,2,a "wide cunt" is one who would push the normal definitions of polite intrapersonal behaviour&comma; in order to provoke a reaction.,C-Roa,0,1602294747
paddu,C-Roa,2,a "wide cunt" is one who would push the normal definitions of polite intrapersonal behaviour&comma; in order to provoke a reaction.,C-Roa,1,1602294951
paddu,C-Roa,2,a "wide cunt" is one who would push the normal definitions of polite intrapersonal behaviour&comma; in order to provoke a reaction.,C-Roa,0,1602295052
paddu,C-Roa,2,a "wide cunt" is one who would push the normal definitions of polite intrapersonal behaviour&comma; in order to provoke a reaction.,C-Roa,0,1602295132
paddu,C-Roa,2,a "wide cunt" is one who would push the normal definitions of polite intrapersonal behaviour&comma; in order to provoke a reaction.,C-Roa,1,1602295304
paddu,C-Roa,2,a "wide cunt" is one who would push the normal definitions of polite intrapersonal behaviour&comma; in order to provoke a reaction.,C-Roa,0,1602295412
paddu,C-Roa,2,a "wide cunt" is one who would push the normal definitions of polite intrapersonal behaviour&comma; in order to provoke a reaction.,C-Roa,0,1602295543
paddu,C-Roa,2,a "wide cunt" is one who would push the normal definitions of polite intrapersonal behaviour&comma; in order to provoke a reaction.,C-Roa,0,1602295646
paddu,C-Roa,2,a "wide cunt" is one who would push the normal definitions of polite intrapersonal behaviour&comma; in order to provoke a reaction.,C-Roa,1,1602295802
paddu,C-Roa,2,a "wide cunt" is one who would push the normal definitions of polite intrapersonal behaviour&comma; in order to provoke a reaction.,C-Roa,0,1602295884
paddu,C-Roa,2, Regeci,C-Roa,1,1602296160
paddu,C-Roa,2, Regeci,C-Roa,0,1602296284
paddu,C-Roa,1, Regeci,C-Roa,2,1602296429
paddu,C-Roa,2, Regeci,C-Roa,0,1602296545
paddu,C-Roa,2, Regeci,C-Roa,1,1602296759
paddu,C-Roa,1, Regeci,C-Roa,2,1602296903
paddu,C-Roa,1, Regeci,C-Roa,2,1602297153
paddu,C-Roa,2, Regeci,C-Roa,0,1602297282
paddu,C-Roa,2, Regeci,C-Roa,0,1602297396
paddu,C-Roa,2, Regeci,C-Roa,1,1602297581
paddu,C-Roa,0, Regeci,C-Roa,2,1602297709
paddu,C-Roa,1, Regeci,C-Roa,2,1602297867
paddu,C-Roa,1, Regeci,C-Roa,2,1602298044
paddu,C-Roa,2, Regeci,C-Roa,1,1602298192
paddu,C-Roa,0, Regeci,C-Roa,2,1602298329
paddu,C-Roa,2, Regeci,C-Roa,1,1602298485
paddu,C-Roa,1, Regeci,C-Roa,2,1602298632
paddu,C-Roa,2, Regeci,C-Roa,1,1602298810
paddu,C-Roa,2,Dora,C-Warc,0,1602332720
paddu,C-Roa,2,Dora,C-Warc,0,1602332943
paddu,C-Roa,2,Dora,C-Warc,0,1602333031
paddu,C-Roa,2,Dora,C-Warc,0,1602333138
paddu,C-Roa,2,Dora,C-Warc,0,1602333281
paddu,C-Roa,2,Dora,C-Warc,0,1602333396
paddu,C-Roa,2,Dora,C-Warc,0,1602333534
paddu,C-Roa,2,Dora,C-Warc,0,1602333678
paddu,C-Roa,2,Dora,C-Warc,0,1602333778
paddu,H-Nero,0,Gibins,F-Aoko,2,1602347823
paddu,H-Nero,0,Gibins,F-Aoko,2,1602347938
paddu,H-Nero,2,Gibins,F-Aoko,1,1602348113
paddu,H-Nero,2,Gibins,F-Aoko,0,1602348229
paddu,H-Nero,1,Gibins,F-Aoko,2,1602348382
paddu,H-Nero,2,Gibins,F-Aoko,0,1602348505
paddu,H-Nero,0,Gibins,F-Aoko,2,1602348616
paddu,H-Nero,1,Gibins,F-Aoko,2,1602348741
paddu,H-Nero,1,Gibins,F-Aoko,2,1602348917
paddu,C-Roa,1,Gibins,F-Aoko,2,1602349086
paddu,C-Roa,0,Gibins,F-Aoko,2,1602349199
paddu,C-Roa,1,Gibins,F-Aoko,2,1602349326
paddu,C-Roa,1,Gibins,F-Aoko,2,1602349449
paddu,C-Roa,2,Gibins,F-Aoko,1,1602349588
paddu,C-Roa,2,Gibins,F-Aoko,0,1602349681
paddu,C-M.Hisui,2,Verendum,F-Len,1,1602367175
paddu,C-M.Hisui,1,Verendum,F-Len,2,1602367346
paddu,C-M.Hisui,2,Verendum,F-Len,1,1602367557
paddu,C-M.Hisui,2,Verendum,F-Len,0,1602367641
paddu,C-M.Hisui,2,Verendum,F-Len,0,1602367731
paddu,C-M.Hisui,2,Verendum,F-Len,0,1602367815
paddu,C-M.Hisui,2, Regeci,C-Sion,1,1602368299
paddu,C-M.Hisui,0, Regeci,C-Sion,2,1602368397
paddu,C-M.Hisui,2, Regeci,C-Sion,1,1602368578
paddu,C-M.Hisui,2, Regeci,C-Sion,1,1602368797
paddu,C-M.Hisui,1, Regeci,C-Sion,2,1602368978
paddu,C-M.Hisui,1, Regeci,C-Sion,2,1602369121
paddu,C-M.Hisui,2, Regeci,C-Sion,1,1602369313
paddu,C-M.Hisui,0, Regeci,C-Sion,2,1602369412
paddu,C-M.Hisui,1, Regeci,C-Sion,2,1602369600
paddu,C-M.Hisui,0, Regeci,C-Sion,2,1602369720
paddu,C-M.Hisui,0, Regeci,C-Sion,2,1602369868
paddu,C-M.Hisui,0, Regeci,C-Sion,2,1602369979
paddu,C-M.Hisui,1, Regeci,C-Sion,2,1602370177
paddu,C-M.Hisui,2,smo,F-Hime,0,1602371447
paddu,C-M.Hisui,2,smo,F-Hime,0,1602371566
paddu,C-M.Hisui,2,smo,F-Hime,0,1602371661
paddu,C-M.Hisui,2,smo,F-Hime,1,1602371864
paddu,C-M.Hisui,2,smo,F-Hime,1,1602372074
paddu,C-M.Hisui,2,smo,F-Hime,0,1602372186
paddu,C-M.Hisui,2,smo,F-Hime,1,1602372343
paddu,C-M.Hisui,2,smo,F-Hime,1,1602372483
paddu,C-M.Hisui,2,smo,F-Hime,1,1602372685
paddu,C-M.Hisui,2,smo,F-Hime,0,1602372833
paddu,C-M.Hisui,2,Munch,H-Ryougi,0,1602373929
paddu,C-M.Hisui,2,Munch,H-Ryougi,0,1602374056
paddu,C-M.Hisui,2,Munch,H-Ryougi,0,1602374160
paddu,C-M.Hisui,2,Munch,H-Ryougi,0,1602374276
paddu,C-M.Hisui,2,Munch,H-Ryougi,0,1602374392
paddu,C-M.Hisui,2,Munch,H-Ryougi,0,1602374510
paddu,C-M.Hisui,2,Munch,H-Ryougi,0,1602374609
paddu,C-M.Hisui,2,Munch,H-Ryougi,0,1602374742
paddu,C-M.Hisui,2,Munch,H-Ryougi,0,1602374876
paddu,C-M.Hisui,2,Munch,H-Ryougi,0,1602374981
paddu,C-M.Hisui,2,Munch,H-Ryougi,0,1602375071
paddu,C-M.Hisui,0,VilkaShekotki,F-Miyako,2,1602426128
paddu,C-M.Hisui,1,VilkaShekotki,F-Miyako,2,1602426357
paddu,C-M.Hisui,1,VilkaShekotki,F-Miyako,2,1602426545
paddu,C-M.Hisui,2,VilkaShekotki,F-Miyako,1,1602426743
paddu,C-M.Hisui,2,VilkaShekotki,F-Miyako,1,1602426895
paddu,C-M.Hisui,0,VilkaShekotki,F-Miyako,2,1602427017
paddu,C-M.Hisui,1,VilkaShekotki,F-Miyako,2,1602427253
paddu,C-M.Hisui,0,VilkaShekotki,F-Miyako,2,1602427389
paddu,C-M.Hisui,1,VilkaShekotki,F-Miyako,2,1602427631
paddu,C-M.Hisui,1,VilkaShekotki,F-Miyako,2,1602427796
paddu,C-M.Hisui,2,VilkaShekotki,F-Miyako,1,1602428033
paddu,C-M.Hisui,0,VilkaShekotki,F-Miyako,2,1602428141
paddu,C-M.Hisui,2,Munch,H-Ryougi,0,1602435814
paddu,C-M.Hisui,2,Munch,H-Ryougi,0,1602435917
paddu,C-M.Hisui,2,Munch,H-Ryougi,0,1602436050
paddu,C-M.Hisui,2,Munch,H-Ryougi,0,1602436161
paddu,C-M.Hisui,2,Munch,H-Ryougi,0,1602436319
paddu,C-M.Hisui,2,Munch,H-Ryougi,0,1602436455
paddu,C-M.Hisui,2,Munch,H-Ryougi,0,1602436568
paddu,C-M.Hisui,2,Munch,H-Ryougi,0,1602436692
paddu,C-M.Hisui,2,Munch,H-Ryougi,0,1602436813
paddu,C-M.Hisui,2,Munch,H-Ryougi,0,1602436915
paddu,C-M.Hisui,2,Munch,H-Ryougi,0,1602437042
paddu,C-M.Hisui,2,Munch,H-Ryougi,1,1602437212
paddu,C-M.Hisui,2,Munch,H-Ryougi,1,1602437390
paddu,C-M.Hisui,2,Munch,H-Ryougi,0,1602437509
paddu,C-M.Hisui,2,Munch,H-Ryougi,0,1602437614
paddu,C-M.Hisui,0,Neco-Ico,C-Arc,2,1602441217
paddu,C-Nero,2,Neco-Ico,C-Arc,0,1602441319
paddu,C-Nero,2,Neco-Ico,C-Nanaya,0,1602441416
paddu,C-Nero,1,TF Frankbottle,F-Hime,2,1602442309
paddu,C-Nero,2,TF Frankbottle,F-Hime,1,1602442494
paddu,C-Nero,2,Draig,F-Ryougi,0,1602445560
paddu,C-Nero,0,Draig,F-Ryougi,2,1602445667
paddu,C-Nero,0,Draig,F-Ryougi,2,1602445790
paddu,C-Nero,2,VilkaShekotki,F-Miyako,0,1602446921
paddu,C-Nero,2,VilkaShekotki,F-Miyako,1,1602447091
paddu,C-Nero,2,VilkaShekotki,F-Miyako,0,1602447178
paddu,C-Roa,1,Draig,F-Ryougi,2,1602447541
paddu,C-Roa,1,Draig,F-Ryougi,2,1602447835
paddu,C-Roa,1,Draig,F-Ryougi,2,1602448004
paddu,C-Roa,2,Aurablitzer,H-Nanaya,1,1602449818
paddu,C-Roa,0,Aurablitzer,H-Nanaya,2,1602449921
paddu,C-Roa,1,Aurablitzer,H-Nanaya,2,1602450040
paddu,C-Roa,1,Aurablitzer,H-Nanaya,2,1602450190
paddu,C-Roa,1,Aurablitzer,H-Nanaya,2,1602450340
paddu,C-Roa,0,Aurablitzer,H-Nanaya,2,1602450481
paddu,C-Roa,0,Aurablitzer,H-Nanaya,2,1602450630
paddu,C-Roa,0,Aurablitzer,H-Nanaya,2,1602450738
paddu,C-Roa,1,Aurablitzer,H-Nanaya,2,1602450888
paddu,C-Roa,1,Aurablitzer,H-Nanaya,2,1602451046
paddu,C-M.Hisui,2,Munch,H-Ryougi,0,1602457752
paddu,C-M.Hisui,2,Munch,H-Ryougi,0,1602457889
paddu,C-M.Hisui,2,Munch,H-Ryougi,0,1602457988
paddu,C-M.Hisui,2,Munch,H-Ryougi,0,1602458098
paddu,C-M.Hisui,2,Munch,H-Ryougi,0,1602458184
paddu,C-M.Hisui,2,Munch,H-Ryougi,0,1602458281
paddu,C-M.Hisui,2,Munch,H-Ryougi,0,1602458431
paddu,C-M.Hisui,2,Munch,H-Ryougi,0,1602458559
paddu,C-M.Hisui,2,Munch,H-Ryougi,0,1602458648
paddu,C-M.Hisui,2,Munch,H-Ryougi,0,1602458779
paddu,C-M.Hisui,2,Munch,H-Ryougi,1,1602459008
paddu,C-M.Hisui,2,Munch,H-Ryougi,0,1602459123
paddu,C-M.Hisui,2,Munch,H-Ryougi,0,1602459246
paddu,C-M.Hisui,2,Munch,H-Ryougi,1,1602459471
paddu,C-M.Hisui,2,Munch,H-Ryougi,0,1602459572
paddu,C-M.Hisui,2,Munch,H-Ryougi,0,1602459687
paddu,C-M.Hisui,2,Munch,H-Ryougi,0,1602459802
paddu,C-M.Hisui,2,Munch,H-Ryougi,0,1602459920
paddu,C-M.Hisui,2,Munch,H-Ryougi,0,1602460036
paddu,C-M.Hisui,2,Munch,H-Ryougi,1,1602460225
paddu,C-M.Hisui,2,GoldyDorado01,F-Maids,0,1602527667
paddu,C-M.Hisui,2,GoldyDorado01,F-Maids,1,1602527837
paddu,C-M.Hisui,2,GoldyDorado01,F-Maids,1,1602528039
paddu,C-M.Hisui,0,GoldyDorado01,F-Maids,2,1602528179
paddu,C-M.Hisui,1,GoldyDorado01,F-Maids,2,1602528370
paddu,C-M.Hisui,2,GoldyDorado01,F-Maids,0,1602528516
paddu,C-M.Hisui,2,GoldyDorado01,F-Maids,0,1602528619
paddu,C-M.Hisui,1,GoldyDorado01,F-Maids,2,1602528795
paddu,C-M.Hisui,0,GoldyDorado01,F-Maids,2,1602528909
paddu,C-M.Hisui,2,GoldyDorado01,F-Maids,0,1602529022
paddu,C-M.Hisui,0,GoldyDorado01,F-Maids,2,1602529163
paddu,C-M.Hisui,0,GoldyDorado01,F-Maids,2,1602529252
paddu,C-M.Hisui,2,GoldyDorado01,F-Maids,1,1602529461
paddu,C-M.Hisui,1,GoldyDorado01,F-Maids,2,1602529609
paddu,C-M.Hisui,1,GoldyDorado01,F-Maids,2,1602529820
paddu,C-M.Hisui,2,GoldyDorado01,F-Maids,1,1602529991
paddu,C-M.Hisui,2,GoldyDorado01,F-Maids,0,1602530104
paddu,C-M.Hisui,0,GoldyDorado01,F-Maids,2,1602530236
paddu,C-M.Hisui,2,Sikila,C-S.Akiha,0,1602534217
paddu,C-M.Hisui,2,Sikila,C-S.Akiha,0,1602534324
paddu,C-M.Hisui,2,Sikila,C-S.Akiha,0,1602534432
paddu,C-M.Hisui,2,Sikila,C-S.Akiha,0,1602534567
paddu,C-M.Hisui,2,Sikila,C-S.Akiha,0,1602534670
paddu,C-M.Hisui,2,Sikila,C-S.Akiha,0,1602534756
paddu,C-M.Hisui,2,Sikila,C-S.Akiha,1,1602534902
paddu,C-M.Hisui,2,Sikila,C-S.Akiha,0,1602535073
paddu,C-M.Hisui,2,Sikila,C-S.Akiha,0,1602535214
paddu,C-M.Hisui,2,Sikila,C-S.Akiha,0,1602535322
paddu,C-M.Hisui,2,Sikila,C-S.Akiha,0,1602535412
paddu,C-M.Hisui,2,Sikila,C-S.Akiha,1,1602535624
paddu,C-M.Hisui,2,Sikila,C-S.Akiha,1,1602535810
paddu,C-M.Hisui,2,Sikila,C-S.Akiha,0,1602535910
paddu,C-M.Hisui,2,Sikila,C-S.Akiha,0,1602536020
paddu,C-M.Hisui,2,Sikila,C-S.Akiha,0,1602536115
paddu,C-M.Hisui,2,Sikila,C-S.Akiha,0,1602536228
paddu,C-M.Hisui,2,Sikila,C-S.Akiha,0,1602536318
paddu,C-M.Hisui,2,Sikila,C-S.Akiha,0,1602536434
paddu,C-M.Hisui,2,Sikila,C-S.Akiha,0,1602536522
paddu,C-M.Hisui,2,Armetz,C-Nanaya,0,1602618908
paddu,C-M.Hisui,2,Armetz,C-Nanaya,0,1602619022
paddu,C-M.Hisui,2,Armetz,C-Nanaya,0,1602619122
paddu,C-M.Hisui,2,Armetz,C-Nanaya,0,1602619237
paddu,C-M.Hisui,2,Armetz,C-Nanaya,1,1602619382
paddu,C-M.Hisui,2,Armetz,C-Nanaya,0,1602619525
paddu,C-M.Hisui,2,Armetz,C-Nanaya,0,1602619611
paddu,C-M.Hisui,2,Armetz,C-Nanaya,1,1602619820
paddu,C-M.Hisui,2,Armetz,C-Nanaya,1,1602619973
paddu,C-M.Hisui,1,Armetz,C-Nanaya,2,1602620161
paddu,C-M.Hisui,2,Armetz,C-Nanaya,0,1602620272
paddu,C-M.Hisui,2,Armetz,C-Nanaya,0,1602620386
paddu,C-M.Hisui,2,Armetz,C-Nanaya,0,1602620491
paddu,C-M.Hisui,2,Armetz,C-Nanaya,0,1602620588
paddu,C-M.Hisui,2,Armetz,C-Nanaya,0,1602620695
paddu,C-M.Hisui,2,Armetz,C-Nanaya,0,1602620785
paddu,C-M.Hisui,2,Armetz,C-Nanaya,0,1602620933
paddu,C-M.Hisui,2,Armetz,C-Nanaya,0,1602621052
paddu,C-M.Hisui,2,Armetz,C-Nanaya,0,1602621198
paddu,C-M.Hisui,2,Armetz,C-Nanaya,0,1602621298
paddu,C-M.Hisui,2,Armetz,C-Nanaya,0,1602621433
paddu,C-M.Hisui,2,ColonelMyau,F-Roa,0,1602700347
paddu,C-M.Hisui,2,ColonelMyau,F-Roa,0,1602700463
paddu,C-M.Hisui,2,ColonelMyau,F-Roa,0,1602700576
paddu,C-M.Hisui,2,ColonelMyau,F-Roa,1,1602700723
paddu,C-M.Hisui,2,ColonelMyau,F-Roa,0,1602700800
paddu,C-M.Hisui,2,ColonelMyau,F-Roa,1,1602700982
paddu,C-M.Hisui,2,ColonelMyau,F-Roa,0,1602701119
paddu,C-M.Hisui,2,ColonelMyau,F-Roa,0,1602701242
paddu,C-M.Hisui,2,ColonelMyau,F-Roa,0,1602701382
paddu,C-M.Hisui,2,ColonelMyau,F-Roa,1,1602701555
paddu,C-M.Hisui,2,ColonelMyau,F-Roa,0,1602701659
paddu,C-M.Hisui,2,ColonelMyau,F-Roa,0,1602701764
paddu,C-M.Hisui,2,ColonelMyau,F-Roa,0,1602701862
paddu,C-M.Hisui,2,ColonelMyau,F-Roa,0,1602701968
paddu,C-M.Hisui,2,ColonelMyau,F-Roa,0,1602702069
paddu,C-M.Hisui,2,ColonelMyau,F-Roa,0,1602702159
paddu,C-M.Hisui,2,ColonelMyau,F-Roa,0,1602702271
paddu,C-M.Hisui,2,ColonelMyau,F-Roa,0,1602702342
paddu,C-M.Hisui,2,ColonelMyau,F-Roa,0,1602702448
paddu,C-M.Hisui,2,ColonelMyau,F-Roa,0,1602702573
paddu,C-M.Hisui,2,stas,C-Ciel,0,1602710694
paddu,C-M.Hisui,2,stas,C-Ciel,0,1602710809
paddu,C-M.Hisui,2,stas,C-Ciel,0,1602710896
paddu,C-M.Hisui,2,stas,C-Ciel,0,1602710991
paddu,C-M.Hisui,2,stas,C-Ciel,1,1602711148
paddu,C-M.Hisui,2,stas,C-Ciel,0,1602711272
paddu,C-M.Hisui,2,stas,C-Ciel,0,1602711372
paddu,C-M.Hisui,2,stas,C-Ciel,0,1602711466
paddu,C-M.Hisui,2,stas,C-Ciel,1,1602711685
paddu,C-M.Hisui,2,stas,C-Ciel,0,1602711832
paddu,C-M.Hisui,2,stas,C-Ciel,0,1602711944
paddu,C-M.Hisui,2,stas,C-Ciel,0,1602712050
paddu,C-M.Hisui,2,stas,C-Ciel,0,1602712159
paddu,C-M.Hisui,2,stas,C-Ciel,0,1602712281
paddu,C-M.Hisui,2,stas,C-Ciel,0,1602712372
paddu,C-M.Hisui,2,stas,C-Ciel,0,1602712483
paddu,C-M.Hisui,2,stas,C-Ciel,0,1602712591
paddu,C-M.Hisui,2,stas,C-Ciel,0,1602712699
paddu,C-M.Hisui,2,stas,C-Ciel,0,1602712805
paddu,C-M.Hisui,2,stas,C-Ciel,0,1602712927
paddu,C-M.Hisui,2,Motsu,C-Hisui,0,1602716075
paddu,C-M.Hisui,2,Motsu,C-Hisui,0,1602716162
paddu,C-M.Hisui,2,Motsu,C-Hisui,0,1602716239
paddu,C-M.Hisui,2,Motsu,C-Hisui,0,1602716339
paddu,C-M.Hisui,2,Motsu,C-Hisui,0,1602716435
paddu,C-M.Hisui,2,Motsu,C-Hisui,0,1602716528
paddu,C-M.Hisui,2,Motsu,C-Hisui,0,1602716627
paddu,C-M.Hisui,2,Motsu,C-Hisui,0,1602716723
paddu,C-M.Hisui,2,Motsu,C-Hisui,0,1602716819
paddu,C-M.Hisui,2,Motsu,C-Hisui,0,1602716903
paddu,C-M.Hisui,2,Eliminaattori,C-Wara,0,1602723111
paddu,C-M.Hisui,2,Eliminaattori,C-Wara,0,1602723281
paddu,C-M.Hisui,2,Eliminaattori,C-Wara,0,1602723381
paddu,C-M.Hisui,2,Eliminaattori,C-Wara,0,1602723514
paddu,C-M.Hisui,2,Eliminaattori,C-Wara,0,1602723644
paddu,C-M.Hisui,1,Draig,F-Ryougi,2,1602783180
paddu,C-M.Hisui,2,Draig,F-Ryougi,0,1602783286
paddu,C-M.Hisui,0,Draig,F-Ryougi,2,1602783443
paddu,C-M.Hisui,0,Draig,F-Ryougi,2,1602783549
paddu,C-M.Hisui,0,Draig,F-Ryougi,2,1602783651
paddu,C-M.Hisui,0,Draig,F-Ryougi,2,1602783759
paddu,C-M.Hisui,0,Draig,F-Ryougi,2,1602783882
paddu,C-M.Hisui,1,Draig,F-Ryougi,2,1602784054
paddu,C-M.Hisui,1,Draig,F-Ryougi,2,1602784191
paddu,C-M.Hisui,2,Draig,F-Ryougi,0,1602784306
paddu,C-M.Hisui,1,Draig,F-Ryougi,2,1602784484
paddu,C-M.Hisui,0,Draig,F-Ryougi,2,1602784601
paddu,C-M.Hisui,2,Draig,F-Ryougi,1,1602784784
paddu,C-M.Hisui,1,Draig,F-Ryougi,2,1602784991
paddu,C-M.Hisui,2,Draig,F-Ryougi,1,1602785175
paddu,C-M.Hisui,2,Draig,F-Ryougi,1,1602785377
paddu,C-M.Hisui,0,Draig,F-Ryougi,2,1602785493
paddu,C-M.Hisui,0,Draig,F-Ryougi,2,1602785598
paddu,C-M.Hisui,2,Draig,F-Ryougi,1,1602785761
paddu,C-M.Hisui,1,Draig,F-Ryougi,2,1602785984
paddu,C-M.Hisui,2,Draig,F-Ryougi,1,1602786142
paddu,C-M.Hisui,0,Sure okay&comma; he erases time&comma; but what does that mean? How do you erase time&comma; but stuff still happens in it? This is bullshit&comma; araki. I need to know!!!,F-P.Ciel,2,1602787070
paddu,C-M.Hisui,2,Sure okay&comma; he erases time&comma; but what does that mean? How do you erase time&comma; but stuff still happens in it? This is bullshit&comma; araki. I need to know!!!,F-P.Ciel,1,1602787256
paddu,C-M.Hisui,1,Sure okay&comma; he erases time&comma; but what does that mean? How do you erase time&comma; but stuff still happens in it? This is bullshit&comma; araki. I need to know!!!,F-P.Ciel,2,1602787423
paddu,C-M.Hisui,1,Sure okay&comma; he erases time&comma; but what does that mean? How do you erase time&comma; but stuff still happens in it? This is bullshit&comma; araki. I need to know!!!,F-P.Ciel,2,1602787640
paddu,C-M.Hisui,0,Sure okay&comma; he erases time&comma; but what does that mean? How do you erase time&comma; but stuff still happens in it? This is bullshit&comma; araki. I need to know!!!,F-P.Ciel,2,1602787723
paddu,C-Nero,2,Sure okay&comma; he erases time&comma; but what does that mean? How do you erase time&comma; but stuff still happens in it? This is bullshit&comma; araki. I need to know!!!,F-P.Ciel,0,1602787896
paddu,C-Nero,1,Sure okay&comma; he erases time&comma; but what does that mean? How do you erase time&comma; but stuff still happens in it? This is bullshit&comma; araki. I need to know!!!,F-P.Ciel,2,1602788017
paddu,C-Nero,2,Sure okay&comma; he erases time&comma; but what does that mean? How do you erase time&comma; but stuff still happens in it? This is bullshit&comma; araki. I need to know!!!,F-P.Ciel,1,1602788201
paddu,C-Nero,0,Sure okay&comma; he erases time&comma; but what does that mean? How do you erase time&comma; but stuff still happens in it? This is bullshit&comma; araki. I need to know!!!,F-P.Ciel,2,1602788304
paddu,C-Nero,2,Sure okay&comma; he erases time&comma; but what does that mean? How do you erase time&comma; but stuff still happens in it? This is bullshit&comma; araki. I need to know!!!,F-P.Ciel,0,1602788416
paddu,C-Nero,2,Sure okay&comma; he erases time&comma; but what does that mean? How do you erase time&comma; but stuff still happens in it? This is bullshit&comma; araki. I need to know!!!,C-Roa,1,1602788579
paddu,C-Nero,0,Sure okay&comma; he erases time&comma; but what does that mean? How do you erase time&comma; but stuff still happens in it? This is bullshit&comma; araki. I need to know!!!,C-Roa,2,1602788698
paddu,C-Nero,1,Sure okay&comma; he erases time&comma; but what does that mean? How do you erase time&comma; but stuff still happens in it? This is bullshit&comma; araki. I need to know!!!,C-Roa,2,1602788916
paddu,C-Nero,1,Sure okay&comma; he erases time&comma; but what does that mean? How do you erase time&comma; but stuff still happens in it? This is bullshit&comma; araki. I need to know!!!,C-Roa,2,1602789075
paddu,C-Nero,2,Sure okay&comma; he erases time&comma; but what does that mean? How do you erase time&comma; but stuff still happens in it? This is bullshit&comma; araki. I need to know!!!,C-Roa,0,1602789193
paddu,C-M.Hisui,0,It's useless&comma; it's all useless.,F-Nanaya,2,1602790365
paddu,C-M.Hisui,2,It's useless&comma; it's all useless.,F-Nanaya,0,1602790501
paddu,C-M.Hisui,2,It's useless&comma; it's all useless.,F-Nanaya,0,1602790640
paddu,C-M.Hisui,2,It's useless&comma; it's all useless.,F-Nanaya,1,1602790757
paddu,C-M.Hisui,2,It's useless&comma; it's all useless.,F-Nanaya,1,1602790892
paddu,C-M.Hisui,2,It's useless&comma; it's all useless.,F-Nanaya,1,1602791063
paddu,C-M.Hisui,2,It's useless&comma; it's all useless.,F-Nanaya,0,1602791171
paddu,C-M.Hisui,2,It's useless&comma; it's all useless.,F-Nanaya,1,1602791365
paddu,C-M.Hisui,2,It's useless&comma; it's all useless.,F-Nanaya,1,1602791509
paddu,C-M.Hisui,2,It's useless&comma; it's all useless.,F-Nanaya,1,1602791671
paddu,C-M.Hisui,2,It's useless&comma; it's all useless.,F-Nanaya,0,1602791783
paddu,C-Nero,2,Ph'nglui mglw'nafh Cthulhu R'lyeh wgah'nagl fhtagn,F-M.Hisui,0,1602883308
paddu,C-Nero,0,Ph'nglui mglw'nafh Cthulhu R'lyeh wgah'nagl fhtagn,F-M.Hisui,2,1602883401
paddu,C-Nero,2,Ph'nglui mglw'nafh Cthulhu R'lyeh wgah'nagl fhtagn,F-M.Hisui,0,1602883526
paddu,C-Nero,0,Ph'nglui mglw'nafh Cthulhu R'lyeh wgah'nagl fhtagn,F-M.Hisui,2,1602883594
paddu,C-Nero,2,Ph'nglui mglw'nafh Cthulhu R'lyeh wgah'nagl fhtagn,F-M.Hisui,0,1602883701
paddu,C-Nero,2,Ph'nglui mglw'nafh Cthulhu R'lyeh wgah'nagl fhtagn,F-M.Hisui,1,1602883862
paddu,C-Nero,2,Ph'nglui mglw'nafh Cthulhu R'lyeh wgah'nagl fhtagn,F-M.Hisui,1,1602884067
paddu,C-Nero,2,Ph'nglui mglw'nafh Cthulhu R'lyeh wgah'nagl fhtagn,F-M.Hisui,0,1602884160
paddu,C-Nero,2,Ph'nglui mglw'nafh Cthulhu R'lyeh wgah'nagl fhtagn,F-M.Hisui,0,1602884311
paddu,C-Nero,1,Ph'nglui mglw'nafh Cthulhu R'lyeh wgah'nagl fhtagn,F-M.Hisui,2,1602884472
paddu,C-Nero,2,Ph'nglui mglw'nafh Cthulhu R'lyeh wgah'nagl fhtagn,F-M.Hisui,1,1602884643
paddu,C-Nero,2,Ph'nglui mglw'nafh Cthulhu R'lyeh wgah'nagl fhtagn,F-M.Hisui,0,1602884749
paddu,C-Nero,2,Ph'nglui mglw'nafh Cthulhu R'lyeh wgah'nagl fhtagn,F-M.Hisui,1,1602884901
paddu,C-M.Hisui,1,Change your name,C-V.Akiha,2,1602888223
paddu,C-M.Hisui,0,Change your name,C-V.Akiha,2,1602888351
paddu,C-M.Hisui,0,Change your name,C-V.Akiha,2,1602888508
paddu,C-M.Hisui,2,Change your name,C-V.Akiha,1,1602888684
paddu,C-M.Hisui,2,Change your name,C-V.Akiha,0,1602888819
paddu,C-M.Hisui,2,Change your name,C-V.Akiha,0,1602888948
paddu,C-M.Hisui,2,Change your name,C-V.Akiha,1,1602889157
paddu,C-M.Hisui,2,Change your name,C-V.Akiha,1,1602889347
paddu,C-M.Hisui,2,Change your name,C-V.Akiha,0,1602889491
paddu,C-M.Hisui,1,Change your name,C-V.Akiha,2,1602889667
paddu,C-M.Hisui,0,Change your name,C-V.Akiha,2,1602889786
paddu,C-M.Hisui,2,Change your name,C-V.Akiha,0,1602889860
paddu,C-M.Hisui,0,Change your name,C-V.Akiha,2,1602889975
paddu,C-M.Hisui,2,Change your name,C-V.Akiha,0,1602890140
paddu,C-M.Hisui,2,Change your name,C-V.Akiha,0,1602890211
paddu,C-M.Hisui,1,Change your name,C-V.Akiha,2,1602890338
paddu,C-M.Hisui,2,Change your name,C-V.Akiha,0,1602890500
paddu,C-Sion,2,Verendum,F-Ries,0,1602893688
paddu,C-Sion,2,Verendum,F-Ries,0,1602893793
paddu,C-Sion,2,Verendum,F-Ries,1,1602893967
paddu,C-Sion,2,Verendum,F-Ries,0,1602894096
paddu,C-Sion,2,Verendum,F-Ries,1,1602894274
paddu,C-Nanaya,2,Verendum,F-Ries,0,1602894384
paddu,C-Nanaya,2,Verendum,F-Ries,1,1602894544
paddu,C-Nanaya,2,Verendum,F-Ries,0,1602894651
paddu,C-Nanaya,2,Verendum,F-Ries,0,1602894786
paddu,C-Nanaya,2,Verendum,F-Ries,0,1602894895
paddu,C-Nanaya,2,Verendum,F-Ries,0,1602894991
paddu,C-Nanaya,2,Verendum,F-Ries,0,1602895106
paddu,C-M.Hisui,1,FUCK VTUBERS,C-S.Akiha,2,1602935542
paddu,C-M.Hisui,2,FUCK VTUBERS,C-S.Akiha,0,1602935676
paddu,C-M.Hisui,2,FUCK VTUBERS,C-S.Akiha,1,1602935884
paddu,C-M.Hisui,0,FUCK VTUBERS,C-S.Akiha,2,1602936041
paddu,C-M.Hisui,2,FUCK VTUBERS,C-S.Akiha,1,1602936204
paddu,C-M.Hisui,1,FUCK VTUBERS,C-S.Akiha,2,1602936465
paddu,C-M.Hisui,2,FUCK VTUBERS,C-S.Akiha,1,1602936653
paddu,C-M.Hisui,1,FUCK VTUBERS,C-S.Akiha,2,1602936828
paddu,C-M.Hisui,2,FUCK VTUBERS,C-S.Akiha,0,1602936946
paddu,C-Roa,2,77.250.61.19,C-S.Akiha,0,1602953899
paddu,C-Roa,2,77.250.61.19,C-S.Akiha,0,1602953996
paddu,C-Roa,2,77.250.61.19,C-S.Akiha,0,1602954084
paddu,C-Roa,2,77.250.61.19,C-Ries,0,1602954354
paddu,C-Roa,2,77.250.61.19,C-Roa,0,1602954436
paddu,C-Roa,2,Armetz,C-Tohno,1,1602954908
paddu,C-Roa,2,Armetz,C-Tohno,1,1602955094
paddu,C-Roa,2,Armetz,C-Tohno,0,1602955202
paddu,C-Roa,2,Armetz,C-Tohno,0,1602955308
paddu,C-Roa,2,Armetz,C-Tohno,0,1602955427
paddu,C-Roa,2,Armetz,C-Tohno,1,1602955620
paddu,C-Roa,0,Armetz,C-Tohno,2,1602955745
paddu,C-Roa,2,Armetz,C-Tohno,1,1602955905
paddu,C-Roa,2,Armetz,C-Tohno,0,1602956028
paddu,C-Roa,1,Armetz,C-Tohno,2,1602956175
paddu,C-Nanaya,1,Armetz,C-Nanaya,2,1602956349
paddu,C-Nanaya,1,Armetz,C-Nanaya,2,1602956524
paddu,C-Nanaya,0,Armetz,C-Nanaya,2,1602956625
paddu,C-Nanaya,1,Armetz,C-Nanaya,2,1602956785
paddu,C-Nanaya,2,Armetz,C-Nanaya,1,1602956951
paddu,C-Nanaya,2,Armetz,C-Nanaya,1,1602957108
paddu,C-Nanaya,2,Armetz,C-Nanaya,1,1602957235
paddu,C-Nanaya,2,Armetz,C-Nanaya,1,1602957375
paddu,C-Nanaya,2,Armetz,C-Nanaya,0,1602957463
paddu,C-Nero,2,Fat Kappa,H-Arc,0,1602961732
paddu,C-Nero,2,VilkaShekotki,F-Miyako,1,1602963485
paddu,C-Nero,2,VilkaShekotki,F-Miyako,0,1602963618
paddu,C-Nero,2,FLen is cute,F-Len,0,1602966354
paddu,C-Nero,2,FLen is cute,F-Len,0,1602966516
paddu,C-Nero,2,FLen is cute,F-Len,0,1602966671
paddu,C-Nero,0,fiendmaw,H-Tohno,2,1602969104
paddu,C-Nero,2,fiendmaw,H-Tohno,0,1602969234
paddu,C-Nero,2,fiendmaw,H-Tohno,0,1602969354
paddu,C-Nero,2,fiendmaw,C-Tohno,0,1602969526
paddu,C-Roa,2,An expert on glucosinolate,C-Roa,0,1603029770
paddu,C-Roa,2,An expert on glucosinolate,C-Roa,0,1603029854
paddu,C-Roa,2,An expert on glucosinolate,C-Roa,1,1603030020
paddu,C-Roa,2,An expert on glucosinolate,C-Roa,0,1603030135
paddu,C-Roa,2,An expert on glucosinolate,C-Roa,0,1603030260
paddu,C-Roa,2,An expert on glucosinolate,C-Roa,0,1603030358
paddu,C-Roa,2,An expert on glucosinolate,C-Roa,0,1603030459
paddu,C-Roa,2,An expert on glucosinolate,C-Roa,0,1603030569
paddu,C-Roa,2,An expert on glucosinolate,C-W.Len,1,1603030761
paddu,C-Roa,2,An expert on glucosinolate,C-W.Len,0,1603030870
paddu,C-Aoko,2,Kei,C-Arc,1,1603400444
paddu,C-Aoko,2,Kei,C-Arc,0,1603400547
paddu,C-Aoko,2,Kei,C-Arc,0,1603400657
paddu,C-Aoko,2,Kei,C-Arc,1,1603400804
paddu,C-Aoko,2,Kei,C-Arc,0,1603400919
paddu,C-Aoko,2,Kei,C-Arc,1,1603401103
paddu,C-Aoko,2,Kei,C-Arc,0,1603401203
paddu,C-Aoko,1,Kei,C-Arc,2,1603401447
paddu,C-Aoko,2,Kei,C-Arc,0,1603401647
paddu,C-Aoko,2,Kei,C-Arc,0,1603401808
paddu,C-Aoko,0,Kei,C-Arc,2,1603401935
paddu,C-Aoko,1,Kei,C-Arc,2,1603402086
paddu,C-Aoko,2,Kei,C-Arc,1,1603402307
paddu,C-Roa,2,Kei,C-Sion,0,1603402419
paddu,C-Roa,1,Kei,C-Sion,2,1603402557
paddu,C-Roa,0,Kei,C-Sion,2,1603402709
paddu,C-Roa,0,Kei,C-Sion,2,1603402805
paddu,C-Roa,1,Kei,C-Sion,2,1603402962
paddu,C-Roa,2,Kei,C-Sion,0,1603403059
paddu,C-Roa,1,Kei,C-Sion,2,1603403190
paddu,C-Roa,2,Kei,C-Sion,0,1603403297
paddu,C-Roa,2,Kei,C-Sion,1,1603403497
paddu,C-Nero,2,Kei,C-Arc,1,1603403687
paddu,C-Nero,2,Kei,C-Arc,1,1603403908
paddu,C-Nero,2,Kei,C-Arc,1,1603404073
paddu,C-Nero,2,Kei,C-Arc,0,1603404230
paddu,C-Nero,2,Kei,C-Arc,0,1603404351
paddu,C-Nero,2,Kei,C-Arc,0,1603404479
paddu,C-Nero,2,Kei,C-Arc,1,1603404695
paddu,C-Nero,2,Kei,C-Arc,1,1603404869
paddu,C-Nero,2,Kei,C-Arc,0,1603404942
paddu,C-Nero,2,Kei,C-Arc,0,1603405111
paddu,C-V.Akiha,2,SwordFIghter,C-Hisui,0,1603468479
paddu,C-V.Akiha,2,SwordFIghter,C-Hisui,0,1603468581
paddu,C-V.Akiha,2,SwordFIghter,C-Hisui,0,1603468684
paddu,C-V.Akiha,0,goongetit,C-Tohno,2,1603479509
paddu,C-V.Akiha,2,goongetit,C-Tohno,1,1603479701
paddu,C-V.Akiha,2,goongetit,C-Tohno,0,1603479844
paddu,C-V.Akiha,2,goongetit,C-Tohno,0,1603479946
paddu,C-V.Akiha,2,goongetit,C-Tohno,0,1603480073
paddu,C-V.Akiha,2,goongetit,C-Tohno,0,1603480187
paddu,C-V.Akiha,2,goongetit,C-Tohno,0,1603480308
paddu,C-V.Akiha,2,goongetit,C-Tohno,0,1603480436
paddu,C-V.Akiha,2,goongetit,C-Tohno,0,1603480510
paddu,C-V.Akiha,2,goongetit,C-Tohno,0,1603480605
paddu,C-Nero,2,bak 2 nero,F-Nero,0,1603482438
paddu,C-Nero,2,bak 2 nero,F-Nero,1,1603482612
paddu,C-Nero,2,bak 2 nero,F-Nero,1,1603482774
paddu,C-Nero,1,bak 2 nero,C-Wara,2,1603483037
paddu,C-Nero,0,bak 2 nero,C-Wara,2,1603483166
paddu,C-Nero,1,bak 2 nero,C-Wara,2,1603483344
paddu,C-Nero,2,bak 2 nero,C-Wara,1,1603483556
paddu,C-Nero,2,bak 2 nero,C-Wara,0,1603483709
paddu,C-Nero,0,bak 2 nero,C-Wara,2,1603483846
paddu,C-Nero,0,bak 2 nero,C-Wara,2,1603483993
paddu,C-Nero,0,bak 2 nero,C-Wara,2,1603484110
paddu,C-Nero,1,bak 2 nero,C-Wara,2,1603484332
paddu,C-Nero,2,bak 2 nero,C-Wara,0,1603484464
paddu,C-Nero,0,bak 2 nero,C-Wara,2,1603484571
paddu,C-Nero,1,bak 2 nero,C-Wara,2,1603484716
paddu,C-Nero,0,bak 2 nero,C-Wara,2,1603484874
paddu,C-Nero,2,Yummycyka Sadchinchin,C-Satsuki,0,1603491221
paddu,C-Nero,2,Yummycyka Sadchinchin,C-Satsuki,1,1603491396
paddu,C-Nero,2,Yummycyka Sadchinchin,C-Satsuki,0,1603491507
paddu,C-Nero,2,Yummycyka Sadchinchin,C-Satsuki,1,1603491671
paddu,C-Nero,0,Yummycyka Sadchinchin,C-Satsuki,2,1603491824
paddu,C-Nero,2,Yummycyka Sadchinchin,C-Satsuki,0,1603491949
paddu,C-Nero,2,Yummycyka Sadchinchin,C-Satsuki,0,1603492111
paddu,C-Nero,1,Yummycyka Sadchinchin,C-Satsuki,2,1603492313
paddu,C-Nero,2,Yummycyka Sadchinchin,C-Satsuki,0,1603492438
paddu,C-Nero,2,Yummycyka Sadchinchin,C-Satsuki,1,1603492583
paddu,C-Nero,2,Yummycyka Sadchinchin,C-Satsuki,0,1603492739
paddu,C-Nero,1,Yummycyka Sadchinchin,C-Satsuki,2,1603492958
paddu,C-Nero,2,Yummycyka Sadchinchin,C-Satsuki,0,1603493035
paddu,C-Nero,2,Ikanistea,C-Hisui,1,1603497583
paddu,C-Nero,2,Ikanistea,C-Hisui,0,1603497674
paddu,C-Nero,2,Ikanistea,C-Hisui,1,1603497876
paddu,C-Nero,2,Ikanistea,C-Hisui,1,1603498072
paddu,C-Nero,2,Ikanistea,C-Hisui,0,1603498170
paddu,C-Nero,2,Ikanistea,C-Hisui,1,1603498312
paddu,C-Nero,2,Ikanistea,C-Hisui,0,1603498413
paddu,C-Nero,0,Ikanistea,C-Hisui,2,1603498543
paddu,C-Nero,2,Ikanistea,C-Hisui,0,1603498668
paddu,C-Nero,2,Ikanistea,C-Hisui,0,1603498834
paddu,C-Nero,1,Ikanistea,C-Hisui,2,1603499060
paddu,C-Nero,2,Ikanistea,C-Hisui,0,1603499197
paddu,C-Nero,0,Ikanistea,C-Hisui,2,1603499334
paddu,C-Nero,2,Ikanistea,C-Hisui,0,1603499459
paddu,C-Nero,1,Ikanistea,C-Hisui,2,1603499658
paddu,C-Nero,2,Ikanistea,C-Hisui,1,1603499860
paddu,C-Nero,2,Ikanistea,C-Hisui,0,1603499995
paddu,C-Nero,2,Ikanistea,C-Hisui,0,1603500099
paddu,C-Nero,2,Ikanistea,C-Hisui,1,1603500280
paddu,C-Nero,2,Ikanistea,C-Hisui,1,1603500462
paddu,C-Nero,2,Ikanistea,C-Hisui,1,1603500654
paddu,C-Nero,2,Ikanistea,C-Hisui,1,1603500895
paddu,C-Nero,2,Ikanistea,C-Hisui,0,1603501036
paddu,C-Nero,1,Ikanistea,C-Hisui,2,1603501232
paddu,C-Nero,1,Ikanistea,C-Hisui,2,1603501415
paddu,C-Nero,2,Ikanistea,C-Hisui,1,1603501642
paddu,C-Nero,1,Ikanistea,C-Hisui,2,1603501810
paddu,C-Nero,1,Ikanistea,C-Hisui,2,1603501977
paddu,C-Nero,0,Ikanistea,C-Hisui,2,1603502080
paddu,C-Nero,2,Ikanistea,C-Hisui,0,1603502209
paddu,C-V.Akiha,2,Cumhard von Chalicegramm,F-V.Akiha,0,1603535163
paddu,C-V.Akiha,2,Cumhard von Chalicegramm,F-V.Akiha,1,1603535313
paddu,C-V.Akiha,2,Cumhard von Chalicegramm,F-V.Akiha,0,1603535435
paddu,C-V.Akiha,2,Cumhard von Chalicegramm,F-V.Akiha,0,1603535546
paddu,C-V.Akiha,2,Cumhard von Chalicegramm,F-V.Akiha,1,1603535718
paddu,C-V.Akiha,2,Cumhard von Chalicegramm,F-V.Akiha,1,1603535866
paddu,C-V.Akiha,2,Cumhard von Chalicegramm,F-V.Akiha,1,1603536005
paddu,C-V.Akiha,2,Cumhard von Chalicegramm,F-V.Akiha,0,1603536160
paddu,C-V.Akiha,2,Cumhard von Chalicegramm,F-V.Akiha,0,1603536284
paddu,C-V.Akiha,2,Cumhard von Chalicegramm,F-V.Akiha,0,1603536392
paddu,C-V.Akiha,2,Cumhard von Chalicegramm,F-V.Akiha,0,1603536491
paddu,C-V.Akiha,2,Cumhard von Chalicegramm,F-V.Akiha,0,1603536598
paddu,C-V.Akiha,2,Cumhard von Chalicegramm,F-V.Akiha,0,1603536682
paddu,C-V.Akiha,2,Cumhard von Chalicegramm,F-V.Akiha,1,1603536882
paddu,C-V.Akiha,1,Cumhard von Chalicegramm,F-V.Akiha,2,1603537012
paddu,C-Nero,2,ColonelMyau,F-Roa,1,1603538539
paddu,C-Nero,2,ColonelMyau,F-Roa,0,1603538658
paddu,C-Nero,2,ColonelMyau,F-Roa,1,1603538776
paddu,C-Nero,2,ColonelMyau,F-Roa,0,1603538885
paddu,C-Nero,2,ColonelMyau,F-Roa,0,1603539006
paddu,C-Nero,2,ColonelMyau,F-Roa,0,1603539111
paddu,C-Nero,2,ColonelMyau,F-Roa,1,1603539297
paddu,C-Nero,2,ColonelMyau,F-Roa,0,1603539408
paddu,C-Nero,2,ColonelMyau,F-Roa,0,1603539513
paddu,C-Nero,2,ColonelMyau,F-Roa,0,1603539642
paddu,C-Nero,2,ColonelMyau,F-Roa,0,1603539740
paddu,C-Nero,2,ColonelMyau,F-Roa,1,1603539885
paddu,C-Nero,2,ColonelMyau,F-Roa,0,1603540013
paddu,C-Nero,2,ColonelMyau,F-Roa,0,1603540122
paddu,C-Nero,2,ColonelMyau,F-Roa,0,1603540236
paddu,C-Nero,2,ColonelMyau,F-Roa,0,1603540309
paddu,C-Nero,2,ColonelMyau,F-Roa,0,1603540470
paddu,C-Nero,2,ColonelMyau,F-Roa,0,1603540562
paddu,C-Nero,2,ColonelMyau,F-Roa,0,1603540661
paddu,C-V.Akiha,2,Dstand4Debil(Maximus) ,F-Nanaya,1,1603560290
paddu,C-V.Akiha,2,Dstand4Debil(Maximus) ,F-Nanaya,1,1603560445
paddu,C-V.Akiha,1,Dstand4Debil(Maximus) ,F-Nanaya,2,1603560608
paddu,C-V.Akiha,2,Dstand4Debil(Maximus) ,F-Nanaya,0,1603560730
paddu,C-Roa,2,Dstand4Debil(Maximus) ,F-Nanaya,1,1603560934
paddu,C-Roa,2,Dstand4Debil(Maximus) ,F-Nanaya,0,1603561026
paddu,C-Roa,2,Dstand4Debil(Maximus) ,F-Nanaya,1,1603561171
paddu,C-Roa,1,Dstand4Debil(Maximus) ,F-Nanaya,2,1603561323
paddu,C-Nero,2,Anirea,F-V.Akiha,1,1603564285
paddu,C-Nero,2,Anirea,F-V.Akiha,1,1603564400
paddu,C-Nero,1,TF Frankbottle,F-Hime,2,1603566559
paddu,C-Roa,1,VilkaShekotki,F-Miyako,2,1603567660
paddu,C-Roa,0,VilkaShekotki,F-Miyako,2,1603567789
paddu,C-V.Akiha,2,Jiraymin,C-W.Len,0,1603672862
paddu,C-V.Akiha,2,Jiraymin,C-W.Len,1,1603673068
paddu,C-V.Akiha,2,Jiraymin,C-W.Len,0,1603673183
paddu,C-V.Akiha,2,Jiraymin,C-W.Len,0,1603673287
paddu,C-V.Akiha,2,Jiraymin,C-W.Len,0,1603673439
paddu,C-V.Akiha,2,Jiraymin,C-W.Len,0,1603673552
paddu,C-V.Akiha,2,Jiraymin,C-W.Len,1,1603673719
paddu,C-V.Akiha,2,Jiraymin,C-W.Len,0,1603673810
paddu,C-V.Akiha,2,Jiraymin,C-W.Len,1,1603673968
paddu,C-V.Akiha,2,Jiraymin,C-W.Len,1,1603674171
paddu,C-V.Akiha,2,Jiraymin,C-W.Len,1,1603674333
paddu,C-V.Akiha,2,Jiraymin,C-W.Len,0,1603674433
paddu,C-V.Akiha,2,Jiraymin,C-W.Len,0,1603674555
paddu,C-V.Akiha,2,Jiraymin,C-W.Len,0,1603674672
paddu,C-V.Akiha,2,Jiraymin,C-W.Len,0,1603674809
paddu,C-V.Akiha,2,Jiraymin,C-W.Len,0,1603674921
paddu,C-V.Akiha,2,Jiraymin,C-W.Len,0,1603675052
paddu,C-V.Akiha,2,Jiraymin,C-W.Len,0,1603675157
paddu,C-V.Akiha,2,Jiraymin,C-W.Len,1,1603675437
paddu,C-V.Akiha,2,Jiraymin,C-W.Len,0,1603675571
paddu,C-V.Akiha,2,Jiraymin,C-W.Len,0,1603675675
paddu,C-V.Akiha,2,Jiraymin,C-W.Len,1,1603675926
paddu,C-V.Akiha,2,Jiraymin,C-W.Len,0,1603676021
paddu,C-V.Akiha,2,Jiraymin,C-W.Len,1,1603676218
paddu,C-V.Akiha,2,Jiraymin,C-W.Len,1,1603676391
paddu,C-V.Akiha,2,Jiraymin,C-W.Len,0,1603676549
paddu,H-Ciel,1,goongetit,C-Tohno,2,1603737608
paddu,H-Ciel,2,goongetit,C-Tohno,1,1603737739
paddu,H-Ciel,2,goongetit,C-Tohno,1,1603737934
paddu,H-Ciel,2,goongetit,C-Tohno,0,1603738040
paddu,H-Ciel,2,goongetit,C-Tohno,1,1603738236
paddu,H-Ciel,1,goongetit,C-Tohno,2,1603738407
paddu,H-Ciel,2,goongetit,C-Tohno,0,1603738599
paddu,H-Ciel,0,goongetit,C-Tohno,2,1603738730
paddu,H-Ciel,2,goongetit,C-Tohno,0,1603738888
paddu,H-Ciel,0,Gibins,C-Aoko,2,1603753129
paddu,H-Ciel,0,Gibins,C-Aoko,2,1603753261
paddu,H-Ciel,0,Gibins,C-Aoko,2,1603753423
paddu,H-Ciel,0,Gibins,C-Aoko,2,1603753533
paddu,H-Ciel,0,Gibins,C-Aoko,2,1603753641
paddu,H-Ciel,0,Gibins,C-Aoko,2,1603753743
paddu,C-M.Hisui,2,Gibins,C-Aoko,1,1603753916
paddu,C-M.Hisui,1,Gibins,C-Aoko,2,1603754095
paddu,C-M.Hisui,1,Gibins,C-Aoko,2,1603754308
paddu,C-M.Hisui,2,Gibins,C-Aoko,0,1603754423
paddu,C-M.Hisui,2,Gibins,C-Aoko,0,1603754535
paddu,C-M.Hisui,2,Gibins,C-Aoko,1,1603754687
paddu,C-M.Hisui,2,Gibins,C-Aoko,0,1603754808
paddu,C-M.Hisui,1,Gibins,C-Aoko,2,1603754982
paddu,C-M.Hisui,1,Gibins,C-Aoko,2,1603755111
paddu,C-M.Hisui,0,Gibins,C-Aoko,2,1603755216
paddu,C-M.Hisui,2,Gibins,C-Aoko,0,1603755330
paddu,C-M.Hisui,2,Gibins,C-Aoko,0,1603755406
paddu,C-M.Hisui,1,Gibins,C-Aoko,2,1603755575
paddu,C-M.Hisui,2,Gibins,C-Aoko,1,1603755761
paddu,C-M.Hisui,2,Gibins,C-Aoko,0,1603755863
paddu,C-M.Hisui,1,Gibins,C-Aoko,2,1603756022
paddu,C-M.Hisui,2,Gibins,C-Aoko,1,1603756212
paddu,C-M.Hisui,1,Hexagon,C-W.Len,2,1603826020
paddu,C-M.Hisui,2,Hexagon,C-W.Len,1,1603826218
paddu,C-M.Hisui,2,Hexagon,C-W.Len,0,1603826364
paddu,C-M.Hisui,1,Hexagon,C-W.Len,2,1603826576
paddu,C-M.Hisui,2,Hexagon,C-W.Len,0,1603826685
paddu,C-M.Hisui,1,Hexagon,C-W.Len,2,1603826899
paddu,C-M.Hisui,2,Hexagon,C-W.Len,1,1603827159
paddu,C-M.Hisui,2,Hexagon,C-W.Len,1,1603827318
paddu,C-M.Hisui,1,Hexagon,C-W.Len,2,1603827522
paddu,C-M.Hisui,2,Hexagon,C-W.Len,1,1603827707
paddu,C-M.Hisui,1,Hexagon,C-W.Len,2,1603827892
paddu,C-M.Hisui,2,Hexagon,C-W.Len,0,1603828002
paddu,C-M.Hisui,2,Hexagon,C-W.Len,0,1603828107
paddu,C-M.Hisui,2,Hexagon,C-W.Len,0,1603828240
paddu,C-M.Hisui,2,Hexagon,C-W.Len,0,1603828360
83.249.88.78,C-M.Hisui,0,Yummycyka Sadchinchin,C-Satsuki,2,1603894988
83.249.88.78,C-M.Hisui,1,Yummycyka Sadchinchin,C-Satsuki,2,1603895174
83.249.88.78,C-M.Hisui,2,Yummycyka Sadchinchin,C-Satsuki,1,1603895437
83.249.88.78,C-M.Hisui,0,Yummycyka Sadchinchin,C-Satsuki,2,1603895550
83.249.88.78,C-M.Hisui,2,Yummycyka Sadchinchin,C-Satsuki,0,1603895702
83.249.88.78,C-M.Hisui,0,Yummycyka Sadchinchin,C-Satsuki,2,1603895852
83.249.88.78,C-M.Hisui,0,Yummycyka Sadchinchin,C-Satsuki,2,1603895984
83.249.88.78,C-M.Hisui,1,Yummycyka Sadchinchin,C-Satsuki,2,1603896188
83.249.88.78,C-M.Hisui,1,Yummycyka Sadchinchin,C-Satsuki,2,1603896387
paddu,C-M.Hisui,1,bak 2 nero,C-Nero,2,1604013385
paddu,C-M.Hisui,2,bak 2 nero,C-Nero,0,1604013557
paddu,C-M.Hisui,0,bak 2 nero,C-Nero,2,1604013703
paddu,C-M.Hisui,2,bak 2 nero,C-Nero,0,1604013836
paddu,C-M.Hisui,0,bak 2 nero,C-Nero,2,1604014001
paddu,C-M.Hisui,0,bak 2 nero,C-Nero,2,1604014168
paddu,C-M.Hisui,0,bak 2 nero,C-Nero,2,1604014315
paddu,C-M.Hisui,2,bak 2 nero,C-Nero,0,1604014454
paddu,C-M.Hisui,2,bak 2 nero,C-Nero,0,1604014568
paddu,C-M.Hisui,2,bak 2 nero,C-Nero,0,1604014699
paddu,C-M.Hisui,0,bak 2 nero,C-Nero,2,1604014850
paddu,C-M.Hisui,2,bak 2 nero,C-Nero,0,1604014985
paddu,C-M.Hisui,2,bak 2 nero,C-Nero,1,1604015202
paddu,C-M.Hisui,2,bak 2 nero,C-Nero,0,1604015348
paddu,C-M.Hisui,0,bak 2 nero,C-Nero,2,1604015483
paddu,C-M.Hisui,0,bak 2 nero,C-Nero,2,1604015600
paddu,C-M.Hisui,2,bak 2 nero,C-Nero,1,1604015796
paddu,C-M.Hisui,1,bak 2 nero,C-Nero,2,1604016029
paddu,C-M.Hisui,1,bak 2 nero,C-Nero,2,1604016187
paddu,C-Nero,2,Dstand4Debil(Maximus) ,F-Nanaya,0,1604061840
paddu,C-Nero,2,Dstand4Debil(Maximus) ,F-Nanaya,0,1604061960
paddu,C-Nero,0,Dstand4Debil(Maximus) ,F-Nanaya,2,1604062124
paddu,C-Nero,2,Dstand4Debil(Maximus) ,F-Nanaya,0,1604062211
paddu,C-Nero,2,Dstand4Debil(Maximus) ,F-Nanaya,0,1604062311
paddu,C-Nero,2,Dstand4Debil(Maximus) ,F-Nanaya,0,1604062441
paddu,C-Nero,2,Dstand4Debil(Maximus) ,F-Nanaya,0,1604062522
paddu,C-Nero,2,Dstand4Debil(Maximus) ,F-Nanaya,0,1604062623
paddu,C-Nero,2,Dstand4Debil(Maximus) ,F-Nanaya,1,1604062774
paddu,C-Nero,2,Dstand4Debil(Maximus) ,F-Nanaya,0,1604062914
paddu,F-M.Hisui,2,Tinda/Dani,F-Tohno,0,1604077994
paddu,F-M.Hisui,2,Tinda/Dani,F-Tohno,0,1604078059
paddu,F-M.Hisui,2,Tinda/Dani,F-Tohno,0,1604078130
paddu,F-M.Hisui,2,Tinda/Dani,F-Tohno,0,1604078208
paddu,F-M.Hisui,2,Tinda/Dani,F-Tohno,0,1604078289
paddu,F-M.Hisui,2,Tinda/Dani,F-Tohno,0,1604078383
paddu,F-M.Hisui,2,Tinda/Dani,F-Tohno,0,1604078484
paddu,F-M.Hisui,2,Tinda/Dani,F-Tohno,0,1604078575
paddu,F-M.Hisui,2,Tinda/Dani,F-Tohno,1,1604078710
paddu,F-M.Hisui,2,Tinda/Dani,F-Tohno,0,1604078791
paddu,F-M.Hisui,2,Tinda/Dani,F-Tohno,0,1604078862
paddu,F-M.Hisui,2,Tinda/Dani,F-Tohno,0,1604078923
paddu,F-M.Hisui,2,Tinda/Dani,F-Tohno,0,1604078989
paddu,F-M.Hisui,2,Tinda/Dani,F-Tohno,0,1604079070
paddu,F-M.Hisui,2,Tinda/Dani,F-Tohno,0,1604079132
paddu,F-M.Hisui,2,Tinda/Dani,F-Tohno,0,1604079214
paddu,F-M.Hisui,2,Tinda/Dani,F-Tohno,0,1604079306
paddu,C-M.Hisui,2,Tinda/Dani,F-Tohno,0,1604079409
paddu,C-M.Hisui,2,Tinda/Dani,F-Tohno,0,1604079508
paddu,C-M.Hisui,2,Tinda/Dani,F-Tohno,0,1604079612
paddu,C-M.Hisui,2,Tinda/Dani,F-Tohno,0,1604079704
paddu,C-M.Hisui,2,Tinda/Dani,F-Tohno,0,1604079798
paddu,C-M.Hisui,2,Tinda/Dani,F-Tohno,0,1604079895
paddu,C-M.Hisui,2,Tinda/Dani,F-Tohno,0,1604079996
paddu,C-M.Hisui,2,Tinda/Dani,F-Tohno,0,1604080079
paddu,C-M.Hisui,2,Tinda/Dani,F-Tohno,0,1604080180
paddu,C-M.Hisui,2,Tinda/Dani,F-Tohno,0,1604080272
paddu,C-M.Hisui,2,Verendum,F-Ries,0,1604100350
paddu,C-M.Hisui,2,Verendum,F-Ries,0,1604100503
paddu,C-M.Hisui,2,Verendum,F-Ries,0,1604100602
paddu,C-M.Hisui,2,Verendum,F-Ries,0,1604100694
paddu,C-M.Hisui,2,Verendum,F-Ries,0,1604100824
paddu,C-M.Hisui,2,Verendum,F-Ries,0,1604100916
paddu,C-M.Hisui,2,Verendum,F-Ries,0,1604101042
paddu,C-M.Hisui,2,Verendum,F-Ries,0,1604101154
paddu,C-M.Hisui,2,Verendum,F-Ries,0,1604101270
paddu,C-M.Hisui,2,Verendum,F-Ries,1,1604101426
paddu,C-M.Hisui,2,Verendum,F-Ries,0,1604101563
paddu,C-M.Hisui,2,Verendum,F-Ries,0,1604101668
paddu,C-M.Hisui,2,Verendum,F-Ries,0,1604101787
paddu,C-M.Hisui,2,Verendum,F-Ries,0,1604101911
paddu,C-M.Hisui,2,Verendum,F-Ries,0,1604102034
paddu,C-M.Hisui,2,Verendum,F-Ries,0,1604102143
paddu,C-M.Hisui,2,bbbb,H-Tohno,1,1604113994
paddu,C-M.Hisui,2,bbbb,H-Tohno,1,1604114134
paddu,C-M.Hisui,2,bbbb,H-M.Hisui,1,1604114296
paddu,C-M.Hisui,2,bbbb,H-M.Hisui,0,1604114398
paddu,C-M.Hisui,0,bbbb,F-S.Akiha,2,1604114524
paddu,C-M.Hisui,0,bbbb,F-S.Akiha,2,1604114616
paddu,C-Nero,2,bbbb,F-S.Akiha,0,1604114737
paddu,C-Nero,2,bbbb,F-S.Akiha,0,1604114811
paddu,C-Nero,2,bbbb,F-M.Hisui,0,1604114950
paddu,C-Nero,2,bbbb,F-M.Hisui,0,1604115055
paddu,C-Nero,2,bbbb,F-Tohno,0,1604115188
paddu,C-Nero,2,bbbb,F-Tohno,0,1604115293
paddu,C-Nero,2,bbbb,F-S.Akiha,0,1604115411
paddu,C-Nero,2,bbbb,F-S.Akiha,1,1604115541
paddu,C-Nero,2,bbbb,F-S.Akiha,0,1604115629
paddu,C-Nero,1,bbbb,F-S.Akiha,2,1604115789
paddu,C-Nero,2,bbbb,F-S.Akiha,0,1604115892
paddu,C-Nero,2,bbbb,F-S.Akiha,0,1604115975
paddu,C-Warc,0,Nineball,F-M.Hisui,2,1604619579
paddu,C-Warc,0,Nineball,F-M.Hisui,2,1604619686
paddu,C-Warc,1,Nineball,F-M.Hisui,2,1604619850
paddu,C-Warc,0,Nineball,F-M.Hisui,2,1604619953
paddu,C-Warc,0,Nineball,F-M.Hisui,2,1604620034
paddu,C-Tohno,0,Nineball,F-M.Hisui,2,1604620160
paddu,C-Tohno,2,Nineball,F-M.Hisui,1,1604620358
paddu,C-Tohno,1,Nineball,F-M.Hisui,2,1604620555
paddu,C-Tohno,0,Nineball,F-M.Hisui,2,1604620744
paddu,C-Tohno,1,Nineball,F-M.Hisui,2,1604620927
paddu,C-Tohno,0,Nineball,F-M.Hisui,2,1604621022
paddu,C-Tohno,2,Nineball,F-M.Hisui,1,1604621214
paddu,C-Tohno,0,Nineball,F-M.Hisui,2,1604621311
paddu,C-Tohno,0,Nineball,F-M.Hisui,2,1604621416
paddu,C-M.Hisui,2,Nineball,F-Roa,0,1604621570
paddu,C-M.Hisui,0,Nineball,F-Roa,2,1604621684
paddu,C-M.Hisui,1,Nineball,F-Roa,2,1604621867
paddu,C-M.Hisui,1,Nineball,F-Roa,2,1604622023
paddu,C-M.Hisui,0,Nineball,F-Roa,2,1604622142
paddu,C-M.Hisui,1,Nineball,F-Roa,2,1604622329
paddu,C-Aoko,2,Nineball,H-Hime,1,1604622554
paddu,C-Aoko,2,Nineball,H-Hime,1,1604622714
paddu,C-Aoko,2,Nineball,H-Hime,0,1604622843
paddu,C-Aoko,1,Nineball,H-Hime,2,1604623012
paddu,C-Aoko,0,Nineball,H-Hime,2,1604623152
paddu,C-Aoko,2,Nineball,H-Hime,1,1604623259
paddu,C-Aoko,2,Nineball,H-Hime,0,1604623419
paddu,C-Aoko,2,Nineball,F-Hisui,1,1604623616
paddu,C-Aoko,2,Nineball,F-Hisui,0,1604623732
paddu,C-Aoko,0,Nineball,F-Hisui,2,1604623884
paddu,C-Aoko,2,Nineball,F-Hisui,1,1604624084
paddu,C-Aoko,2,Nineball,F-Hisui,0,1604624239
paddu,C-Aoko,1,Nineball,F-Hisui,2,1604624393
paddu,C-Aoko,2,Nineball,F-Hisui,0,1604624495
paddu,C-Aoko,2,Nineball,F-Ries,0,1604624597
paddu,C-Warc,0,Change your name,F-P.Ciel,2,1604680591
paddu,C-Warc,2,Change your name,F-P.Ciel,0,1604680704
paddu,C-Warc,0,Change your name,F-P.Ciel,2,1604680814
paddu,C-Warc,0,Change your name,F-P.Ciel,2,1604680934
paddu,C-Warc,0,Change your name,F-P.Ciel,2,1604681040
paddu,C-Warc,0,Change your name,F-P.Ciel,2,1604681138
paddu,C-Aoko,2,nift,C-Tohno,0,1604683780
paddu,C-Aoko,0,nift,C-Tohno,2,1604683891
paddu,C-Aoko,2,nift,C-Tohno,0,1604683976
paddu,C-Aoko,2,nift,C-Tohno,0,1604684059
paddu,C-Aoko,2,nift,C-Tohno,0,1604684177
paddu,C-Aoko,2,nift,C-Tohno,0,1604684284
paddu,C-Aoko,0,nift,C-Tohno,2,1604684428
paddu,C-Aoko,1,nift,C-Tohno,2,1604684632
paddu,C-Nero,1,bak 2 nero,F-Aoko,2,1604685444
paddu,C-Nero,1,bak 2 nero,F-Aoko,2,1604685680
paddu,C-Nero,1,bak 2 nero,F-Aoko,2,1604685825
paddu,C-Nero,2,bak 2 nero,F-Aoko,0,1604685945
paddu,C-Nero,2,bak 2 nero,F-Aoko,1,1604686148
paddu,C-Nero,0,bak 2 nero,F-Aoko,2,1604686277
paddu,C-Nero,1,bak 2 nero,F-Aoko,2,1604686429
paddu,C-Nero,2,bak 2 nero,F-Aoko,1,1604686603
paddu,C-Nero,1,bak 2 nero,F-Aoko,2,1604686739
paddu,C-Nero,1,bak 2 nero,F-Aoko,2,1604686871
paddu,C-Nero,1,bak 2 nero,F-Aoko,2,1604687013
paddu,C-Nero,2,bak 2 nero,F-Aoko,0,1604687121
paddu,C-Nero,0,bak 2 nero,F-Aoko,2,1604687241
paddu,C-Nero,0,bak 2 nero,F-Aoko,2,1604687386
paddu,C-Aoko,2,Nar'sie,F-Akiha,0,1604751000
paddu,C-Aoko,1,Nar'sie,F-Akiha,2,1604751182
paddu,C-Aoko,2,Nar'sie,F-Akiha,1,1604751430
paddu,C-Aoko,1,Nar'sie,F-Akiha,2,1604751640
paddu,C-Aoko,1,Nar'sie,F-Akiha,2,1604751850
paddu,C-Aoko,0,Nar'sie,F-V.Akiha,2,1604751917
paddu,C-Aoko,2,Nar'sie,F-V.Akiha,1,1604752037
paddu,C-Aoko,0,Nar'sie,F-V.Akiha,2,1604752122
paddu,C-Aoko,2,Nar'sie,F-V.Akiha,1,1604752279
paddu,C-Aoko,0,Nar'sie,F-V.Akiha,2,1604752352
paddu,C-Aoko,2,Nar'sie,F-V.Akiha,0,1604752479
paddu,C-Aoko,2,Nar'sie,F-V.Akiha,1,1604752632
paddu,C-Aoko,1,Nar'sie,F-V.Akiha,2,1604752792
paddu,C-Aoko,1,Nar'sie,F-V.Akiha,2,1604752959
paddu,C-Aoko,1,Nar'sie,F-V.Akiha,2,1604753115
paddu,C-Warc,2,Nar'sie,C-Arc,1,1604753300
paddu,C-Warc,2,Nar'sie,C-Arc,1,1604753537
paddu,C-Warc,2,Nar'sie,F-Miyako,1,1604753723
paddu,C-Warc,0,Nar'sie,F-Miyako,2,1604753832
paddu,C-Aoko,0,Draig,F-Ryougi,2,1604761930
paddu,C-Aoko,2,Draig,F-Ryougi,1,1604762078
paddu,C-Aoko,1,Draig,F-Ryougi,2,1604762228
paddu,C-Aoko,0,Draig,F-Ryougi,2,1604762333
paddu,C-Aoko,1,Draig,F-Ryougi,2,1604762543
paddu,C-Aoko,1,Draig,F-Ryougi,2,1604762688
paddu,C-Aoko,0,Draig,F-Ryougi,2,1604762785
paddu,C-Aoko,0,Draig,F-Ryougi,2,1604762928
paddu,C-Aoko,2,Draig,F-Ryougi,1,1604763084
paddu,C-Aoko,2,Draig,F-Ryougi,0,1604763211
paddu,C-Aoko,0,Draig,F-Ryougi,2,1604763324
paddu,C-Aoko,0,Draig,F-Ryougi,2,1604763485
paddu,C-Aoko,1,Draig,F-Ryougi,2,1604763687
paddu,C-Aoko,1,Draig,F-Ryougi,2,1604763858
paddu,C-Roa,0,Draig,F-Ryougi,2,1604763967
paddu,C-Roa,0,Draig,F-Ryougi,2,1604764056
paddu,C-Roa,2,Draig,F-Ryougi,0,1604764140
paddu,C-Roa,2,Draig,F-Ryougi,1,1604764325
paddu,C-Roa,2,Draig,F-Ryougi,0,1604764438
paddu,C-Roa,0,Draig,F-Ryougi,2,1604764524
paddu,C-Roa,0,Draig,F-Ryougi,2,1604764610
paddu,C-Roa,0,Draig,F-Ryougi,2,1604764708
paddu,C-Nero,0,Draig,F-Ryougi,2,1604764851
paddu,C-Nero,2,Draig,F-Ryougi,1,1604765001
paddu,C-Nero,2,Draig,F-Ryougi,0,1604765127
paddu,C-Warc,2,Dora,H-Ryougi,0,1604770381
paddu,C-Warc,2,Dora,H-Ryougi,0,1604770543
paddu,C-Warc,2,Dora,H-Ryougi,1,1604770693
paddu,C-Warc,2,Dora,H-Ryougi,0,1604770842
paddu,C-Warc,2,Dora,H-Ryougi,0,1604770993
paddu,C-Warc,2,Dora,H-Ryougi,0,1604771151
paddu,C-Warc,2,Dora,H-Ryougi,0,1604771274
paddu,C-Warc,2,Dora,H-Ryougi,0,1604771401
paddu,C-Warc,2,Dora,H-Ryougi,0,1604771518
paddu,C-Warc,2,Dora,H-Ryougi,0,1604771621
paddu,C-Warc,2,goongetit,C-Tohno,0,1604775024
paddu,C-Warc,2,goongetit,C-Tohno,0,1604775120
paddu,C-Warc,2,goongetit,C-Tohno,0,1604775251
paddu,C-Warc,2,goongetit,C-Tohno,1,1604775405
paddu,C-Warc,2,goongetit,C-Tohno,0,1604775526
paddu,C-Warc,2,goongetit,C-Tohno,1,1604775704
paddu,C-Warc,2,goongetit,C-Tohno,1,1604775837
paddu,C-Warc,2,goongetit,C-Tohno,0,1604775981
paddu,C-Warc,2,goongetit,C-Tohno,0,1604776139
paddu,C-Warc,2,goongetit,C-Tohno,0,1604776253
paddu,C-Warc,2,goongetit,C-Tohno,0,1604776381
paddu,C-Warc,2,goongetit,C-Tohno,0,1604776516
paddu,C-Warc,2,goongetit,C-Tohno,1,1604776723
paddu,C-Warc,2,goongetit,C-Tohno,1,1604776924
paddu,C-Warc,2,goongetit,C-Tohno,0,1604777055
paddu,C-Warc,2,goongetit,C-Tohno,0,1604777170
paddu,C-Warc,2,goongetit,C-Tohno,0,1604777287
paddu,C-Warc,1,goongetit,C-Tohno,2,1604777438
paddu,C-Warc,2,goongetit,C-Tohno,0,1604777556
paddu,C-Warc,2,goongetit,C-Tohno,0,1604777658
paddu,C-Warc,2,goongetit,C-Tohno,1,1604777904
paddu,C-Aoko,2,FLen is cute,F-Len,1,1604779534
paddu,C-Aoko,0,FLen is cute,F-Len,2,1604779614
paddu,C-Aoko,2,FLen is cute,F-Len,0,1604779731
paddu,C-Aoko,2,FLen is cute,F-Len,1,1604779858
paddu,C-Aoko,2,FLen is cute,F-Len,0,1604780008
paddu,C-Aoko,2,FLen is cute,F-Len,1,1604780197
paddu,C-Aoko,2,FLen is cute,F-Len,0,1604780329
paddu,C-Aoko,2,FLen is cute,F-Len,0,1604780470
paddu,C-Aoko,0,FLen is cute,F-Len,2,1604780545
paddu,C-Aoko,2,FLen is cute,F-Len,0,1604780634
paddu,C-Aoko,0,FLen is cute,F-Len,2,1604780706
paddu,C-Aoko,2,FLen is cute,F-Len,1,1604780854
paddu,C-Aoko,2,FLen is cute,F-Len,0,1604780968
paddu,C-Aoko,2,Dora,H-Ryougi,0,1604848496
paddu,C-Aoko,2,Dora,H-Ryougi,0,1604848639
paddu,C-Aoko,2,Dora,H-Ryougi,0,1604848786
paddu,C-Aoko,2,Dora,H-Ryougi,0,1604848908
paddu,C-Aoko,2,Dora,H-Ryougi,0,1604849007
paddu,C-Aoko,2,Dora,H-Ryougi,0,1604849145
paddu,C-Aoko,2,Dora,H-Ryougi,0,1604849285
paddu,C-Aoko,2,Dora,H-Ryougi,1,1604849433
paddu,C-Aoko,2,Dora,H-Ryougi,0,1604849492
paddu,C-Aoko,2,Dora,H-Ryougi,0,1604849609
paddu,C-Aoko,2,Dora,H-Ryougi,0,1604849705
paddu,C-Nero,2,ColonelMyau,F-Roa,0,1604859889
paddu,C-Nero,2,ColonelMyau,F-Roa,0,1604860034
paddu,C-Nero,2,ColonelMyau,F-Roa,0,1604860161
paddu,C-Nero,2,ColonelMyau,F-Roa,0,1604860267
paddu,C-Nero,2,ColonelMyau,F-Roa,0,1604860368
paddu,C-Nero,2,ColonelMyau,F-Roa,0,1604860500
paddu,C-Nero,2,ColonelMyau,F-Roa,0,1604860619
paddu,C-Nero,2,ColonelMyau,F-Roa,1,1604860816
paddu,C-Nero,2,ColonelMyau,F-Roa,0,1604860929
paddu,C-Nero,2,ColonelMyau,F-Roa,1,1604861096
paddu,C-Nero,2,ColonelMyau,F-Roa,0,1604863188
paddu,C-Nero,2,ColonelMyau,F-Roa,0,1604863299
paddu,C-Nero,2,Gibins,F-Aoko,1,1604864225
paddu,C-Nero,1,Gibins,F-Aoko,2,1604864397
paddu,C-Nero,0,Gibins,F-Aoko,2,1604864503
paddu,C-NAC,1,Mab112,H-KohaMech,2,1604866973
paddu,H-NAC,2,Mab112,H-KohaMech,1,1604867189
paddu,H-NAC,2,Mab112,H-KohaMech,0,1604867321
paddu,C-Aoko,2,FLen is cute,H-Ryougi,1,1604868374
paddu,C-Aoko,2,FLen is cute,H-Ryougi,0,1604868482
paddu,C-M.Hisui,2,Gibins,C-Aoko,1,1604869038
paddu,C-M.Hisui,2,Gibins,C-Aoko,1,1604869231
paddu,C-M.Hisui,1,Gibins,C-Aoko,2,1604869387
paddu,C-M.Hisui,2,Gibins,F-Aoko,0,1604869550
paddu,C-NAC,0,Draig,F-Ryougi,2,1604869887
paddu,C-Roa,0,Draig,F-Ryougi,2,1604870021
paddu,C-Roa,1,Draig,F-Ryougi,2,1604870198
paddu,C-NekoMech,1,bak 2 nero,C-Nero,2,1605222193
paddu,C-NekoMech,1,bak 2 nero,C-Nero,2,1605222432
paddu,C-NekoMech,0,bak 2 nero,C-Nero,2,1605222575
paddu,C-NekoMech,0,bak 2 nero,C-Nero,2,1605222712
paddu,C-NekoMech,0,bak 2 nero,C-Nero,2,1605222848
paddu,C-NekoMech,0,bak 2 nero,C-Nero,2,1605223016
paddu,C-NekoMech,0,bak 2 nero,C-Nero,2,1605223136
paddu,C-NekoMech,1,bak 2 nero,C-Nero,2,1605223381
paddu,C-NekoMech,0,bak 2 nero,C-Nero,2,1605223491
paddu,C-NekoMech,0,bak 2 nero,C-Nero,2,1605223616
paddu,C-Nero,0,bak 2 nero,F-Aoko,2,1605223788
paddu,C-Nero,0,bak 2 nero,F-Aoko,2,1605223927
paddu,C-Nero,2,bak 2 nero,F-Aoko,0,1605224074
paddu,C-Nero,2,bak 2 nero,F-Aoko,1,1605224263
paddu,C-Nero,2,bak 2 nero,F-Aoko,1,1605224423
paddu,C-Nero,0,bak 2 nero,F-Aoko,2,1605224579
paddu,C-Nero,2,bak 2 nero,F-Aoko,1,1605224753
paddu,C-Nero,1,bak 2 nero,F-Aoko,2,1605224932
paddu,C-Nero,1,bak 2 nero,F-Aoko,2,1605225140
paddu,C-Nero,0,bak 2 nero,F-Aoko,2,1605225236
paddu,C-Nero,0,bak 2 nero,F-Aoko,2,1605225344
paddu,C-Nero,0,bak 2 nero,F-Aoko,2,1605225461
paddu,C-Nero,0,bak 2 nero,F-Aoko,2,1605225569
paddu,C-Nero,1,bak 2 nero,F-Aoko,2,1605225778
paddu,C-M.Hisui,2,ColonelMyau,F-Roa,0,1605277012
paddu,C-M.Hisui,2,ColonelMyau,F-Roa,1,1605277203
paddu,C-M.Hisui,2,ColonelMyau,F-Roa,0,1605277342
paddu,C-M.Hisui,2,ColonelMyau,F-Roa,1,1605277536
paddu,C-M.Hisui,2,ColonelMyau,F-Roa,0,1605277626
paddu,C-M.Hisui,2,ColonelMyau,F-Roa,0,1605277744
paddu,C-M.Hisui,2,ColonelMyau,F-Roa,0,1605277848
paddu,C-M.Hisui,2,ColonelMyau,F-Roa,0,1605277989
paddu,C-M.Hisui,2,ColonelMyau,F-Roa,0,1605278109
paddu,C-M.Hisui,2,ColonelMyau,F-Roa,0,1605278229
paddu,C-M.Hisui,2,ColonelMyau,F-Roa,0,1605278337
paddu,C-M.Hisui,2,ColonelMyau,F-Roa,0,1605278434
paddu,C-M.Hisui,2,ColonelMyau,F-Roa,0,1605278527
paddu,C-M.Hisui,2,ColonelMyau,F-Roa,0,1605278620
paddu,C-M.Hisui,2,ColonelMyau,F-Roa,0,1605278803
paddu,C-M.Hisui,2,ColonelMyau,F-Roa,0,1605278924
paddu,C-M.Hisui,2,ColonelMyau,F-Roa,0,1605279018
paddu,C-M.Hisui,2,ColonelMyau,F-Roa,0,1605279117
paddu,C-M.Hisui,2,ColonelMyau,F-Roa,0,1605279225
paddu,C-M.Hisui,2,ColonelMyau,F-Roa,0,1605279374
paddu,C-M.Hisui,2,star platinum,F-Nero,0,1605284044
paddu,C-M.Hisui,2,star platinum,F-Nero,0,1605284144
paddu,C-M.Hisui,2,star platinum,F-Nero,0,1605284238
paddu,C-M.Hisui,2,star platinum,F-Nero,0,1605284324
paddu,C-M.Hisui,2,star platinum,F-Nero,0,1605284438
paddu,C-M.Hisui,2,star platinum,H-V.Sion,1,1605284602
paddu,C-M.Hisui,2,star platinum,H-V.Sion,0,1605284714
paddu,C-M.Hisui,2,star platinum,H-V.Sion,1,1605284907
paddu,C-M.Hisui,2,star platinum,H-V.Sion,1,1605285049
paddu,C-M.Hisui,2,star platinum,H-V.Sion,0,1605285138
paddu,C-Nero,2,star platinum,H-V.Sion,0,1605285266
paddu,C-Nero,2,star platinum,H-V.Sion,0,1605285364
paddu,C-Nero,2,star platinum,H-V.Sion,0,1605285459
paddu,C-Nero,2,star platinum,H-V.Sion,1,1605285653
paddu,C-Nero,2,star platinum,H-V.Sion,0,1605285718
paddu,C-M.Hisui,0,sat,C-NekoMech,2,1605383534
paddu,C-M.Hisui,1,sat,C-NekoMech,2,1605383768
paddu,C-M.Hisui,1,sat,C-NekoMech,2,1605383916
paddu,C-M.Hisui,1,sat,C-NekoMech,2,1605384097
paddu,C-Nero,0,sat,C-NekoMech,2,1605385316
paddu,C-Nero,0,sat,C-NekoMech,2,1605385431
paddu,C-Nero,0,sat,C-NekoMech,2,1605385533
paddu,C-Nero,2,sat,C-NekoMech,0,1605385658
paddu,C-Nero,2,sat,C-NekoMech,1,1605385841
paddu,C-Nero,2,sat,C-NekoMech,1,1605385983
paddu,C-Nero,2,sat,C-NekoMech,1,1605386163
paddu,C-Nero,1,sat,C-NekoMech,2,1605386326
paddu,C-Nero,0,sat,C-NekoMech,2,1605386430
paddu,C-Nero,0,sat,C-NekoMech,2,1605386597
paddu,C-Nero,2,sat,C-NekoMech,0,1605386736
paddu,C-Nero,2,sat,C-NekoMech,1,1605386898
paddu,C-Nero,1,sat,C-NekoMech,2,1605387047
paddu,C-Nero,0,sat,C-NekoMech,2,1605387138
paddu,C-Nero,2,sat,C-NekoMech,0,1605387225
paddu,C-Nero,2,sat,C-NekoMech,1,1605387404
paddu,C-Nero,1,sat,C-NekoMech,2,1605387541
paddu,C-Nero,1,sat,C-NekoMech,2,1605387713
paddu,F-NekoMech,2,Yun,C-Warc,1,1605408731
paddu,F-NekoMech,2,Yun,C-Warc,0,1605408822
paddu,F-NekoMech,2,Yun,C-Warc,0,1605408924
paddu,F-NekoMech,2,Yun,C-Warc,1,1605409062
paddu,F-NekoMech,2,Yun,C-Warc,0,1605409199
paddu,F-NekoMech,2,Yun,C-Warc,1,1605409329
paddu,F-NekoMech,0,Yun,H-W.Len,2,1605409449
paddu,F-NekoMech,2,Yun,H-W.Len,0,1605409569
paddu,F-NekoMech,2,Yun,H-W.Len,0,1605409650
paddu,F-NekoMech,2,Yun,H-W.Len,0,1605409762
paddu,F-NekoMech,2,Yun,H-W.Len,0,1605409847
paddu,F-NekoMech,2,torrenz,F-Satsuki,0,1605445512
paddu,F-NekoMech,2,torrenz,F-Satsuki,0,1605445633
paddu,F-NekoMech,2,torrenz,F-Satsuki,0,1605445732
paddu,F-NekoMech,2,torrenz,F-Satsuki,1,1605445893
paddu,F-NekoMech,2,torrenz,F-Satsuki,1,1605446067
paddu,F-NekoMech,2,torrenz,F-Satsuki,0,1605446160
paddu,F-NekoMech,2,torrenz,F-Satsuki,1,1605446335
paddu,F-NekoMech,2,torrenz,C-Satsuki,1,1605446512
paddu,F-NekoMech,2,torrenz,C-Satsuki,0,1605446581
paddu,F-NekoMech,2,torrenz,C-Satsuki,0,1605446711
paddu,F-NekoMech,2,torrenz,F-Satsuki,1,1605446876
paddu,F-NekoMech,0,torrenz,F-Satsuki,2,1605446995
paddu,F-NekoMech,0,torrenz,F-Satsuki,2,1605447111
paddu,F-NekoMech,2,torrenz,F-Satsuki,1,1605447304
paddu,F-NekoMech,2,torrenz,F-Satsuki,0,1605447411
paddu,F-NekoMech,2,torrenz,F-Satsuki,0,1605447524
paddu,F-NekoMech,5,LurkyDismal,C-Sion,0,1605453381
paddu,F-NekoMech,5,LurkyDismal,C-Sion,0,1605453571
paddu,F-NekoMech,5,LurkyDismal,C-Sion,0,1605453742
paddu,F-NekoMech,5,LurkyDismal,C-Sion,0,1605453917
paddu,F-NekoMech,1,Aurablitzer,C-Nanaya,2,1605464540
paddu,F-NekoMech,0,Aurablitzer,C-Nanaya,2,1605464648
paddu,F-NekoMech,0,Aurablitzer,C-Nanaya,2,1605464728
paddu,F-NekoMech,0,Aurablitzer,C-Nanaya,2,1605464830
paddu,F-NekoMech,0,Aurablitzer,C-Nanaya,2,1605464906
paddu,F-NekoMech,0,Aurablitzer,C-Nanaya,2,1605464996
paddu,F-NekoMech,0,Aurablitzer,C-Nanaya,2,1605465100
paddu,F-NekoMech,1,Aurablitzer,C-Nanaya,2,1605465236
paddu,F-NekoMech,0,Aurablitzer,C-Nanaya,2,1605465322
paddu,F-NekoMech,1,Aurablitzer,C-Nanaya,2,1605465460
paddu,C-NekoMech,2,smo,F-Hime,0,1605466174
paddu,C-NekoMech,2,smo,F-Hime,0,1605466326
paddu,C-NekoMech,2,smo,F-Hime,1,1605466509
paddu,C-NekoMech,2,smo,F-Hime,1,1605466702
paddu,C-NekoMech,2,smo,F-Hime,1,1605466935
paddu,F-NekoMech,2,smo,F-Hime,1,1605467117
paddu,F-NekoMech,2,smo,F-Hime,0,1605467239
paddu,F-NekoMech,2,smo,F-Hime,0,1605467314
paddu,F-NekoMech,1,smo,F-Hime,2,1605467467
paddu,F-NekoMech,2,smo,F-Hime,0,1605467554
paddu,F-NekoMech,1,smo,F-Hime,2,1605467715
paddu,F-NekoMech,2,smo,F-Hime,0,1605467841
paddu,F-NekoMech,2,smo,F-Hime,0,1605467930
paddu,F-NekoMech,2,smo,F-Hime,0,1605468041
paddu,F-NekoMech,0,smo,F-Hime,2,1605468151
paddu,F-NekoMech,2,Gibins,C-Aoko,1,1605479314
paddu,F-NekoMech,0,Gibins,F-Aoko,2,1605479424
paddu,F-NekoMech,2,Gibins,F-Aoko,0,1605479509
paddu,F-NekoMech,0,Gibins,F-Aoko,2,1605479600
paddu,F-NekoMech,1,Gibins,F-Aoko,2,1605479742
paddu,F-NekoMech,0,Gibins,F-Aoko,2,1605479848
paddu,F-NekoMech,1,Gibins,F-Aoko,2,1605479981
paddu,F-NekoMech,2,Gibins,F-Aoko,1,1605480133
paddu,F-NekoMech,0,Gibins,F-Aoko,2,1605480241
paddu,F-NekoMech,2,Gibins,F-Aoko,1,1605480411
paddu,F-NekoMech,1,Gibins,F-Aoko,2,1605480552
paddu,F-NekoMech,2,Gibins,F-Aoko,0,1605480625
paddu,F-NekoMech,1,Gibins,F-Aoko,2,1605480771
paddu,F-NekoMech,1,Gibins,F-Aoko,2,1605480888
paddu,F-NekoMech,0,Gibins,F-Aoko,2,1605481015
paddu,F-NekoMech,2,Gibins,F-Aoko,1,1605481184
paddu,F-NekoMech,0,Gibins,F-Aoko,2,1605481253
paddu,F-NekoMech,0,Gibins,F-Aoko,2,1605481361
paddu,F-NekoMech,2,Gibins,F-Aoko,0,1605481478
paddu,F-NekoMech,0,Gibins,F-Aoko,2,1605481589
paddu,F-NekoMech,1,Gibins,F-Aoko,2,1605481714
paddu,F-NekoMech,0,Gibins,F-Aoko,2,1605481812
paddu,C-Nero,2,Zapoke,C-Wara,1,1605890472
paddu,C-Nero,2,Zapoke,C-Wara,1,1605890628
paddu,C-Nero,2,Zapoke,C-Wara,0,1605890767
paddu,C-Nero,2,Zapoke,C-Wara,0,1605890899
paddu,C-Nero,2,Zapoke,C-Wara,0,1605890992
paddu,C-Roa,2,Tinda/Dani,F-Tohno,0,1605903868
paddu,C-Roa,2,Tinda/Dani,F-Tohno,0,1605904003
paddu,C-Roa,2,Tinda/Dani,F-Tohno,0,1605904116
paddu,C-Roa,2,Tinda/Dani,F-Tohno,0,1605904208
paddu,C-Roa,2,Tinda/Dani,F-Tohno,0,1605904306
paddu,C-Roa,2,Tinda/Dani,F-Tohno,0,1605904396
paddu,C-Roa,2,Tinda/Dani,F-Tohno,0,1605904480
paddu,C-Roa,2,Tinda/Dani,F-Tohno,0,1605904581
paddu,C-Roa,2,Tinda/Dani,F-Tohno,0,1605904693
paddu,C-Roa,2,Tinda/Dani,F-Tohno,0,1605904773
paddu,C-M.Hisui,2, Regeci,C-Kohaku,0,1605966813
paddu,C-M.Hisui,2, Regeci,C-Kohaku,1,1605966964
paddu,C-M.Hisui,0, Regeci,C-Kohaku,2,1605967056
paddu,C-M.Hisui,0, Regeci,C-Kohaku,2,1605967191
paddu,C-M.Hisui,1, Regeci,C-Kohaku,2,1605967346
paddu,C-M.Hisui,2, Regeci,C-Kohaku,0,1605967429
paddu,C-M.Hisui,2, Regeci,C-Kohaku,0,1605967570
paddu,C-M.Hisui,2, Regeci,C-Kohaku,0,1605967668
paddu,C-M.Hisui,2, Regeci,C-Kohaku,1,1605967921
paddu,C-M.Hisui,2, Regeci,C-Kohaku,0,1605968075
paddu,C-M.Hisui,2, Regeci,C-Kohaku,1,1605968277
paddu,C-M.Hisui,2, Regeci,C-Kohaku,0,1605968366
paddu,C-Roa,2,SND,F-S.Akiha,1,1605987304
paddu,C-Roa,2,SND,F-S.Akiha,0,1605987377
paddu,C-Roa,2,SND,F-S.Akiha,0,1605987486
paddu,C-Roa,2,SND,F-S.Akiha,0,1605987604
paddu,C-Roa,2,SND,F-S.Akiha,1,1605987793
paddu,C-Roa,2,SND,F-S.Akiha,0,1605987903
paddu,C-Roa,2,SND,F-S.Akiha,0,1605988000
paddu,C-Wara,2,Gibins,C-V.Sion,0,1606000304
paddu,C-Wara,2,Gibins,C-V.Sion,1,1606000450
paddu,C-Wara,0,Gibins,C-V.Sion,2,1606000595
paddu,C-Wara,1,Gibins,C-V.Sion,2,1606000763
paddu,C-Wara,2,Gibins,C-V.Sion,1,1606000990
paddu,C-Wara,1,Gibins,C-V.Sion,2,1606001165
paddu,C-Wara,2,Gibins,C-V.Sion,0,1606001293
paddu,C-Wara,2,Gibins,C-V.Sion,1,1606001460
paddu,H-Satsuki,0,Gibins,C-V.Sion,2,1606001585
paddu,H-Satsuki,0,Gibins,C-V.Sion,2,1606001732
paddu,H-Satsuki,1,Gibins,C-V.Sion,2,1606001899
paddu,H-Satsuki,2,Gibins,C-V.Sion,0,1606002018
paddu,H-Satsuki,1,Gibins,C-V.Sion,2,1606002196
paddu,C-M.Hisui,2,Gibins,C-V.Sion,0,1606002319
paddu,C-M.Hisui,2,Gibins,C-V.Sion,0,1606002402
paddu,C-M.Hisui,2,Gibins,C-V.Sion,0,1606002543
paddu,C-M.Hisui,2,Gibins,C-V.Sion,1,1606002709
paddu,C-M.Hisui,2,Gibins,C-V.Sion,0,1606002827
paddu,C-M.Hisui,2,Gibins,C-V.Sion,0,1606002914
paddu,C-M.Hisui,2,Gibins,C-V.Sion,1,1606003044
paddu,C-M.Hisui,2,Gibins,C-V.Sion,1,1606003233
paddu,C-M.Hisui,1,Gibins,C-V.Sion,2,1606003394
paddu,C-M.Hisui,2,Gibins,C-V.Sion,0,1606003481
paddu,C-M.Hisui,2,Gibins,C-V.Sion,0,1606003568
paddu,C-M.Hisui,1,Change your name,C-Roa,2,1606010489
paddu,C-M.Hisui,0,Change your name,C-Roa,2,1606010592
paddu,C-M.Hisui,1,Change your name,C-Roa,2,1606010742
paddu,C-M.Hisui,0,Change your name,C-Roa,2,1606010865
paddu,C-M.Hisui,2,Change your name,C-Roa,1,1606011044
paddu,C-M.Hisui,0,Change your name,C-Roa,2,1606011168
paddu,C-M.Hisui,2,Change your name,C-Roa,0,1606011261
paddu,C-M.Hisui,2,Change your name,C-Roa,1,1606011494
paddu,C-M.Hisui,1,Change your name,C-Roa,2,1606011661
paddu,C-M.Hisui,1,Change your name,C-Roa,2,1606011817
paddu,C-M.Hisui,0,Change your name,C-Roa,2,1606011890
paddu,C-M.Hisui,0,Change your name,C-Roa,2,1606011990
paddu,C-M.Hisui,2,smo,F-Hime,0,1606070113
paddu,C-M.Hisui,2,smo,F-Hime,0,1606070250
paddu,C-M.Hisui,2,smo,F-Hime,0,1606070401
paddu,C-M.Hisui,2,smo,F-Hime,0,1606070486
paddu,C-M.Hisui,2,smo,F-Hime,0,1606070599
paddu,C-M.Hisui,2,smo,F-Hime,0,1606070684
paddu,C-M.Hisui,2,smo,F-Hime,1,1606070889
paddu,C-M.Hisui,2,smo,F-Hime,0,1606071030
paddu,C-M.Hisui,2,smo,F-Hime,0,1606071142
paddu,C-M.Hisui,2,smo,F-Hime,0,1606071267
paddu,C-Nero,2,Kouma buen perrón de los mil mixups faciles de destruir.,H-Kouma,0,1606072530
paddu,C-Nero,2,Kouma buen perrón de los mil mixups faciles de destruir.,H-Kouma,0,1606072684
paddu,C-Nero,2,VilkaShekotki,F-Miyako,1,1606077447
paddu,C-Nero,2,VilkaShekotki,F-Miyako,0,1606077558
paddu,C-Nero,2,Nar'sie,F-V.Akiha,1,1606078118
paddu,C-Nero,2,insignis,C-Ryougi,1,1606079212
paddu,C-Nero,1,insignis,C-Ryougi,2,1606079642
paddu,C-Nero,1,insignis,C-Ryougi,2,1606079848
paddu,C-Nero,2,Draig,F-Ryougi,0,1606080294
paddu,C-Nero,2,Draig,F-Ryougi,0,1606080397
paddu,C-Nero,2,Draig,F-Ryougi,1,1606080598
paddu,C-Nero,2,Gibins,F-Aoko,0,1606152840
paddu,C-Nero,2,Gibins,F-Aoko,1,1606152995
paddu,C-Nero,2,Gibins,F-Aoko,1,1606153158
paddu,C-Nero,1,Gibins,F-Aoko,2,1606153325
paddu,C-Nero,2,Gibins,F-Aoko,0,1606153437
paddu,C-Nero,2,Gibins,F-Aoko,0,1606153559
paddu,C-Nero,2,Gibins,F-Aoko,0,1606153663
paddu,C-Nero,2,Gibins,F-Aoko,1,1606153830
paddu,C-Nero,2,Gibins,F-Aoko,1,1606154037
paddu,C-Nero,2,Gibins,F-Aoko,0,1606154159
paddu,C-Nero,2,Gibins,F-Aoko,0,1606154301
paddu,C-Nero,0,DisabledSannos,C-Nanaya,2,1606173939
paddu,C-Nero,0,DisabledSannos,C-Nanaya,2,1606174021
paddu,C-Nero,1,DisabledSannos,C-Nanaya,2,1606174166
paddu,C-Nero,0,DisabledSannos,C-Nanaya,2,1606174311
paddu,C-Nero,0,DisabledSannos,C-Nanaya,2,1606174433
paddu,C-Nero,0,DisabledSannos,C-Nanaya,2,1606174561
paddu,C-Nero,1,DisabledSannos,C-Nanaya,2,1606174703
paddu,C-Nero,0,DisabledSannos,C-Nanaya,2,1606174816
paddu,C-Nero,0,DisabledSannos,C-Nanaya,2,1606174948
paddu,C-Nero,0,DisabledSannos,C-Nanaya,2,1606175063
paddu,C-Nero,2,DisabledSannos,C-Nanaya,1,1606175232
paddu,C-Nero,0,DisabledSannos,C-Nanaya,2,1606175317
paddu,C-Nero,0,DisabledSannos,C-Nanaya,2,1606175417
paddu,C-Nero,1,DisabledSannos,C-Nanaya,2,1606175593
paddu,C-Nero,0,DisabledSannos,C-Nanaya,2,1606175693
paddu,C-Nero,1,DisabledSannos,C-Nanaya,2,1606175909
paddu,C-Nero,0,DisabledSannos,C-Nanaya,2,1606175999
paddu,C-Nero,1,DisabledSannos,C-Nanaya,2,1606176189
paddu,C-Nero,2,DisabledSannos,C-Nanaya,0,1606176288
paddu,C-Nero,1,DisabledSannos,C-Nanaya,2,1606176448
paddu,C-Nero,1,DisabledSannos,C-Nanaya,2,1606176616
paddu,C-Nero,0,DisabledSannos,C-Nanaya,2,1606176698
paddu,F-Nero,2,sat,H-Sion,0,1606261094
paddu,F-Nero,2,sat,H-Sion,0,1606261251
paddu,F-Nero,1,sat,H-Sion,2,1606261433
paddu,F-Nero,2,sat,H-Sion,0,1606261537
paddu,F-Nero,1,sat,H-Sion,2,1606261736
paddu,F-Nero,2,sat,H-Sion,0,1606261869
paddu,F-Nero,2,sat,H-Sion,0,1606262016
paddu,F-Nero,1,sat,H-Sion,2,1606262195
paddu,F-Nero,2,sat,H-Sion,0,1606262322
paddu,F-Nero,0,sat,H-Sion,2,1606262429
paddu,F-Nero,2,sat,H-Sion,0,1606262565
paddu,F-Nero,2,sat,H-Sion,0,1606262692
paddu,F-Nero,2,sat,H-Sion,0,1606262842
paddu,F-Nero,2,sat,H-Sion,1,1606263023
paddu,F-Nero,1,Gibins,F-Aoko,2,1606324895
paddu,F-Nero,2,Gibins,F-Aoko,1,1606325038
paddu,F-Nero,2,Gibins,F-Aoko,0,1606325144
paddu,F-Nero,2,Gibins,F-Aoko,1,1606325300
paddu,F-Nero,2,Gibins,F-Aoko,0,1606325392
paddu,F-Nero,2,Gibins,F-Aoko,0,1606325502
paddu,F-Nero,2,Gibins,F-Aoko,0,1606325602
paddu,F-Nero,2,Gibins,F-Aoko,0,1606325671
paddu,F-Nero,2,Gibins,F-Aoko,1,1606325837
paddu,F-Nero,2,Gibins,F-Aoko,0,1606325970
paddu,F-Nero,2,Gibins,F-Aoko,0,1606326079
paddu,F-Nero,2,Gibins,F-Aoko,0,1606326201
paddu,F-Nero,1,Gibins,F-Aoko,2,1606326332
paddu,F-Nero,1,Gibins,F-Aoko,2,1606326486
paddu,F-Nero,2,Gibins,F-Aoko,1,1606326603
paddu,F-Nero,1,Gibins,F-Aoko,2,1606326738
paddu,F-Nero,0,Gibins,F-Aoko,2,1606326858
paddu,F-Nero,0,Gibins,F-Aoko,2,1606326963
paddu,F-Nero,1,Gibins,F-Aoko,2,1606327116
paddu,F-Nero,2,Gibins,F-Aoko,0,1606327208
paddu,F-Nero,1,Gibins,F-Aoko,2,1606327363
paddu,F-Nero,2,Gibins,F-Aoko,1,1606327516
paddu,F-Nero,2,Gibins,F-Aoko,0,1606327652
paddu,F-Nero,2,Gibins,F-Aoko,1,1606327785
paddu,F-Nero,2,Gibins,F-Aoko,0,1606327912
paddu,F-Nero,2,Gibins,F-Aoko,1,1606328063
paddu,F-Nero,2,Gibins,F-Aoko,1,1606328245
paddu,F-Nero,1,Gibins,F-Aoko,2,1606328437
paddu,F-Nero,2,Gibins,F-Aoko,0,1606328561
paddu,C-Nero,2,Heavy,C-Nero,0,1606336151
paddu,C-Nero,0,Heavy,C-Nero,2,1606336312
paddu,C-Nero,1,Heavy,C-Nero,2,1606336476
paddu,C-Nero,1,Heavy,C-Nero,2,1606336617
paddu,C-Nero,2,Heavy,C-Nero,1,1606336822
paddu,C-Nero,2,Heavy,C-Nero,1,1606337012
paddu,C-Nero,2,Heavy,C-Nero,0,1606337135
paddu,C-Nero,2,Heavy,C-Nero,1,1606337315
paddu,C-Nero,2,Heavy,C-Nero,0,1606337429
paddu,C-Nero,0,Heavy,C-Nero,2,1606337583
paddu,C-Nero,2,Heavy,C-Nero,1,1606337774
paddu,C-Nero,2,Heavy,C-Nero,1,1606337911
paddu,C-Nero,2,Heavy,C-Nero,1,1606338103
paddu,C-Nero,2,Heavy,C-Nero,0,1606338227
paddu,F-Nero,2,Draig,F-Ryougi,0,1606344963
paddu,F-Nero,0,Draig,F-Ryougi,2,1606345063
paddu,F-Nero,0,Draig,F-Ryougi,2,1606345172
paddu,F-Nero,1,Draig,F-Ryougi,2,1606345379
paddu,F-Nero,0,Draig,F-Ryougi,2,1606345469
paddu,F-Nero,0,Draig,F-Ryougi,2,1606345585
paddu,F-Nero,0,Draig,F-Ryougi,2,1606345697
paddu,F-Nero,1,Draig,F-Ryougi,2,1606345871
paddu,F-Nero,1,Draig,F-Ryougi,2,1606346072
paddu,F-Nero,0,Draig,F-Ryougi,2,1606346172
paddu,F-Nero,0,Draig,F-Ryougi,2,1606346300
paddu,C-Nero,2,Draig,F-Ryougi,0,1606346462
paddu,C-Nero,0,Draig,F-Ryougi,2,1606346572
paddu,C-Nero,1,Draig,F-Ryougi,2,1606346777
paddu,C-Nero,2,Draig,F-Ryougi,0,1606346861
paddu,C-Nero,0,Draig,F-Ryougi,2,1606347012
paddu,C-Nero,1,Draig,F-Ryougi,2,1606347214
paddu,C-Nero,2,Draig,F-Ryougi,0,1606347357
paddu,F-Nero,0,Nineball,F-Arc,2,1606395357
paddu,F-Nero,2,Nineball,F-Arc,1,1606395534
paddu,F-Nero,0,Nineball,F-Arc,2,1606395627
paddu,F-Nero,2,Nineball,F-Arc,1,1606395797
paddu,F-Nero,2,Nineball,F-Arc,1,1606396016
paddu,F-Nero,2,Nineball,F-Arc,0,1606396159
paddu,F-Nero,2,Nineball,F-Arc,0,1606396307
paddu,F-Nero,0,Nineball,F-Arc,2,1606396419
paddu,F-Nero,2,Nineball,F-Arc,0,1606396533
paddu,F-Nero,0,Nineball,F-Arc,2,1606396655
paddu,C-Nero,2,bak 2 nero,F-Aoko,0,1606409560
paddu,C-Nero,0,bak 2 nero,F-Aoko,2,1606409697
paddu,C-Nero,1,bak 2 nero,F-Aoko,2,1606409901
paddu,C-Nero,2,bak 2 nero,F-Aoko,1,1606410098
paddu,C-Nero,0,bak 2 nero,F-Aoko,2,1606410240
paddu,C-Nero,1,bak 2 nero,F-Aoko,2,1606410518
paddu,C-Nero,0,bak 2 nero,F-Aoko,2,1606410650
paddu,C-Nero,0,bak 2 nero,F-Aoko,2,1606410751
paddu,C-Nero,1,bak 2 nero,F-Aoko,2,1606410975
paddu,C-Nero,2,bak 2 nero,F-Aoko,1,1606411140
paddu,C-Nero,0,bak 2 nero,F-Aoko,2,1606411251
paddu,C-Nero,0,bak 2 nero,F-Aoko,2,1606411372
paddu,C-Nero,1,bak 2 nero,F-Aoko,2,1606411550
paddu,F-Nero,2,Gibins,C-V.Sion,1,1607026095
paddu,F-Nero,2,Gibins,C-V.Sion,0,1607026195
paddu,F-Nero,2,Gibins,C-V.Sion,0,1607026287
paddu,F-Nero,0,Gibins,C-V.Sion,2,1607026382
paddu,F-Nero,1,Gibins,C-V.Sion,2,1607026582
paddu,F-Nero,2,Gibins,C-V.Sion,0,1607026713
paddu,F-Nero,2,Gibins,C-V.Sion,1,1607026875
paddu,F-Nero,2,Gibins,C-V.Sion,0,1607026975
paddu,F-Nero,2,Gibins,C-V.Sion,1,1607027136
paddu,F-Nero,2,Gibins,C-V.Sion,0,1607027247
paddu,F-Nero,1,Gibins,C-V.Sion,2,1607027413
paddu,F-Nero,2,Gibins,C-V.Sion,1,1607027584
paddu,F-Nero,2,Kaga,C-Kohaku,0,1607268799
paddu,F-Nero,2,Kaga,C-Kohaku,0,1607268921
paddu,F-Nero,2,Kaga,C-Kohaku,0,1607269030
paddu,F-Nero,2,Kaga,C-Kohaku,0,1607269114
paddu,F-Nero,2,Kaga,C-Kohaku,0,1607269249
paddu,F-Nero,2,Kaga,C-Kohaku,0,1607269325
paddu,F-Nero,2,Kaga,C-Kohaku,0,1607269461
paddu,F-Nero,2,Kaga,C-Kohaku,0,1607269554
paddu,F-Nero,2,Kaga,C-Kohaku,0,1607269651
paddu,F-Nero,2,Kaga,C-Kohaku,1,1607269827
paddu,C-Nero,2,Kaga,C-Kohaku,0,1607269935
paddu,C-Nero,2,Kaga,C-Kohaku,0,1607270030
paddu,C-Nero,2,Kaga,C-Kohaku,0,1607270135
paddu,C-Nero,2,Kaga,C-Kohaku,0,1607270252
paddu,C-Nero,2,Kaga,C-Kohaku,0,1607270356
paddu,C-Nero,2,PA,C-Aoko,1,1607276867
paddu,C-Nero,1,PA,C-Aoko,2,1607277062
paddu,F-Nero,1,TengriKhan,H-Maids,2,1607282177
paddu,C-Nero,2,TengriKhan,H-Maids,0,1607282336
paddu,C-Nero,2,TengriKhan,H-Maids,0,1607282433
paddu,C-Nero,2,nise,H-Hime,0,1607285012
paddu,C-Nero,2,nise,H-Hime,0,1607285112
paddu,C-Nero,1,EIiitti,C-Kohaku,2,1607285742
paddu,F-Nero,2,EIiitti,C-Kohaku,0,1607285875
paddu,F-Nero,2,EIiitti,C-Kohaku,1,1607286057
paddu,C-Nero,0,Draig,F-Ryougi,2,1607289051
paddu,F-Nero,2,Draig,F-Ryougi,1,1607289247
paddu,F-Nero,2,Draig,F-Ryougi,0,1607289321
paddu,F-Nero,2,Draig,F-Ryougi,0,1607289479
paddu,F-Nero,2,Arcueid1,F-Arc,1,1607291433
paddu,F-Nero,1,Arcueid1,F-Arc,2,1607291596
paddu,F-Nero,1,Arcueid1,F-Arc,2,1607291747
paddu,F-Nero,0,Arcueid1,F-Arc,2,1607291882
paddu,C-Nero,2,Arcueid1,F-Arc,1,1607292112
paddu,C-Nero,2,Arcueid1,F-Arc,1,1607292310
paddu,C-Nero,2,Arcueid1,F-Arc,0,1607292447
paddu,C-Nero,2,Lightning Fast VCR,F-Hime,0,1607303817
paddu,C-Nero,2,Lightning Fast VCR,F-Hime,0,1607303918
paddu,C-Nero,2,Lightning Fast VCR,F-Hime,0,1607303997
paddu,C-Nero,2,Lightning Fast VCR,F-Hime,0,1607304082
paddu,C-Nero,2,Lightning Fast VCR,F-Hime,0,1607304162
paddu,C-Nero,2,Lightning Fast VCR,F-Hime,0,1607304259
paddu,C-Nero,2,Lightning Fast VCR,F-Hime,0,1607304346
paddu,C-Nero,2,Lightning Fast VCR,F-Hime,0,1607304438
paddu,C-Nero,2,Lightning Fast VCR,F-Hime,0,1607304526
paddu,C-Nero,2,Lightning Fast VCR,F-Hime,0,1607304622
paddu,C-Nero,2,Lightning Fast VCR,F-Hime,0,1607304724
paddu,C-Nero,2,Gibins,F-Aoko,0,1607375585
paddu,C-Nero,0,Gibins,F-Aoko,2,1607375741
paddu,C-Nero,2,Gibins,F-Aoko,1,1607375904
paddu,C-Nero,2,Gibins,F-Aoko,1,1607376079
paddu,C-Nero,2,Gibins,F-Aoko,0,1607376189
paddu,C-Nero,2,Gibins,F-Aoko,0,1607376317
paddu,C-Nero,2,Gibins,F-Aoko,1,1607376470
paddu,C-Nero,2,Gibins,F-Aoko,0,1607376625
paddu,C-Nero,2,Gibins,F-Aoko,0,1607376773
paddu,C-Nero,0,Gibins,F-Aoko,2,1607376881
paddu,C-Nero,2,Gibins,F-Aoko,1,1607377062
paddu,C-Nero,0,Gibins,F-Aoko,2,1607377222
paddu,C-Nero,0,Gibins,F-Aoko,2,1607377362
paddu,C-Nero,2,Gibins,F-Aoko,0,1607377472
paddu,F-Nero,0,Gibins,F-Aoko,2,1607377611
paddu,F-Nero,1,Gibins,F-Aoko,2,1607377778
paddu,F-Nero,0,Gibins,F-Aoko,2,1607377885
paddu,F-Nero,2,Gibins,F-Aoko,0,1607378002
paddu,F-Nero,2,Gibins,F-Aoko,1,1607378163
paddu,F-Nero,1,aurablitz,H-Nanaya,2,1607438848
paddu,F-Nero,2,aurablitz,H-Nanaya,1,1607439023
paddu,F-Nero,1,aurablitz,H-Nanaya,2,1607439180
paddu,F-Nero,1,aurablitz,H-Nanaya,2,1607439319
paddu,F-Nero,0,aurablitz,H-Nanaya,2,1607439430
paddu,F-Nero,0,aurablitz,H-Nanaya,2,1607439543
paddu,F-Nero,0,aurablitz,H-Nanaya,2,1607439648
paddu,F-Nero,1,aurablitz,H-Nanaya,2,1607439821
paddu,F-Nero,1,aurablitz,H-Nanaya,2,1607439971
paddu,F-Nero,0,aurablitz,H-Nanaya,2,1607440076
paddu,C-V.Akiha,2,Change your name,F-Roa,0,1609609470
paddu,C-V.Akiha,2,Change your name,F-Roa,0,1609609572
paddu,C-M.Hisui,2,Change your name,C-Roa,0,1609609678
paddu,C-M.Hisui,2,Change your name,C-Roa,0,1609609804
paddu,C-Roa,2,Change your name,F-Roa,0,1609609906
paddu,C-Roa,2,Change your name,C-Roa,0,1609610023
paddu,C-Roa,2,Change your name,C-Roa,0,1609610160
paddu,C-Roa,2,Change your name,C-Roa,0,1609610319
paddu,C-Roa,2,Change your name,C-Roa,0,1609610419
paddu,C-Nero,2,Change your name,C-Roa,0,1609610533
paddu,C-Nero,2,Afro Viking,F-Ryougi,0,1609610786
paddu,C-Nero,2,Afro Viking,F-Ryougi,0,1609610885
paddu,C-Nero,2,Afro Viking,F-Ryougi,0,1609610981
paddu,C-Nero,2,Afro Viking,F-Ryougi,0,1609611080
paddu,C-Nero,2,Afro Viking,F-Ryougi,0,1609611190
paddu,C-Nero,2,Afro Viking,F-Ryougi,0,1609611296
paddu,C-Tohno,2,Afro Viking,F-Ryougi,0,1609611432
paddu,C-Tohno,2,Afro Viking,F-Ryougi,0,1609611588
paddu,C-Tohno,2,Afro Viking,F-Ryougi,0,1609611692
paddu,C-Tohno,2,Afro Viking,F-Ryougi,0,1609611835
paddu,C-Tohno,2,Afro Viking,F-Ryougi,0,1609611934
paddu,C-Tohno,2,Afro Viking,F-Ryougi,0,1609612036
paddu,C-Tohno,2,Afro Viking,F-Ryougi,0,1609612122
paddu,C-Tohno,2,Afro Viking,F-Ryougi,0,1609612263
paddu,C-Tohno,1,Afro Viking,F-Ryougi,2,1609612439
paddu,C-Tohno,2,Afro Viking,F-Ryougi,1,1609612595
paddu,C-Tohno,2,Afro Viking,F-Ryougi,0,1609612704
paddu,C-V.Akiha,1,Afro Viking,F-Ryougi,2,1609612937
paddu,C-V.Akiha,2,Afro Viking,F-Ryougi,0,1609613048
paddu,C-V.Akiha,2,Afro Viking,F-Ryougi,0,1609613154
paddu,C-V.Akiha,0,Afro Viking,F-Ryougi,2,1609613240
paddu,C-V.Akiha,2,Afro Viking,F-Ryougi,1,1609613415
paddu,C-Aoko,2,Afro Viking,F-Ryougi,1,1609613569
paddu,C-Aoko,2,Afro Viking,F-Ryougi,0,1609613653
paddu,C-Aoko,2,Afro Viking,F-Ryougi,0,1609613734
paddu,C-Aoko,2,Afro Viking,F-Ryougi,0,1609613867
paddu,C-Aoko,2,Afro Viking,F-Ryougi,0,1609613959
paddu,C-Aoko,2,Afro Viking,F-Ryougi,0,1609614051
paddu,C-Aoko,2,Afro Viking,F-Ryougi,0,1609614159
paddu,C-Aoko,2,Afro Viking,F-Ryougi,0,1609614252
paddu,C-Aoko,2,Afro Viking,F-Ryougi,0,1609614325
paddu,C-Nero,2,Karvis,F-V.Akiha,0,1611085814
paddu,C-Nero,2,Karvis,F-V.Akiha,0,1611085883
paddu,C-Nero,2,Karvis,F-V.Akiha,0,1611085988
paddu,C-Nero,2,Karvis,F-V.Akiha,0,1611086069
paddu,C-Nero,2,Karvis,F-V.Akiha,0,1611086161
paddu,C-Nero,2,Karvis,F-V.Akiha,0,1611086245
paddu,C-Nero,2,Karvis,F-V.Akiha,1,1611086369
paddu,C-Nero,2,Karvis,F-V.Akiha,0,1611086453
paddu,C-Nero,2,Karvis,F-V.Akiha,0,1611086529
paddu,C-Nero,2,Karvis,F-V.Akiha,0,1611086591
paddu,C-Nero,2,Karvis,F-V.Akiha,0,1611086693
paddu,C-Nero,2,Karvis,F-V.Akiha,0,1611086794
paddu,C-Nero,2,Karvis,F-V.Akiha,0,1611086880
paddu,C-Nero,2,Karvis,F-V.Akiha,0,1611086978
paddu,C-Nero,2,Karvis,F-V.Akiha,0,1611087070
paddu,C-Nero,2,Karvis,F-V.Akiha,0,1611087185
paddu,C-Nero,2,Karvis,F-V.Akiha,0,1611087291
paddu,C-Nero,3,Mako,F-Aoko,0,1611499885
paddu,C-Nero,3,Mako,F-Aoko,0,1611500042
paddu,C-Nero,3,Mako,F-Aoko,0,1611500222
paddu,C-Nero,3,Mako,F-Aoko,0,1611500468
paddu,C-Nero,3,Mako,F-Aoko,0,1611500681
paddu,C-Nero,2,Shorakyn,F-Ries,0,1611934315
paddu,C-Nero,2,Shorakyn,F-Ries,0,1611934446
paddu,C-Nero,2,Shorakyn,F-Ries,1,1611934612
paddu,C-Nero,2,Shorakyn,F-Ries,0,1611934729
paddu,C-Nero,2,Shorakyn,F-Ries,1,1611934891
paddu,C-Nero,2,Shorakyn,F-Ries,0,1611935000
paddu,C-Nero,2,Shorakyn,F-Ries,1,1611935184
paddu,C-Nero,2,Shorakyn,F-Ries,0,1611935299
paddu,C-Nero,2,Shorakyn,F-Ries,0,1611935408
paddu,C-Nero,2,Shorakyn,F-Ries,0,1611935515
paddu,C-Nero,1,Change your name,F-Hime,2,1612550438
paddu,C-Nero,2,Change your name,F-Hime,1,1612550626
paddu,C-Nero,2,Change your name,F-Hime,1,1612550760
paddu,C-Nero,2,Change your name,F-Hime,0,1612550880
paddu,C-Nero,2,Change your name,F-Hime,0,1612551003
paddu,C-Nero,2,Change your name,F-Hime,0,1612551175
paddu,C-Nero,1,Change your name,F-Hime,2,1612551340
paddu,C-Nero,2,Change your name,F-Hime,1,1612551501
paddu,C-Nero,2,Change your name,F-Hime,0,1612551630
paddu,C-Nero,2,Change your name,F-Hime,0,1612551752
paddu,C-Nero,2,Change your name,F-Hime,0,1612551870
paddu,C-Nero,2,Change your name,F-Hime,0,1612551983
paddu,F-NekoMech,2,Berschko,F-Arc,0,1612720737
paddu,F-NekoMech,0,Berschko,F-Arc,2,1612720830
paddu,F-NekoMech,2,Berschko,F-Arc,1,1612720979
paddu,F-NekoMech,0,Berschko,F-Arc,2,1612721086
paddu,F-NekoMech,0,Berschko,F-Arc,2,1612721178
paddu,F-NekoMech,2,Berschko,F-Arc,0,1612721259
paddu,F-NekoMech,0,Berschko,F-Arc,2,1612721395
paddu,C-KohaMech,1,Berschko,F-Arc,2,1612721674
paddu,F-Kouma,2,Berschko,F-Arc,1,1612721993
paddu,F-Kouma,0,Berschko,F-Arc,2,1612722081
paddu,F-Kouma,2,Berschko,F-Arc,0,1612722176
paddu,F-Kouma,1,Berschko,F-Arc,2,1612722338
paddu,F-Kouma,0,Berschko,F-Arc,2,1612722430
paddu,F-Arc,2,Berschko,F-Arc,1,1612722577
paddu,F-Arc,2,Berschko,F-Arc,0,1612722670
paddu,F-Arc,0,Berschko,F-Arc,2,1612722794
paddu,F-Arc,2,Berschko,F-Arc,0,1612722900
paddu,F-Arc,2,Berschko,F-Arc,1,1612723063
paddu,C-M.Hisui,2,Berschko,C-Hisui,0,1612723249
paddu,C-M.Hisui,2,Berschko,C-Hisui,1,1612723437
paddu,C-M.Hisui,1,Berschko,C-Hisui,2,1612723617
paddu,C-M.Hisui,2,Berschko,C-Hisui,0,1612723698
paddu,C-M.Hisui,2,Berschko,C-Hisui,0,1612723816
paddu,C-M.Hisui,2,Berschko,C-Hisui,0,1612723908
paddu,C-M.Hisui,2,Berschko,C-Hisui,0,1612724027
paddu,C-Nero,1,Gibins,F-Roa,2,1616019237
paddu,C-Nero,2,Gibins,F-Roa,0,1616019351
paddu,C-Nero,0,Gibins,F-Roa,2,1616019461
paddu,C-Nero,1,Gibins,F-Roa,2,1616019621
paddu,C-Nero,2,Gibins,F-Roa,0,1616019744
paddu,C-Nero,0,Gibins,F-Roa,2,1616019880
paddu,C-Nero,2,Gibins,F-Roa,0,1616020000
paddu,C-Nero,2,Gibins,F-Roa,0,1616020127
paddu,C-Nero,2,Gibins,F-Roa,0,1616020270
paddu,C-Nero,0,Gibins,F-Roa,2,1616020409
paddu,C-Nero,0,Gibins,F-Roa,2,1616020551
paddu,C-Nero,0,Gibins,F-Roa,2,1616020648
paddu,C-Nero,2,Gibins,F-Roa,0,1616020758
paddu,C-Nero,2,Gibins,F-Roa,1,1616020960
paddu,C-Nero,0,Gibins,F-Roa,2,1616021063
paddu,C-Nero,1,Gibins,F-Roa,2,1616021261
paddu,C-Nero,2,Gibins,F-Roa,1,1616021426
paddu,C-Roa,2,agu,F-Aoko,0,1616696433
paddu,C-Roa,2,agu,F-Aoko,0,1616696572
paddu,C-Roa,2,agu,F-Aoko,0,1616696686
paddu,C-Roa,2,agu,F-Aoko,0,1616696788
paddu,C-Roa,2,agu,F-Aoko,0,1616696896
paddu,C-Aoko,2,agu,F-Aoko,0,1616697068
paddu,C-Aoko,2,agu,F-Aoko,0,1616697184
paddu,C-Aoko,2,agu,F-Aoko,0,1616697297
paddu,C-Aoko,2,agu,F-Aoko,0,1616697436
paddu,C-Aoko,2,agu,F-Aoko,0,1616697535
paddu,C-Aoko,2,agu,F-Aoko,0,1616697640
paddu,C-Aoko,2,agu,F-Aoko,0,1616697736
paddu,C-Aoko,2,agu,F-Aoko,0,1616697834
paddu,C-Aoko,2,agu,F-Aoko,0,1616697930
paddu,C-Aoko,2,agu,F-Aoko,1,1616698087
paddu,C-S.Akiha,2,agu,F-Aoko,0,1616698207
paddu,C-S.Akiha,2,agu,F-Aoko,0,1616698332
paddu,C-S.Akiha,2,agu,F-Aoko,0,1616698430
paddu,C-S.Akiha,2,agu,F-Aoko,0,1616698538
paddu,C-S.Akiha,2,agu,F-Aoko,0,1616698646
paddu,C-S.Akiha,2,agu,F-Aoko,0,1616698766
paddu,C-S.Akiha,2,agu,F-Aoko,0,1616698895
paddu,C-S.Akiha,2,agu,F-Aoko,1,1616699082
paddu,C-S.Akiha,2,agu,F-Aoko,0,1616699208
paddu,C-S.Akiha,2,agu,F-Aoko,0,1616699377
paddu,C-S.Akiha,2,Change your name,H-Len,0,1616777361
paddu,C-S.Akiha,2,Change your name,H-Len,0,1616777469
paddu,C-S.Akiha,2,Change your name,H-Len,0,1616777606
paddu,C-S.Akiha,2,Change your name,H-Len,0,1616777750
paddu,C-S.Akiha,1,Change your name,H-Len,2,1616777938
paddu,C-S.Akiha,2,Change your name,H-Len,1,1616778149
paddu,C-S.Akiha,2,Change your name,H-Len,0,1616778307
paddu,C-S.Akiha,2,Change your name,H-Len,0,1616778509
paddu,C-W.Len,2,Change your name,H-Len,1,1616778757
paddu,C-W.Len,1,Change your name,H-Len,2,1616778941
paddu,C-W.Len,2,Change your name,H-Len,1,1616779154
paddu,C-W.Len,1,Change your name,H-Len,2,1616779383
paddu,C-W.Len,2,Change your name,H-Len,0,1616779519
paddu,C-W.Len,2,Change your name,H-Len,1,1616779685
paddu,C-W.Len,2,Change your name,H-Len,0,1616779818
paddu,C-W.Len,2,Change your name,H-Len,0,1616779945
paddu,C-W.Len,2,Change your name,H-Len,1,1616780191
paddu,C-W.Len,2,Change your name,H-Len,1,1616780427
paddu,C-W.Len,0,Change your name,H-Len,2,1616780609
paddu,C-W.Len,1,Change your name,H-Len,2,1616780812
paddu,C-W.Len,2,Change your name,H-Len,0,1616780930
paddu,C-Aoko,1,t,C-Tohno,2,1616791088
paddu,C-Aoko,0,t,C-Tohno,2,1616791205
paddu,C-Aoko,0,t,C-Tohno,2,1616791306
paddu,C-Aoko,0,t,C-Tohno,2,1616791399
paddu,C-Aoko,0,t,C-Tohno,2,1616791541
paddu,C-Aoko,0,t,C-Tohno,2,1616791636
paddu,C-Aoko,0,t,C-Tohno,2,1616791715
paddu,C-Nero,0,t,C-Tohno,2,1616791838
paddu,C-Nero,1,t,C-Tohno,2,1616792035
paddu,C-Nero,0,t,C-Tohno,2,1616792182
paddu,C-Nero,0,t,C-Tohno,2,1616792266
paddu,C-Nero,0,t,C-Tohno,2,1616792388
paddu,C-Nero,2,t,C-Tohno,0,1616792541
paddu,C-Nero,1,t,C-Tohno,2,1616792722
paddu,C-Nero,1,t,C-Tohno,2,1616792921
paddu,C-Nero,2,t,C-Tohno,1,1616793103
paddu,C-Nero,1,t,C-Tohno,2,1616793266
paddu,C-Nero,0,t,C-Tohno,2,1616793348
paddu,C-Nero,1,t,C-Tohno,2,1616793523
paddu,F-Hime,2,Draig,F-Hime,1,1616796664
paddu,F-Hime,2,Draig,F-Hime,0,1616796794
paddu,F-Hime,2,Draig,F-Hime,1,1616796963
paddu,F-Hime,2,Draig,F-Hime,1,1616797160
paddu,F-Hime,2,Draig,F-Hime,1,1616797365
paddu,C-Akiha,1,Gibins,F-Tohno,2,1616869789
paddu,C-Akiha,0,Gibins,F-Tohno,2,1616869917
paddu,C-Akiha,2,Gibins,F-Tohno,0,1616870033
paddu,C-Akiha,0,Gibins,F-Tohno,2,1616870165
paddu,C-Akiha,2,Gibins,F-Tohno,1,1616870305
paddu,C-Akiha,2,Gibins,F-Tohno,1,1616870462
paddu,C-Akiha,2,Gibins,F-Tohno,0,1616870592
paddu,C-Akiha,0,Gibins,F-Tohno,2,1616870728
paddu,C-Akiha,2,Gibins,F-Tohno,1,1616870909
paddu,C-Akiha,2,Gibins,F-Tohno,1,1616871050
paddu,C-Akiha,2,Gibins,F-Tohno,1,1616871244
paddu,C-Akiha,2,Gibins,F-Tohno,1,1616871462
paddu,C-Akiha,2,Gibins,F-Tohno,0,1616871564
paddu,C-Akiha,2,Gibins,F-Tohno,0,1616871682
paddu,C-Akiha,2,Gibins,F-Tohno,0,1616871821
paddu,C-Akiha,0,Gibins,F-Tohno,2,1616871972
paddu,C-Akiha,1,Gibins,F-Tohno,2,1616872157
paddu,C-Akiha,2,Gibins,F-Tohno,0,1616872268
paddu,C-Akiha,1,Gibins,F-Tohno,2,1616872476
paddu,C-Akiha,1,Gibins,F-Tohno,2,1616872617
paddu,C-Akiha,2,Gibins,F-Tohno,1,1616872841
paddu,C-Akiha,1,Gibins,F-Tohno,2,1616873052
paddu,C-Akiha,2,Gibins,F-Tohno,0,1616873195
paddu,C-Akiha,2,Gibins,F-Tohno,1,1616873393
paddu,C-Akiha,2,Gibins,F-Tohno,0,1616873550
paddu,C-Akiha,0,Gibins,F-Tohno,2,1616873698
paddu,C-Akiha,0,Draig,H-S.Akiha,2,1616885250
paddu,C-Akiha,0,Draig,H-S.Akiha,2,1616885403
paddu,C-Akiha,1,Draig,H-S.Akiha,2,1616885666
paddu,C-Akiha,2,Draig,H-S.Akiha,0,1616885851
paddu,C-Akiha,2,Draig,H-S.Akiha,0,1616886028
paddu,C-Akiha,1,Draig,H-S.Akiha,2,1616886256
paddu,C-Akiha,2,Draig,H-S.Akiha,1,1616886480
paddu,C-Akiha,1,Draig,H-S.Akiha,2,1616886737
paddu,C-Akiha,2,Draig,H-S.Akiha,0,1616886901
paddu,C-Akiha,2,Draig,H-S.Akiha,1,1616887169
paddu,C-Akiha,1,Draig,H-S.Akiha,2,1616887455
paddu,C-Akiha,0,Draig,H-S.Akiha,2,1616887624
paddu,C-Akiha,2,KoZaCzek,C-Nanaya,0,1616939471
paddu,C-Akiha,2,KoZaCzek,C-Nanaya,0,1616939608
paddu,C-Akiha,2,KoZaCzek,C-Nanaya,0,1616939712
paddu,C-Akiha,2,KoZaCzek,C-Nanaya,0,1616939839
paddu,C-Akiha,2,KoZaCzek,C-Nanaya,0,1616939944
paddu,C-Akiha,2,smo,C-Arc,1,1616940534
paddu,C-Akiha,0,smo,C-Arc,2,1616940705
paddu,C-Akiha,1,smo,C-Arc,2,1616940967
paddu,C-Akiha,0,smo,C-Arc,2,1616941127
paddu,C-Akiha,2,smo,C-Arc,0,1616941302
paddu,C-Akiha,1,smo,C-Arc,2,1616941550
paddu,C-Akiha,2,smo,C-Arc,0,1616941669
paddu,C-Akiha,1,smo,C-Arc,2,1616941863
paddu,C-Akiha,2,smo,C-Arc,0,1616942023
paddu,C-Akiha,1,smo,C-Arc,2,1616942262
paddu,C-Akiha,1,smo,C-Arc,2,1616942557
paddu,C-Akiha,0,sabreFEELINGS(A.K.A Scool biy),H-Aoko,2,1616961201
paddu,C-Akiha,1,sabreFEELINGS(A.K.A Scool biy),H-Aoko,2,1616961465
paddu,C-Akiha,1,sabreFEELINGS(A.K.A Scool biy),H-Aoko,2,1616961686
paddu,C-Akiha,0,sabreFEELINGS(A.K.A Scool biy),H-Aoko,2,1616961855
paddu,C-Akiha,0,sabreFEELINGS(A.K.A Scool biy),H-Aoko,2,1616962020
paddu,C-Akiha,0,sabreFEELINGS(A.K.A Scool biy),H-Aoko,2,1616962170
paddu,C-Akiha,0,sabreFEELINGS(A.K.A Scool biy),H-Aoko,2,1616962311
paddu,C-Akiha,2,sabreFEELINGS(A.K.A Scool biy),H-Aoko,1,1616962473
paddu,C-Akiha,2,sabreFEELINGS(A.K.A Scool biy),H-Aoko,1,1616962736
paddu,C-Akiha,0,sabreFEELINGS(A.K.A Scool biy),H-Aoko,2,1616962917
paddu,C-Akiha,2,sabreFEELINGS(A.K.A Scool biy),H-Aoko,0,1616963052
paddu,C-Akiha,0,sabreFEELINGS(A.K.A Scool biy),H-Aoko,2,1616963184
paddu,C-Akiha,0,sabreFEELINGS(A.K.A Scool biy),H-Aoko,2,1616963369
paddu,C-Akiha,2,Esdisi,H-Sion,0,1617033957
paddu,C-Akiha,2,Esdisi,H-Sion,0,1617034097
paddu,C-Akiha,2,Esdisi,H-Sion,0,1617034245
paddu,C-Akiha,2,Esdisi,H-Sion,0,1617034388
paddu,C-Akiha,2,Esdisi,H-Sion,0,1617034514
paddu,C-Akiha,2,Esdisi,H-Sion,0,1617034678
paddu,C-Akiha,2,Esdisi,H-Sion,0,1617034828
paddu,C-Akiha,2,Esdisi,H-Sion,0,1617034972
paddu,C-Akiha,2,Esdisi,H-Sion,0,1617035097
paddu,C-Akiha,2,Esdisi,H-Sion,0,1617035245
paddu,C-Akiha,2,agu,C-Aoko,0,1617037081
paddu,C-Akiha,2,agu,C-Aoko,0,1617037206
paddu,C-Akiha,2,agu,C-Aoko,0,1617037328
paddu,C-Akiha,2,agu,C-Aoko,0,1617037461
paddu,C-Akiha,2,agu,C-Aoko,0,1617037560
paddu,C-Akiha,2,agu,C-Aoko,0,1617037747
paddu,C-Akiha,2,agu,C-Aoko,0,1617037861
paddu,C-Akiha,2,agu,C-Aoko,0,1617038003
paddu,C-Akiha,2,agu,C-Aoko,0,1617038095
paddu,C-Akiha,2,agu,C-Aoko,0,1617038232
paddu,C-Akiha,2,agu,C-Aoko,0,1617038351
paddu,C-Akiha,2,agu,C-Aoko,0,1617038472
paddu,C-Akiha,2,agu,C-Aoko,0,1617038561
paddu,C-Akiha,2,agu,C-Aoko,0,1617038686
paddu,C-Akiha,2,agu,C-Aoko,0,1617038821
paddu,C-Akiha,2,agu,C-Aoko,0,1617038913
paddu,C-Akiha,2,agu,C-Aoko,0,1617039008
paddu,C-Akiha,2,agu,C-Aoko,0,1617039167
paddu,C-Akiha,2,agu,C-Aoko,0,1617039293
paddu,C-Akiha,2,Izzet,F-Aoko,0,1617050377
paddu,C-Akiha,2,Izzet,F-Aoko,0,1617050505
paddu,C-Akiha,2,Izzet,F-Aoko,0,1617050589
paddu,C-Akiha,2,Izzet,F-Aoko,0,1617050738
paddu,C-Akiha,2,Izzet,F-Aoko,0,1617050835
paddu,C-Akiha,2,Izzet,F-Aoko,0,1617050967
paddu,C-Akiha,2,Izzet,F-Aoko,0,1617051081
paddu,C-Akiha,2,Izzet,F-Aoko,0,1617051174
paddu,C-Akiha,2,Izzet,F-Aoko,0,1617051248
paddu,C-Akiha,2,Izzet,F-Aoko,0,1617051321
paddu,C-Akiha,2,Izzet,F-Aoko,0,1617051442
paddu,C-Akiha,2,Demi,H-V.Akiha,0,1617052733
paddu,C-Akiha,2,Demi,H-V.Akiha,0,1617052813
paddu,C-Akiha,2,Demi,H-V.Akiha,0,1617052924
paddu,C-Akiha,2,Demi,H-V.Akiha,0,1617053013
paddu,C-Akiha,2,Demi,H-V.Akiha,0,1617053093
paddu,C-Akiha,2,Demi,H-V.Akiha,0,1617053169
paddu,C-Akiha,2,Demi,H-V.Akiha,0,1617053271
paddu,C-Akiha,2,Demi,H-V.Akiha,0,1617053369
paddu,C-Akiha,2,Demi,H-V.Akiha,0,1617053463
paddu,C-Akiha,2,Demi,H-V.Akiha,0,1617053602
paddu,C-Akiha,2,Demi,H-V.Akiha,0,1617053691
paddu,C-Akiha,2,Demi,H-V.Akiha,0,1617053798
paddu,C-Akiha,2,Demi,H-V.Akiha,0,1617053923
paddu,C-Akiha,2,dum,F-Miyako,0,1617054085
paddu,C-Akiha,2,dum,F-Miyako,0,1617054202
paddu,C-Akiha,2,dum,F-Miyako,0,1617054305
paddu,C-Akiha,2,dum,F-Miyako,0,1617054423
paddu,C-Akiha,2,dum,F-Miyako,0,1617054554
paddu,C-Akiha,2,dum,F-Miyako,0,1617054652
paddu,C-Akiha,2,dum,F-Miyako,0,1617054753
paddu,C-Akiha,2,dum,F-Miyako,0,1617054868
paddu,C-Akiha,2,dum,F-Miyako,0,1617054992
paddu,C-Akiha,2,dum,F-Miyako,0,1617055095
paddu,C-Akiha,2,Gibins,F-Tohno,0,1617055916
paddu,C-Akiha,2,Gibins,F-Tohno,1,1617056049
paddu,C-Akiha,0,Gibins,F-Tohno,2,1617056164
paddu,C-Akiha,2,Gibins,F-Tohno,1,1617056348
paddu,C-Akiha,2,Gibins,F-Tohno,1,1617056533
paddu,C-Akiha,2,Gibins,F-Tohno,0,1617056642
paddu,C-Akiha,2,Gibins,F-Tohno,0,1617056760
paddu,C-Akiha,0,Gibins,F-Tohno,2,1617056877
paddu,C-Akiha,1,Gibins,F-Tohno,2,1617057086
paddu,C-Akiha,2,Gibins,F-Tohno,1,1617057261
paddu,C-Akiha,2,Gibins,F-Tohno,1,1617057453
paddu,C-Akiha,2,Gibins,F-Tohno,0,1617057590
paddu,C-Akiha,2,Gibins,F-Tohno,0,1617057678
paddu,C-Akiha,1,Hakurou,H-Len,2,1617115535
paddu,C-Akiha,2,Hakurou,H-Len,0,1617115726
paddu,C-Akiha,2,Hakurou,H-Len,0,1617115884
paddu,C-Akiha,2,Hakurou,H-Len,0,1617116040
paddu,C-Akiha,2,Hakurou,H-Len,0,1617116198
paddu,C-Akiha,2,Hakurou,H-Len,0,1617116361
paddu,C-Akiha,2,Hakurou,H-Len,0,1617116471
paddu,F-Akiha,2,YbeR,C-Ciel,0,1617146837
paddu,F-Akiha,2,YbeR,C-Ciel,1,1617146998
paddu,F-Akiha,2,YbeR,C-Ciel,0,1617147100
paddu,F-Akiha,2,YbeR,C-Ciel,0,1617147198
paddu,F-Akiha,2,YbeR,C-Ciel,1,1617147368
paddu,C-Akiha,2,YbeR,C-Nanaya,0,1617147477
paddu,H-Nero,0,Deus,F-Neko,2,1617206083
paddu,H-Nero,2,Deus,F-Neko,1,1617206305
paddu,H-Nero,2,Deus,F-Neko,1,1617206537
paddu,C-Nero,2,Deus,F-Neko,1,1617206725
paddu,C-Nero,2,Deus,F-Neko,0,1617206864
paddu,C-Nero,2,Deus,F-Neko,0,1617206996
paddu,C-Nero,0,Deus,F-Neko,2,1617207146
paddu,C-Nero,2,Deus,F-Neko,1,1617207325
paddu,C-Nero,2,Deus,F-Neko,0,1617207456
paddu,C-Akiha,2,teap,C-Wara,1,1617213186
paddu,C-Akiha,1,teap,C-Wara,2,1617213424
paddu,C-Akiha,2,teap,C-Wara,0,1617213519
paddu,C-Akiha,2,teap,C-Wara,1,1617213668
paddu,C-Akiha,2,teap,C-Wara,0,1617213787
paddu,C-Akiha,2,teap,C-Wara,0,1617213883
paddu,C-Akiha,0,teap,C-Wara,2,1617214045
paddu,C-Akiha,1,teap,C-Wara,2,1617214229
paddu,C-Akiha,2,teap,C-Wara,1,1617214462
paddu,C-Akiha,2,teap,C-Wara,0,1617214593
paddu,C-Akiha,1,teap,C-Wara,2,1617214792
paddu,C-Akiha,2,teap,C-Wara,0,1617214900
paddu,C-Akiha,0,teap,C-Wara,2,1617215032
paddu,C-Akiha,2,teap,C-Wara,0,1617215160
paddu,C-Akiha,2,teap,C-Wara,0,1617215266
paddu,C-Akiha,0,insignis,C-Kohaku,2,1617226301
paddu,C-Akiha,0,insignis,C-Kohaku,2,1617226405
paddu,C-Akiha,0,insignis,C-Kohaku,2,1617226523
paddu,C-Akiha,0,insignis,C-Kohaku,2,1617226654
paddu,C-Akiha,2,insignis,C-Kohaku,1,1617226861
paddu,C-Akiha,0,insignis,C-Kohaku,2,1617227008
paddu,C-Akiha,0,insignis,C-Kohaku,2,1617227137
paddu,C-Akiha,1,insignis,C-Kohaku,2,1617227318
paddu,C-Akiha,2,insignis,C-Kohaku,1,1617227495
paddu,C-Akiha,1,insignis,C-Kohaku,2,1617227716
paddu,C-Akiha,0,insignis,C-Kohaku,2,1617227892
paddu,C-Akiha,0,insignis,C-Kohaku,2,1617228082
paddu,F-Nero,2,agu,C-Aoko,0,1617232216
paddu,F-Nero,2,agu,C-Aoko,0,1617232306
paddu,F-Nero,2,agu,C-Aoko,0,1617232442
paddu,F-Nero,2,agu,C-Aoko,0,1617232547
paddu,F-Nero,2,agu,C-Aoko,0,1617232649
paddu,F-Nero,2,agu,C-Aoko,0,1617232738
paddu,F-Nero,2,agu,C-Aoko,0,1617232853
paddu,F-Nero,2,agu,C-Aoko,0,1617232967
paddu,F-Nero,2,agu,C-Aoko,0,1617233073
paddu,F-Nero,2,agu,C-Aoko,0,1617233198
paddu,C-Akiha,2,Caj,F-V.Akiha,0,1617238865
paddu,C-Akiha,2,Caj,F-V.Akiha,0,1617238975
paddu,C-Akiha,2,Caj,F-V.Akiha,0,1617239054
paddu,C-Akiha,2,Caj,F-V.Akiha,0,1617239148
paddu,C-Akiha,2,Caj,F-V.Akiha,0,1617239278
paddu,C-Akiha,2,Caj,F-V.Akiha,0,1617239389
paddu,C-Akiha,2,Caj,F-V.Akiha,0,1617239529
paddu,C-Akiha,2,Caj,F-V.Akiha,0,1617239656
paddu,C-Akiha,2,Caj,F-V.Akiha,0,1617239771
paddu,C-Akiha,2,Caj,F-V.Akiha,0,1617239894
paddu,C-Akiha,2,Caj,F-V.Akiha,0,1617240036
paddu,C-Akiha,2,Caj,F-V.Akiha,0,1617240118
paddu,C-Akiha,2,Caj,F-V.Akiha,0,1617240235
paddu,C-Akiha,2,Caj,F-V.Akiha,0,1617240323
paddu,C-Akiha,2,Caj,F-V.Akiha,0,1617240412
paddu,C-Akiha,2,Caj,F-V.Akiha,0,1617240509
paddu,C-Akiha,2,Caj,F-V.Akiha,0,1617240651
paddu,C-Akiha,2,Caj,F-V.Akiha,0,1617240742
paddu,C-Akiha,2,Caj,F-V.Akiha,0,1617240843
paddu,C-Akiha,2,Caj,F-V.Akiha,1,1617241049
paddu,C-Akiha,2,Caj,F-V.Akiha,0,1617241186
paddu,C-Akiha,2,Caj,F-V.Akiha,0,1617241340
paddu,C-Akiha,2,Caj,F-V.Akiha,0,1617241446
paddu,C-Akiha,2,Caj,F-V.Akiha,0,1617241552
paddu,C-Akiha,2,Caj,F-V.Akiha,0,1617241621
paddu,C-Akiha,2,Caj,F-V.Akiha,0,1617241691
paddu,C-Akiha,2,Caj,F-V.Akiha,0,1617241835
paddu,C-Akiha,2,Caj,F-V.Akiha,0,1617241932
paddu,C-Akiha,2,Caj,F-V.Akiha,0,1617242033
paddu,C-Akiha,2,Caj,F-V.Akiha,0,1617242141
paddu,C-Akiha,1,Draig,H-S.Akiha,2,1617285154
paddu,C-Akiha,2,Draig,H-S.Akiha,1,1617285401
paddu,C-Akiha,2,Draig,H-S.Akiha,0,1617285493
paddu,C-Akiha,2,Draig,H-S.Akiha,0,1617285602
paddu,C-Akiha,0,Draig,H-S.Akiha,2,1617285760
paddu,C-Akiha,2,Draig,H-S.Akiha,1,1617286011
paddu,C-Akiha,2,Draig,H-S.Akiha,0,1617286163
paddu,C-Akiha,0,Draig,H-S.Akiha,2,1617286323
paddu,C-Akiha,2,Draig,H-S.Akiha,1,1617286568
paddu,C-Akiha,2,Draig,H-S.Akiha,1,1617286769
paddu,C-Akiha,2,Draig,H-S.Akiha,0,1617286873
paddu,C-Akiha,2,Draig,H-S.Akiha,0,1617286998
paddu,C-Akiha,2,Draig,H-S.Akiha,0,1617287087
paddu,C-Akiha,2,Change your name,F-Tohno,0,1617306999
paddu,C-Akiha,2,Change your name,F-Tohno,0,1617307129
paddu,C-Akiha,2,Change your name,F-Tohno,0,1617307241
paddu,C-Akiha,2,Change your name,F-Tohno,0,1617307379
paddu,C-Akiha,2,Change your name,F-Tohno,0,1617307494
paddu,C-Akiha,2,Ourfairduke,C-Nanaya,0,1617307908
paddu,C-Akiha,2,Ourfairduke,C-Nanaya,0,1617307992
paddu,C-Akiha,2,Ourfairduke,C-Nanaya,0,1617308112
paddu,C-Akiha,2,Ourfairduke,C-Nanaya,0,1617308243
paddu,C-Akiha,2,Ourfairduke,C-Nanaya,0,1617308340
paddu,C-Akiha,2,Ourfairduke,C-Nanaya,0,1617308432
paddu,C-Akiha,2,Ourfairduke,C-Nanaya,0,1617308540
paddu,C-Akiha,2,Ourfairduke,C-Nanaya,0,1617308691
paddu,C-Akiha,2,Ourfairduke,C-Nanaya,0,1617308842
paddu,C-Akiha,2,Ourfairduke,C-Nanaya,0,1617308934
paddu,C-Akiha,0,4Bull Elnuk,C-S.Akiha,2,1617310812
paddu,C-Akiha,1,4Bull Elnuk,C-S.Akiha,2,1617311072
paddu,C-Akiha,2,4Bull Elnuk,C-S.Akiha,0,1617311209
paddu,C-Akiha,2,4Bull Elnuk,C-S.Akiha,1,1617311367
paddu,C-Akiha,2,4Bull Elnuk,C-S.Akiha,0,1617311493
paddu,C-Akiha,2,4Bull Elnuk,C-S.Akiha,1,1617311757
paddu,C-Akiha,2,4Bull Elnuk,C-S.Akiha,0,1617311892
paddu,C-Akiha,2,4Bull Elnuk,C-S.Akiha,0,1617312096
paddu,C-Akiha,2,4Bull Elnuk,C-S.Akiha,0,1617312211
paddu,C-Akiha,1,4Bull Elnuk,C-S.Akiha,2,1617312406
paddu,C-Akiha,2,4Bull Elnuk,C-S.Akiha,1,1617312605
paddu,C-Akiha,1,4Bull Elnuk,C-S.Akiha,2,1617312818
paddu,C-Akiha,2,4Bull Elnuk,C-S.Akiha,0,1617313022
paddu,C-Akiha,2,4Bull Elnuk,C-S.Akiha,0,1617313164
paddu,C-Akiha,2,4Bull Elnuk,C-S.Akiha,0,1617313316
paddu,C-Akiha,2,4Bull Elnuk,C-S.Akiha,0,1617313470
paddu,C-Akiha,2,4Bull Elnuk,C-S.Akiha,0,1617313587
paddu,C-Akiha,2,Gabro,C-S.Akiha,0,1617316774
paddu,C-Akiha,2,Gabro,C-S.Akiha,0,1617316884
paddu,C-Akiha,2,Gabro,C-S.Akiha,0,1617316953
paddu,C-Akiha,2,Gabro,C-S.Akiha,0,1617317090
paddu,C-Akiha,2,Gabro,C-S.Akiha,0,1617317224
paddu,C-Akiha,2,Drunk,C-Ryougi,0,1617318163
paddu,C-Akiha,2,Drunk,C-Ryougi,0,1617318292
paddu,C-Akiha,2,Drunk,C-Ryougi,0,1617318398
paddu,C-Akiha,2,Drunk,C-Ryougi,0,1617318476
paddu,C-Akiha,2,Drunk,C-Ryougi,0,1617318580
paddu,C-Akiha,2,Drunk,C-Ryougi,0,1617318676
paddu,C-Akiha,2,Drunk,C-Ryougi,0,1617318793
paddu,C-Akiha,2,Drunk,C-Ryougi,0,1617318886
paddu,C-Akiha,2,Drunk,C-Ryougi,0,1617319004
paddu,C-Akiha,2,Drunk,C-Ryougi,0,1617319091
paddu,C-Akiha,2,Milord's Servant,F-Ryougi,0,1617373113
paddu,C-Akiha,2,Milord's Servant,F-Ryougi,0,1617373236
paddu,C-Akiha,2,Milord's Servant,F-Ryougi,0,1617373393
paddu,C-Akiha,2,Milord's Servant,F-Ryougi,0,1617373490
paddu,C-Akiha,2,Milord's Servant,F-Ryougi,0,1617373645
paddu,C-Akiha,2,Milord's Servant,F-Ryougi,0,1617373740
paddu,C-Akiha,2,Milord's Servant,F-Ryougi,0,1617373873
paddu,C-Akiha,2,Milord's Servant,F-Ryougi,0,1617373995
paddu,C-Akiha,2,Milord's Servant,F-Ryougi,0,1617374094
paddu,C-Akiha,2,Milord's Servant,F-Ryougi,0,1617374247
paddu,C-Akiha,2,Shorakyn,C-Ries,1,1617381717
paddu,C-Akiha,2,Shorakyn,C-Ries,1,1617381909
paddu,C-Akiha,2,Shorakyn,C-Ries,0,1617382082
paddu,C-Akiha,0,Shorakyn,C-Ries,2,1617382281
paddu,C-Akiha,2,Shorakyn,C-Ries,1,1617382511
paddu,C-Akiha,2,Shorakyn,C-Ries,1,1617382770
paddu,C-Akiha,0,Shorakyn,C-Ries,2,1617382951
paddu,C-Akiha,2,Shorakyn,C-Ries,0,1617383095
paddu,C-Akiha,2,Shorakyn,C-Ries,1,1617383288
paddu,C-Akiha,2,Shorakyn,C-Ries,1,1617383519
paddu,C-Akiha,2,Shorakyn,C-Ries,0,1617383698
paddu,C-Akiha,0,Shorakyn,C-Ries,2,1617383862
paddu,C-Akiha,2,Shorakyn,C-Ries,0,1617383974
paddu,C-Akiha,2,Change your name,F-Tohno,0,1617401833
paddu,C-Akiha,2,Change your name,F-Tohno,0,1617401926
paddu,C-Akiha,2,Change your name,F-Tohno,0,1617402065
paddu,C-Akiha,2,Change your name,F-Tohno,0,1617402197
paddu,C-Akiha,2,Change your name,F-Tohno,0,1617402303
paddu,C-Akiha,2,Change your name,F-Tohno,0,1617402416
paddu,C-Akiha,2,Change your name,F-Tohno,0,1617402530
paddu,C-Akiha,2,Change your name,F-Tohno,0,1617402656
paddu,C-Akiha,2,Change your name,F-Tohno,0,1617402762
paddu,C-Akiha,2,Change your name,F-Tohno,0,1617402871
paddu,C-Akiha,2,Change your name,F-Tohno,0,1617402980
paddu,C-Akiha,2,Change your name,F-Tohno,0,1617403113
paddu,C-Akiha,2,Change your name,F-Tohno,0,1617403270
paddu,C-Akiha,2,Change your name,F-Tohno,0,1617403434
paddu,C-Akiha,2,Change your name,F-Tohno,0,1617403548
paddu,C-Akiha,2,Change your name,F-Tohno,0,1617403686
paddu,C-Akiha,2,Change your name,F-Tohno,0,1617403809
paddu,C-Akiha,2,Matteo,C-Akiha,0,1617406205
paddu,C-Akiha,2,Matteo,C-Akiha,0,1617406286
paddu,C-Akiha,2,Matteo,C-Akiha,0,1617406399
paddu,C-Akiha,2,Matteo,C-Akiha,0,1617406496
paddu,C-Akiha,2,Matteo,C-Akiha,0,1617406607
paddu,C-Akiha,2,Matteo,C-Akiha,0,1617406746
paddu,C-Akiha,2,Matteo,C-Akiha,0,1617406837
paddu,C-Akiha,2,Matteo,C-Akiha,0,1617406955
paddu,C-Akiha,2,ChurchGorilla,C-Nero,0,1617407983
paddu,C-Akiha,2,ChurchGorilla,C-Nero,0,1617408110
paddu,C-Akiha,2,ChurchGorilla,C-Nero,0,1617408234
paddu,C-Akiha,2,ChurchGorilla,C-Nero,0,1617408320
paddu,C-Akiha,2,ChurchGorilla,C-Nero,0,1617408464
paddu,C-Akiha,2,ChurchGorilla,C-Nero,0,1617408590
paddu,C-Akiha,2,ChurchGorilla,C-Nero,0,1617408716
paddu,C-Akiha,2,ChurchGorilla,C-Nero,0,1617408797
paddu,C-Akiha,2,ChurchGorilla,C-Nero,0,1617408914
paddu,C-Akiha,2,ChurchGorilla,C-Nero,0,1617409002
paddu,C-Akiha,2,insignis,C-W.Len,0,1617410475
paddu,C-Akiha,2,insignis,C-W.Len,0,1617410628
paddu,C-Akiha,2,insignis,C-W.Len,0,1617410799
paddu,C-Akiha,2,insignis,C-W.Len,1,1617411070
paddu,C-Akiha,2,insignis,C-W.Len,1,1617411348
paddu,C-Akiha,2,insignis,C-W.Len,0,1617411530
paddu,C-Akiha,1,insignis,C-W.Len,2,1617411787
paddu,C-Akiha,2,insignis,C-W.Len,1,1617411984
paddu,C-Akiha,2,insignis,C-W.Len,0,1617412112
paddu,C-Akiha,2,insignis,C-W.Len,0,1617412258
paddu,C-Akiha,2,insignis,C-W.Len,0,1617412420
paddu,C-Akiha,2,Afro Viking,F-Nero,0,1617468948
paddu,C-Akiha,2,Afro Viking,F-Nero,0,1617469065
paddu,C-Akiha,2,Afro Viking,F-Nero,0,1617469242
paddu,C-Akiha,2,Afro Viking,F-Nero,0,1617469362
paddu,C-Akiha,2,Afro Viking,F-Nero,0,1617469508
paddu,C-Akiha,2,Afro Viking,F-Nero,0,1617469630
paddu,C-Akiha,2,Afro Viking,F-Nero,0,1617469806
paddu,C-Akiha,2,Afro Viking,F-Nero,0,1617469978
paddu,C-Akiha,2,Afro Viking,F-Nero,1,1617470176
paddu,C-Akiha,2,Afro Viking,F-Nero,0,1617470301
paddu,C-Akiha,2,Afro Viking,F-Nero,0,1617470433
paddu,C-Akiha,2,Afro Viking,F-Nero,0,1617470549
paddu,C-Akiha,2,Afro Viking,F-Nero,0,1617470666
paddu,C-Akiha,2,Afro Viking,F-Nero,1,1617470851
paddu,C-Akiha,2,Afro Viking,F-Nero,0,1617470956
paddu,C-Akiha,2,Afro Viking,F-Nero,0,1617471072
paddu,C-Akiha,2,Afro Viking,F-Nero,0,1617471208
paddu,C-Akiha,2,Afro Viking,F-Nero,0,1617471310
paddu,C-Akiha,2,Afro Viking,F-Nero,1,1617471568
paddu,C-Akiha,2,Afro Viking,F-Nero,0,1617471715
paddu,C-Akiha,2,Moustikaz,F-Nanaya,0,1617480732
paddu,C-Akiha,2,Moustikaz,F-Nanaya,0,1617480820
paddu,C-Akiha,2,Moustikaz,F-Nanaya,0,1617480914
paddu,C-Akiha,2,Moustikaz,F-Nanaya,0,1617481010
paddu,C-Akiha,2,Moustikaz,F-Nanaya,0,1617481113
paddu,C-Akiha,2,Moustikaz,F-Nanaya,0,1617481220
paddu,C-Akiha,2,Moustikaz,F-Nanaya,0,1617481335
paddu,C-Akiha,2,Moustikaz,F-Nanaya,0,1617481438
paddu,C-Akiha,2,Moustikaz,F-Nanaya,0,1617481554
paddu,C-Akiha,2,Moustikaz,F-Nanaya,0,1617481645
paddu,C-Akiha,2,Moustikaz,F-Nanaya,0,1617481776
paddu,C-Akiha,2,Moustikaz,F-Nanaya,0,1617481890
paddu,C-Akiha,2,Moustikaz,F-Nanaya,0,1617482002
paddu,C-Akiha,2,Moustikaz,F-Nanaya,0,1617482113
paddu,C-Akiha,2,Moustikaz,F-Nanaya,0,1617482213
paddu,C-Akiha,2,Moustikaz,F-Nanaya,0,1617482336
paddu,C-Akiha,2,Moustikaz,F-Nanaya,0,1617482409
paddu,C-Akiha,2,Moustikaz,F-Nanaya,0,1617482523
paddu,C-Akiha,2,Moustikaz,F-Nanaya,0,1617482622
paddu,C-Akiha,2,Moustikaz,F-Nanaya,0,1617482728
paddu,C-Akiha,2,YbeR,H-Roa,0,1617488689
paddu,C-Akiha,2,YbeR,H-Roa,0,1617488850
paddu,C-Akiha,2,YbeR,H-Roa,0,1617488948
paddu,C-Akiha,2,YbeR,H-Roa,0,1617489083
paddu,C-Akiha,2,YbeR,H-Roa,0,1617489228
paddu,C-Akiha,2,YbeR,H-Roa,0,1617489321
paddu,C-Akiha,2,YbeR,H-Roa,0,1617489439
paddu,C-Akiha,2,YbeR,H-Roa,0,1617489538
paddu,C-Akiha,2,dima,C-Wara,0,1617494356
paddu,C-Akiha,2,dima,C-Wara,0,1617494458
paddu,C-Akiha,2,dima,C-Wara,0,1617494557
paddu,C-Akiha,2,dima,C-Wara,0,1617494711
paddu,C-Akiha,2,dima,C-Wara,1,1617494915
paddu,C-Akiha,2,dima,C-Wara,0,1617495042
paddu,C-Akiha,2,dima,C-Wara,0,1617495114
paddu,C-Akiha,2,dima,C-Wara,0,1617495258
paddu,C-Akiha,2,dima,C-Wara,0,1617495388
paddu,C-Akiha,2,dima,C-Wara,0,1617495519
paddu,C-Akiha,2,Gibins,F-Tohno,1,1617502466
paddu,C-Akiha,1,Gibins,F-Tohno,2,1617502688
paddu,C-Akiha,2,Gibins,F-Tohno,1,1617502862
paddu,C-Akiha,2,Gibins,F-Tohno,1,1617503056
paddu,C-Akiha,2,Gibins,F-Tohno,0,1617503151
paddu,C-Akiha,2,Gibins,F-Tohno,1,1617503351
paddu,C-Akiha,2,FrogOut,H-Aoko,1,1617555271
paddu,C-Akiha,2,FrogOut,H-Aoko,0,1617555379
paddu,C-Akiha,2,FrogOut,C-Aoko,0,1617555495
paddu,C-Akiha,2,FrogOut,C-Aoko,0,1617555620
paddu,C-Akiha,2,FrogOut,C-Aoko,0,1617555754
paddu,C-Akiha,2,FrogOut,C-Aoko,1,1617555981
paddu,C-Akiha,2,FrogOut,C-Aoko,0,1617556067
paddu,C-Akiha,2,FrogOut,C-Aoko,0,1617556188
paddu,C-Akiha,2,FrogOut,C-Aoko,0,1617556317
paddu,C-Akiha,2,FrogOut,C-Aoko,0,1617556417
paddu,C-Akiha,2,FrogOut,C-Aoko,0,1617556506
paddu,C-Akiha,2,FrogOut,C-Aoko,0,1617556628
paddu,C-Akiha,2, allanleblanc,F-Ryougi,0,1617559719
paddu,C-Akiha,2, allanleblanc,F-Ryougi,0,1617559797
paddu,C-Akiha,2, allanleblanc,F-Ryougi,0,1617559927
paddu,C-Akiha,2, allanleblanc,F-Ryougi,0,1617560004
paddu,C-Akiha,2, allanleblanc,F-Ryougi,0,1617560083
paddu,C-Akiha,2, allanleblanc,F-Ryougi,0,1617560157
paddu,C-Akiha,2, allanleblanc,F-Ryougi,0,1617560264
paddu,C-Akiha,2, allanleblanc,F-Ryougi,0,1617560359
paddu,C-Akiha,2, allanleblanc,F-Ryougi,0,1617560440
paddu,C-Akiha,2, allanleblanc,F-Ryougi,0,1617560531
paddu,C-Akiha,2, allanleblanc,F-Ryougi,0,1617560631
paddu,C-Akiha,2, allanleblanc,F-Ryougi,0,1617560716
paddu,C-Akiha,2, allanleblanc,F-Ryougi,0,1617560815
paddu,C-Akiha,2, allanleblanc,F-Ryougi,0,1617560893
paddu,C-Akiha,2, allanleblanc,F-Ryougi,0,1617560996
paddu,C-Akiha,2, allanleblanc,F-Ryougi,0,1617561065
paddu,C-Akiha,1,Austin,C-Arc,2,1617563561
paddu,C-Akiha,0,Austin,C-Arc,2,1617563725
paddu,C-Akiha,1,Austin,C-Arc,2,1617564013
paddu,C-Akiha,2,Austin,C-Arc,0,1617564145
paddu,C-Akiha,1,Austin,C-Arc,2,1617564438
paddu,C-Akiha,0,Austin,C-Arc,2,1617564615
paddu,C-Akiha,2,Austin,C-Arc,1,1617564802
paddu,C-Akiha,2,Austin,C-Arc,1,1617565006
paddu,C-Akiha,2,Austin,C-Arc,0,1617565152
paddu,C-Akiha,2,Austin,C-Arc,0,1617565330
paddu,C-Akiha,2,Austin,C-Arc,0,1617565499
paddu,C-Akiha,2,Austin,C-Arc,1,1617565702
paddu,C-Akiha,2,Austin,C-Arc,1,1617565917
paddu,C-Akiha,2,Austin,C-Arc,0,1617566021
paddu,C-Akiha,2,Magemo,H-Hime,1,1617581099
paddu,C-Akiha,2,Magemo,H-Hime,0,1617581226
paddu,C-Akiha,2,Magemo,H-Hime,1,1617581425
paddu,C-Akiha,2,Magemo,H-Hime,1,1617581644
paddu,C-Akiha,1,Magemo,H-Hime,2,1617581843
paddu,C-Akiha,2,Magemo,H-Hime,0,1617581962
paddu,C-Akiha,2,Magemo,H-Hime,1,1617582104
paddu,C-Akiha,2,Magemo,H-Hime,0,1617582223
paddu,C-Akiha,1,Regeci,C-Nanaya,2,1617627098
paddu,C-Akiha,2,Regeci,C-Nanaya,0,1617627250
paddu,C-Akiha,1,Regeci,C-Nanaya,2,1617627418
paddu,C-Akiha,1,Regeci,C-Nanaya,2,1617627635
paddu,C-Akiha,2,Regeci,C-Nanaya,0,1617627773
paddu,C-Akiha,2,Regeci,C-Nanaya,0,1617627887
paddu,C-Akiha,2,Regeci,C-Nanaya,0,1617627998
paddu,C-Akiha,1,Regeci,C-Nanaya,2,1617628193
paddu,C-Akiha,1,Regeci,C-Nanaya,2,1617628363
paddu,C-Akiha,0,Regeci,C-Nanaya,2,1617628513
paddu,C-Akiha,2,Regeci,C-Nanaya,1,1617628691
paddu,C-Akiha,2,Regeci,C-Nanaya,0,1617628801
paddu,C-Akiha,0,Regeci,C-Nanaya,2,1617628967
paddu,C-Akiha,2,Regeci,C-Nanaya,1,1617629173
paddu,C-Akiha,1,Regeci,C-Nanaya,2,1617629396
paddu,C-Akiha,1,Regeci,C-Nanaya,2,1617629621
paddu,C-Akiha,2,Regeci,C-Nanaya,1,1617629781
paddu,C-Akiha,2,Regeci,C-Nanaya,0,1617629899
paddu,C-Akiha,2,Regeci,C-Nanaya,0,1617630009
paddu,C-Akiha,2,smo,C-Arc,1,1617634122
paddu,C-Akiha,2,smo,C-Arc,0,1617634221
paddu,C-Akiha,2,smo,C-Arc,1,1617634456
paddu,C-Akiha,1,smo,C-Arc,2,1617634674
paddu,C-Akiha,2,smo,C-Arc,0,1617634819
paddu,C-Akiha,2,smo,C-Arc,1,1617635040
paddu,C-Akiha,1,smo,C-Arc,2,1617635267
paddu,C-Akiha,2,smo,C-Arc,0,1617635437
paddu,C-Akiha,2,smo,C-Arc,0,1617635547
paddu,C-Akiha,2,smo,C-Arc,1,1617635776
paddu,C-Akiha,2,smo,C-Arc,0,1617635922
paddu,C-Akiha,2,smo,C-Arc,0,1617636047
,C-Akiha,1,PA,C-Aoko,2,1617644181
,C-Akiha,2,PA,C-Aoko,0,1617644331
,C-Akiha,2,PA,C-Aoko,0,1617644423
,C-Akiha,2,PA,C-Aoko,1,1617644648
,C-Akiha,2,PA,C-Aoko,1,1617644868
,C-Akiha,0,PA,C-Aoko,2,1617644996
paddu,C-Akiha,2,dor3k,F-Ryougi,1,1617650627
paddu,C-Akiha,2,dor3k,F-Ryougi,0,1617650756
paddu,C-Akiha,2,dor3k,F-Ryougi,0,1617650852
paddu,C-Akiha,2,dor3k,F-Ryougi,1,1617651001
paddu,C-Akiha,2,dor3k,F-Ryougi,0,1617651103
paddu,C-Akiha,2,dor3k,F-Ryougi,0,1617651208
paddu,C-Akiha,2,dor3k,F-Ryougi,0,1617651296
paddu,C-Akiha,2,dor3k,F-Ryougi,0,1617651403
paddu,C-Akiha,2,dor3k,F-Ryougi,0,1617651513
paddu,C-Akiha,2,dor3k,F-Ryougi,1,1617651723
paddu,C-Akiha,2,adept,F-Nero,0,1617652019
paddu,C-Akiha,2,adept,F-Nero,0,1617652109
paddu,C-Akiha,2,adept,F-Nero,0,1617652217
paddu,C-Akiha,2,adept,F-Nero,0,1617652310
paddu,C-Akiha,2,adept,F-Nero,0,1617652426
paddu,C-Akiha,2,adept,F-Nero,0,1617652558
paddu,C-Akiha,2,adept,F-Nero,0,1617652651
paddu,C-Akiha,2,adept,F-Nero,0,1617652736
paddu,C-Akiha,2,adept,F-Nero,0,1617652827
paddu,F-Maids,2,agu,C-Aoko,0,1617661236
paddu,F-Maids,2,agu,C-Aoko,0,1617661370
paddu,F-Maids,2,agu,C-Aoko,1,1617661593
paddu,F-Maids,2,agu,C-Aoko,1,1617661805
paddu,F-Maids,2,agu,C-Aoko,0,1617661930
paddu,F-Maids,2,agu,C-Aoko,0,1617662046
paddu,F-Maids,2,agu,C-Aoko,0,1617662202
paddu,F-Maids,2,agu,C-Aoko,0,1617662286
paddu,F-Maids,2,agu,C-Aoko,0,1617662438
paddu,F-Maids,2,agu,C-Aoko,0,1617662605
paddu,F-Maids,2,Ncompass,C-W.Len,0,1617720570
paddu,F-Maids,2,Ncompass,C-W.Len,0,1617720677
paddu,F-Maids,2,Ncompass,C-W.Len,0,1617720789
paddu,F-Maids,2,Ncompass,C-W.Len,0,1617720922
paddu,F-Maids,2,Ncompass,C-W.Len,0,1617721074
paddu,F-Maids,2,Ncompass,C-W.Len,0,1617721181
paddu,F-Maids,2,Ncompass,C-W.Len,0,1617721295
paddu,F-Maids,2,Ncompass,C-W.Len,0,1617721410
paddu,F-Maids,2,Ncompass,C-W.Len,0,1617721516
paddu,F-Maids,2,Ncompass,C-W.Len,0,1617721644
paddu,C-Akiha,1,teap,C-Wara,2,1617725974
paddu,C-Akiha,2,teap,C-Wara,0,1617726166
paddu,C-Akiha,2,teap,C-Wara,1,1617726365
paddu,C-Akiha,2,teap,C-Wara,0,1617726485
paddu,C-Akiha,2,teap,C-Wara,1,1617726649
paddu,C-Akiha,2,teap,C-Wara,1,1617726910
paddu,C-Akiha,2,teap,C-Wara,1,1617727119
paddu,C-Akiha,2,teap,C-Wara,0,1617727248
paddu,C-Akiha,2,teap,C-Wara,1,1617727487
paddu,C-Akiha,0,teap,C-Wara,2,1617727642
paddu,C-Akiha,2,teap,C-Wara,1,1617727837
paddu,C-Akiha,2,teap,C-Wara,0,1617727935
paddu,C-Akiha,2,Ikanistea,C-NekoMech,0,1617733124
paddu,C-Akiha,2,Ikanistea,C-NekoMech,0,1617733245
paddu,C-Akiha,2,Ikanistea,C-NekoMech,0,1617733338
paddu,C-Akiha,2,Ikanistea,C-NekoMech,0,1617733428
paddu,C-Akiha,2,Ikanistea,C-Hisui,1,1617733656
paddu,C-Akiha,2,Ikanistea,C-Hisui,0,1617733833
paddu,C-Akiha,2,Ikanistea,C-Hisui,1,1617734093
paddu,C-Akiha,2,Ikanistea,C-Hisui,0,1617734222
paddu,C-Akiha,0,Ikanistea,C-Hisui,2,1617734334
paddu,C-Akiha,0,Ikanistea,C-Hisui,2,1617734503
paddu,C-Akiha,2,Ikanistea,C-Hisui,0,1617734601
paddu,C-Akiha,0,Ikanistea,C-Hisui,2,1617734746
paddu,C-Akiha,2,Ikanistea,C-Hisui,0,1617734928
paddu,F-Maids,2,Niddog,C-Warc,0,1617739769
paddu,F-Maids,2,Niddog,C-Warc,0,1617739878
paddu,F-Maids,0,Niddog,C-Warc,2,1617740051
paddu,F-Maids,2,Niddog,C-Warc,0,1617740194
paddu,F-Maids,2,Niddog,C-Warc,0,1617740323
paddu,F-Maids,2,Niddog,C-Warc,0,1617740433
paddu,F-Maids,2,Niddog,C-Warc,0,1617740555
paddu,F-Maids,1,Niddog,C-Warc,2,1617740739
paddu,F-Maids,2,Niddog,C-Warc,1,1617740892
paddu,F-Maids,2,Niddog,C-Warc,0,1617740973
paddu,F-Maids,2,Niddog,C-Warc,1,1617741145
paddu,F-Maids,2,Niddog,C-Warc,1,1617741300
paddu,C-Roa,2,Change your name,F-Hime,0,1617749131
paddu,C-Roa,2,Change your name,F-Hime,0,1617749237
paddu,C-Roa,2,Change your name,F-Hime,0,1617749340
paddu,C-Roa,2,Change your name,F-Hime,0,1617749428
paddu,C-Roa,2,Change your name,F-Hime,0,1617749509
paddu,C-Roa,2,Change your name,F-Hime,0,1617749586
paddu,C-Roa,2,Change your name,F-Hime,0,1617749683
paddu,C-Roa,2,Change your name,F-Hime,0,1617749774
paddu,C-Roa,2,Change your name,F-Hime,0,1617749857
paddu,C-Roa,2,Change your name,F-Hime,0,1617749939
paddu,C-Akiha,2,Gibins,F-Tohno,1,1617752531
paddu,C-Akiha,2,Gibins,F-Tohno,0,1617752675
paddu,C-Akiha,2,Gibins,F-Tohno,0,1617752806
paddu,C-Akiha,1,Gibins,F-Tohno,2,1617753053
paddu,C-Akiha,0,Gibins,F-Tohno,2,1617753141
paddu,C-Akiha,2,Gibins,F-Tohno,0,1617753229
paddu,C-Akiha,2,Gibins,F-Tohno,0,1617753347
paddu,C-Akiha,2,Gibins,F-Tohno,1,1617753516
paddu,C-Akiha,2,Gibins,F-Tohno,1,1617753675
paddu,C-Akiha,2,Gibins,F-Tohno,1,1617753918
paddu,C-Akiha,1,Gibins,F-Tohno,2,1617754066
paddu,C-Akiha,2,Gibins,F-Tohno,0,1617754226
paddu,C-Akiha,2,Gibins,F-Tohno,1,1617754413
paddu,C-Akiha,2,CENTRALFICTION ENJOYER,F-Kouma,0,1617759426
paddu,C-Akiha,2,CENTRALFICTION ENJOYER,F-Kouma,0,1617759562
paddu,C-Akiha,2,CENTRALFICTION ENJOYER,F-Kouma,0,1617759686
paddu,C-Akiha,2,CENTRALFICTION ENJOYER,F-Kouma,0,1617759779
paddu,C-Akiha,2,CENTRALFICTION ENJOYER,F-Kouma,0,1617759891
paddu,C-Akiha,2,CENTRALFICTION ENJOYER,F-Kouma,0,1617759994
paddu,C-Akiha,2,CENTRALFICTION ENJOYER,F-Kouma,0,1617760114
paddu,C-Akiha,2,CENTRALFICTION ENJOYER,F-Kouma,1,1617760283
paddu,C-Akiha,2,CENTRALFICTION ENJOYER,F-Kouma,0,1617760380
paddu,C-Akiha,2,CENTRALFICTION ENJOYER,F-Kouma,0,1617760491
paddu,C-Akiha,2,CENTRALFICTION ENJOYER,F-Kouma,1,1617760707
paddu,C-Akiha,2,CENTRALFICTION ENJOYER,F-Kouma,0,1617760830
paddu,C-Akiha,2,CENTRALFICTION ENJOYER,F-Kouma,0,1617760919
paddu,C-Akiha,2,CENTRALFICTION ENJOYER,F-Kouma,0,1617761046
paddu,C-Akiha,2,CENTRALFICTION ENJOYER,F-Kouma,0,1617761165
paddu,C-Akiha,2,CENTRALFICTION ENJOYER,F-Kouma,0,1617761305
paddu,C-Akiha,2,CENTRALFICTION ENJOYER,F-Kouma,0,1617761419
paddu,C-Akiha,2,CENTRALFICTION ENJOYER,F-Kouma,0,1617761550
paddu,C-Akiha,2,CENTRALFICTION ENJOYER,F-Kouma,0,1617761666
paddu,C-Akiha,2,CENTRALFICTION ENJOYER,F-Kouma,0,1617761797
83.252.163.152,C-Akiha,2,Sojulka,F-Ries,0,1617809810
83.252.163.152,C-Akiha,2,Sojulka,F-Ries,1,1617809977
83.252.163.152,C-Akiha,2,Sojulka,F-Ries,0,1617810144
83.252.163.152,C-Akiha,2,Sojulka,F-Ries,0,1617810275
83.252.163.152,C-Akiha,2,Sojulka,F-Ries,1,1617810480
83.252.163.152,C-Akiha,2,Sojulka,F-Ries,0,1617810639
83.252.163.152,C-Akiha,2,Sojulka,F-Ries,0,1617810749
83.252.163.152,C-Akiha,2,Sojulka,F-Ries,0,1617810863
83.252.163.152,C-Akiha,2,Sojulka,F-Ries,0,1617810991
83.252.163.152,C-Akiha,2,Sojulka,F-Ries,1,1617811191
paddu,C-Akiha,2,joseph,F-Tohno,0,1617814708
paddu,C-Akiha,2,joseph,F-Tohno,0,1617814838
paddu,C-Akiha,2,joseph,F-Tohno,1,1617814986
paddu,C-Akiha,2,joseph,F-Tohno,1,1617815117
paddu,C-Akiha,2,joseph,F-Tohno,0,1617815217
paddu,C-Nero,1,joseph,C-Nero,2,1617815506
paddu,C-Nero,2,joseph,C-Nero,0,1617815604
paddu,C-Nero,2,joseph,C-Nero,0,1617815710
paddu,C-Nero,2,joseph,C-Nero,0,1617815825
paddu,C-Nero,2,joseph,C-Nero,0,1617815932
paddu,C-Nero,2,joseph,C-Nero,1,1617816101
paddu,C-Roa,2,'`),F-Warc,1,1617825707
paddu,C-Roa,1,'`),F-Warc,2,1617825855
paddu,C-Roa,2,'`),F-Warc,1,1617826019
paddu,C-Roa,2,'`),F-Warc,0,1617826135
paddu,C-Roa,0,'`),F-Warc,2,1617826220
paddu,C-Roa,2,'`),F-Warc,0,1617826367
paddu,C-Roa,0,'`),F-Warc,2,1617826462
paddu,C-Roa,0,'`),F-Warc,2,1617826558
paddu,C-Roa,2,'`),F-Warc,0,1617826669
paddu,C-Roa,2,'`),F-Warc,1,1617826818
paddu,C-Roa,1,'`),F-Warc,2,1617827013
paddu,C-Roa,0,'`),F-Warc,2,1617827119
paddu,C-Roa,2,4Bull Elnuk,C-Arc,0,1617836576
paddu,C-Roa,2,4Bull Elnuk,C-Arc,0,1617836702
paddu,C-Roa,2,4Bull Elnuk,C-Arc,0,1617836845
paddu,C-Roa,0,4Bull Elnuk,C-Arc,2,1617836953
paddu,C-Roa,2,4Bull Elnuk,C-Arc,0,1617837104
paddu,C-Roa,2,4Bull Elnuk,C-Arc,1,1617837290
paddu,C-Roa,2,4Bull Elnuk,C-Arc,0,1617837410
paddu,C-Roa,1,4Bull Elnuk,C-Arc,2,1617837586
paddu,C-Roa,2,4Bull Elnuk,C-Arc,0,1617837840
paddu,C-Roa,2,4Bull Elnuk,C-Arc,1,1617838040
paddu,C-Roa,2,4Bull Elnuk,C-Arc,0,1617838203
paddu,C-Roa,2,4Bull Elnuk,C-Arc,1,1617838409
paddu,C-Roa,2,4Bull Elnuk,C-Arc,0,1617838570
paddu,C-Roa,2,4Bull Elnuk,C-Arc,1,1617838763
paddu,C-Roa,2,4Bull Elnuk,C-Arc,0,1617838914
paddu,C-Roa,2,4Bull Elnuk,C-Arc,0,1617839065
paddu,C-Roa,2,4Bull Elnuk,C-Arc,0,1617839222
paddu,C-Roa,2,4Bull Elnuk,C-Arc,0,1617839393
paddu,C-Roa,2,Caj,F-V.Akiha,0,1617846386
paddu,C-Roa,2,Caj,F-V.Akiha,0,1617846496
paddu,C-Roa,2,Caj,F-V.Akiha,0,1617846613
paddu,C-Roa,2,Caj,F-V.Akiha,0,1617846731
paddu,C-Roa,2,Caj,F-V.Akiha,0,1617846825
paddu,C-Roa,2,Caj,F-V.Akiha,0,1617846932
paddu,C-Roa,1,Caj,F-V.Akiha,2,1617847050
paddu,C-Roa,2,Caj,F-V.Akiha,0,1617847132
paddu,C-Roa,2,Caj,F-V.Akiha,1,1617847309
paddu,C-Roa,2,Caj,F-V.Akiha,0,1617847413
paddu,C-Roa,2,Caj,F-V.Akiha,0,1617847512
paddu,C-Roa,2,Caj,F-V.Akiha,0,1617847590
paddu,C-Roa,2,Caj,F-V.Akiha,1,1617847755
paddu,C-Roa,2,Caj,F-V.Akiha,0,1617847838
paddu,C-Roa,2,Caj,F-V.Akiha,0,1617847925
paddu,C-Roa,2,Caj,F-V.Akiha,0,1617847992
paddu,C-Roa,2,Caj,F-V.Akiha,1,1617848127
paddu,C-Roa,2,Caj,F-V.Akiha,1,1617848292
paddu,C-Roa,2,Caj,F-V.Akiha,0,1617848375
paddu,C-Roa,2,Caj,F-V.Akiha,0,1617848490
paddu,C-Roa,2,Caj,F-V.Akiha,1,1617848613
paddu,C-Roa,0,insignis,C-W.Len,2,1617906321
paddu,C-Roa,0,insignis,C-W.Len,2,1617906486
paddu,C-Roa,1,insignis,C-W.Len,2,1617906684
paddu,C-Roa,2,insignis,C-W.Len,0,1617906848
paddu,C-Roa,1,insignis,C-W.Len,2,1617907020
paddu,C-Roa,1,insignis,C-W.Len,2,1617907220
paddu,C-Roa,0,insignis,C-W.Len,2,1617907367
paddu,C-Roa,2,insignis,C-W.Len,0,1617907532
paddu,C-Roa,1,insignis,C-W.Len,2,1617907782
paddu,C-Roa,2,insignis,C-W.Len,0,1617907939
paddu,C-Roa,1,insignis,C-W.Len,2,1617908165
paddu,C-Roa,1,insignis,C-W.Len,2,1617908360
paddu,C-Roa,1,insignis,C-W.Len,2,1617908626
paddu,C-W.Len,2,RINTHIGHSNOMNOM,F-Aoko,0,1617921391
paddu,C-W.Len,2,RINTHIGHSNOMNOM,F-Aoko,0,1617921490
paddu,C-W.Len,2,RINTHIGHSNOMNOM,F-Aoko,0,1617921577
paddu,C-W.Len,2,agu,C-Aoko,1,1617922500
paddu,C-W.Len,2,agu,C-Aoko,1,1617922722
paddu,C-W.Len,2,agu,C-Aoko,0,1617922834
paddu,C-W.Len,2,agu,C-Aoko,0,1617922999
paddu,C-W.Len,2,agu,C-Aoko,1,1617923221
paddu,C-W.Len,2,agu,C-Aoko,1,1617923444
paddu,C-W.Len,1,agu,C-Aoko,2,1617923716
paddu,C-W.Len,2,agu,C-Aoko,0,1617923862
paddu,C-W.Len,2,agu,C-Aoko,0,1617924023
paddu,C-Roa,2,agu,C-Aoko,0,1617924312
paddu,C-Roa,2,agu,C-Aoko,0,1617924415
paddu,C-Roa,2,agu,C-Aoko,0,1617924498
paddu,C-Roa,2,agu,C-Aoko,0,1617924627
paddu,C-Roa,2,agu,C-Aoko,0,1617924774
paddu,C-Roa,2,agu,C-Aoko,0,1617924904
paddu,C-Roa,2,agu,C-Aoko,0,1617925009
paddu,C-Roa,2,agu,C-Aoko,0,1617925105
paddu,C-Roa,2,agu,C-Aoko,0,1617925203
paddu,C-Roa,2,agu,C-Aoko,0,1617925302
paddu,C-Roa,2,agu,C-Aoko,0,1617925381
paddu,C-Roa,2,agu,C-Aoko,0,1617925471
paddu,C-Roa,2,agu,C-Aoko,0,1617925566
paddu,C-Roa,2,agu,C-Aoko,0,1617925699
paddu,C-Roa,2,agu,C-Aoko,0,1617925785
paddu,C-Roa,2,agu,C-Aoko,0,1617925913
paddu,C-Roa,2,agu,C-Aoko,0,1617926020
paddu,C-Roa,2,agu,C-Aoko,0,1617926130
paddu,C-Roa,2,agu,C-Aoko,0,1617926260
paddu,C-Roa,2,agu,C-Aoko,0,1617926369
paddu,C-Roa,2,ChurchGorilla,F-Ries,0,1617928688
paddu,C-Roa,2,ChurchGorilla,F-Ries,0,1617928783
paddu,C-Roa,2,ChurchGorilla,F-Ries,0,1617928879
paddu,C-Roa,2,ChurchGorilla,F-Ries,0,1617929004
paddu,C-Roa,2,ChurchGorilla,F-Ries,0,1617929111
paddu,C-Roa,2,ChurchGorilla,F-Ries,0,1617929216
paddu,C-Roa,2,ChurchGorilla,F-Ries,0,1617929331
paddu,C-Roa,2,ChurchGorilla,F-Ries,0,1617929409
paddu,C-Roa,2,ChurchGorilla,F-Ries,0,1617929508
paddu,C-Roa,2,ChurchGorilla,F-Ries,0,1617929622
paddu,C-Roa,2,FrogOut,H-Aoko,0,1617971063
paddu,C-Roa,2,FrogOut,H-Aoko,0,1617971144
paddu,C-Roa,0,FrogOut,H-Aoko,2,1617971254
paddu,C-Roa,2,FrogOut,H-Aoko,0,1617971335
paddu,C-Roa,2,FrogOut,H-Aoko,0,1617971489
paddu,C-Roa,2,FrogOut,H-Aoko,1,1617971674
paddu,C-Roa,2,FrogOut,H-Aoko,0,1617971790
paddu,C-Roa,2,FrogOut,H-Aoko,0,1617971913
paddu,C-Roa,2,FrogOut,H-Aoko,0,1617972043
paddu,C-Roa,2,FrogOut,H-Aoko,1,1617972182
paddu,C-Roa,2,FrogOut,H-Aoko,0,1617972292
paddu,C-Akiha,2,FrogOut,H-Aoko,0,1617972397
paddu,C-Akiha,2,FrogOut,H-Aoko,1,1617972603
paddu,C-Akiha,2,FrogOut,H-Aoko,0,1617972730
paddu,C-Akiha,2,FrogOut,H-Aoko,0,1617972845
paddu,C-Akiha,2,FrogOut,H-Aoko,0,1617972985
paddu,C-Akiha,2,FrogOut,H-Aoko,0,1617973076
paddu,C-Akiha,2,FrogOut,H-Aoko,0,1617973196
paddu,C-Akiha,2,FrogOut,H-Aoko,0,1617973326
paddu,C-Akiha,2,FrogOut,H-Aoko,0,1617973429
paddu,C-Akiha,2,FrogOut,H-Aoko,0,1617973535
paddu,C-Akiha,2,DeltaEpsilon,C-W.Len,0,1617980571
paddu,C-Akiha,2,DeltaEpsilon,C-W.Len,0,1617980683
paddu,C-Akiha,2,DeltaEpsilon,C-W.Len,0,1617980778
paddu,C-Akiha,2,DeltaEpsilon,C-W.Len,0,1617980909
paddu,C-Akiha,2,DeltaEpsilon,C-W.Len,0,1617981027
paddu,C-Akiha,2,DeltaEpsilon,C-W.Len,0,1617981158
paddu,C-Akiha,2,DeltaEpsilon,C-W.Len,0,1617981259
paddu,C-Akiha,2,DeltaEpsilon,C-W.Len,0,1617981372
paddu,C-Akiha,2,DeltaEpsilon,C-W.Len,0,1617981495
paddu,C-Akiha,1,insignis,F-Tohno,2,1617985820
paddu,C-Akiha,2,insignis,F-Tohno,0,1617985942
paddu,C-Akiha,1,insignis,F-Tohno,2,1617986113
paddu,C-Akiha,0,insignis,F-Tohno,2,1617986245
paddu,C-Akiha,1,insignis,F-Tohno,2,1617986501
paddu,C-Akiha,1,insignis,F-Tohno,2,1617986713
paddu,C-Akiha,2,insignis,F-Tohno,0,1617986897
paddu,C-Akiha,1,insignis,F-Tohno,2,1617987130
paddu,C-Akiha,1,insignis,F-Tohno,2,1617987334
paddu,C-Akiha,1,insignis,F-Tohno,2,1617987536
paddu,C-Akiha,0,insignis,F-Tohno,2,1617987665
paddu,C-Akiha,0,insignis,F-Tohno,2,1617987770
paddu,C-Nero,2,Milord's Servant,F-Ryougi,0,1617988818
paddu,C-Nero,2,Milord's Servant,F-Ryougi,0,1617988912
paddu,C-Akiha,2,Shorakyn,C-Ries,0,1617992342
paddu,C-Akiha,0,Shorakyn,C-Ries,2,1617992468
paddu,C-Akiha,2,Shorakyn,C-Ries,0,1617992688
paddu,C-Nero,1,Draig,F-Ryougi,2,1617993734
paddu,C-Nero,0,Draig,F-Ryougi,2,1617993857
paddu,H-Nero,0,insignis,F-Tohno,2,1617995988
paddu,C-Nero,0,insignis,F-Tohno,2,1617996118
paddu,C-Warc,2,Matteo,C-Akiha,0,1618010941
paddu,C-Warc,2,Matteo,C-Akiha,0,1618011069
paddu,C-Warc,2,Matteo,C-Akiha,0,1618011216
paddu,C-Warc,2,Matteo,C-Akiha,0,1618011320
paddu,C-Warc,2,Matteo,C-Akiha,0,1618011434
paddu,C-Warc,1,Matteo,C-Akiha,2,1618011676
paddu,C-Warc,1,Servalman,F-Kouma,2,1618012163
paddu,C-Warc,0,Servalman,F-Kouma,2,1618012277
paddu,C-Warc,0,Servalman,F-Kouma,2,1618012397
paddu,C-Warc,0,Servalman,F-Kouma,2,1618012551
paddu,C-Warc,0,Servalman,F-Kouma,2,1618012702
paddu,C-Warc,0,Servalman,F-Kouma,2,1618012847
paddu,C-Warc,0,Servalman,F-Kouma,2,1618012979
paddu,C-Warc,0,Servalman,F-Kouma,2,1618013126
paddu,C-Warc,1,Servalman,F-Kouma,2,1618013307
paddu,C-Warc,2,Servalman,F-Kouma,1,1618013517
paddu,C-Warc,0,Servalman,F-Kouma,2,1618013646
paddu,C-Warc,0,Yun/Steve,H-W.Len,2,1618015871
paddu,C-Warc,2,Yun/Steve,H-W.Len,1,1618016136
paddu,C-Warc,2,Yun/Steve,H-W.Len,1,1618016297
paddu,C-Warc,0,Yun/Steve,H-W.Len,2,1618016394
paddu,C-Warc,2,Yun/Steve,H-W.Len,0,1618016551
paddu,C-Warc,2,Yun/Steve,H-W.Len,0,1618016640
paddu,C-Warc,2,Yun/Steve,H-W.Len,1,1618016799
paddu,C-Warc,2,Afro Viking,F-Nero,0,1618063599
paddu,C-Warc,2,Afro Viking,F-Nero,1,1618063811
paddu,C-Warc,2,Afro Viking,F-Nero,0,1618063932
paddu,C-Warc,2,Afro Viking,F-Nero,0,1618064099
paddu,C-Warc,0,Afro Viking,F-Nero,2,1618064243
paddu,C-Warc,2,Afro Viking,F-Nero,1,1618064491
paddu,C-Warc,2,Afro Viking,F-Nero,1,1618064697
paddu,C-Warc,2,Afro Viking,F-Nero,0,1618064797
paddu,C-Warc,2,Afro Viking,F-Nero,1,1618065039
paddu,C-Warc,2,Afro Viking,F-Nero,1,1618065257
paddu,C-Warc,2,Afro Viking,F-Nero,0,1618065395
paddu,C-Warc,1,oufan,H-W.Len,2,1618065705
paddu,C-Warc,0,oufan,H-W.Len,2,1618065822
paddu,C-Warc,0,oufan,H-W.Len,2,1618065966
paddu,C-Warc,0,oufan,H-W.Len,2,1618066083
paddu,C-Warc,1,oufan,H-W.Len,2,1618066289
paddu,C-Warc,0,oufan,H-W.Len,2,1618066418
paddu,C-Warc,0,oufan,H-W.Len,2,1618066550
paddu,C-Warc,0,oufan,H-W.Len,2,1618066702
paddu,C-Warc,1,oufan,H-W.Len,2,1618066850
paddu,C-Warc,0,oufan,H-W.Len,2,1618066939
paddu,C-Warc,2,oufan,H-W.Len,1,1618067075
paddu,C-Warc,1,oufan,H-W.Len,2,1618067305
paddu,C-Warc,1,oufan,H-W.Len,2,1618067457
paddu,C-Warc,0,oufan,H-W.Len,2,1618067556
paddu,C-Warc,0,oufan,H-W.Len,2,1618067652
paddu,C-Warc,0,oufan,H-W.Len,2,1618067782
paddu,C-Warc,0,oufan,H-W.Len,2,1618067908
paddu,C-Warc,0,oufan,H-W.Len,2,1618068017
paddu,C-Warc,2,oufan,H-W.Len,1,1618068241
paddu,C-Warc,0,oufan,H-W.Len,2,1618068341
paddu,C-Warc,0,oufan,H-W.Len,2,1618068452
paddu,C-Warc,1,oufan,H-W.Len,2,1618068601
paddu,C-Warc,2,oufan,H-W.Len,0,1618068726
paddu,C-Warc,0,oufan,H-W.Len,2,1618068855
paddu,C-Warc,0,oufan,H-W.Len,2,1618068947
paddu,C-Warc,2,Matteo,C-Akiha,0,1618092436
paddu,C-Warc,2,Matteo,C-Akiha,0,1618092545
paddu,C-Warc,2,Matteo,C-Akiha,0,1618092689
paddu,C-Warc,2,Matteo,C-Akiha,0,1618092854
paddu,C-Warc,2,Matteo,C-Akiha,1,1618093029
paddu,C-Warc,2,Matteo,C-Akiha,0,1618093158
paddu,C-Warc,2,Matteo,C-Akiha,0,1618093275
paddu,C-Warc,2,Matteo,C-Akiha,0,1618093424
paddu,C-Warc,2,Matteo,C-Akiha,0,1618093586
paddu,C-Warc,2,Matteo,C-Akiha,0,1618093704
paddu,C-Warc,2,shit in a bag > bag in shit,F-Wara,1,1618094975
paddu,C-Warc,2,shit in a bag > bag in shit,F-Wara,0,1618095084
paddu,C-Warc,2,shit in a bag > bag in shit,F-Wara,0,1618095231
paddu,C-Warc,2,shit in a bag > bag in shit,F-Wara,0,1618095324
paddu,C-Warc,1,shit in a bag > bag in shit,F-Wara,2,1618095515
paddu,C-Warc,2,shit in a bag > bag in shit,F-Wara,0,1618095630
paddu,C-Warc,2,shit in a bag > bag in shit,F-Wara,0,1618095778
paddu,C-Warc,2,shit in a bag > bag in shit,F-Wara,0,1618095881
paddu,C-Warc,2,shit in a bag > bag in shit,F-Wara,0,1618095977
paddu,C-Warc,2,shit in a bag > bag in shit,F-Wara,1,1618096238
paddu,C-Warc,2,shit in a bag > bag in shit,F-Wara,0,1618096386
paddu,C-Warc,2,shit in a bag > bag in shit,F-Wara,0,1618096493
paddu,C-Warc,2,shit in a bag > bag in shit,F-Roa,1,1618096705
paddu,C-Warc,2,shit in a bag > bag in shit,F-Roa,0,1618096807
paddu,C-Warc,2,shit in a bag > bag in shit,F-Roa,1,1618097033
paddu,C-Warc,2,Caj,F-V.Akiha,1,1618100321
paddu,C-Warc,2,Caj,F-V.Akiha,1,1618100510
paddu,C-Warc,1,Caj,F-V.Akiha,2,1618100634
paddu,C-Warc,2,Caj,F-V.Akiha,0,1618100725
paddu,C-Warc,2,Caj,F-V.Akiha,0,1618100852
paddu,C-Warc,2,Caj,F-V.Akiha,0,1618100974
paddu,C-Warc,1,Caj,F-V.Akiha,2,1618101124
paddu,C-Warc,2,Caj,F-V.Akiha,1,1618101262
paddu,C-Warc,2,neXus,C-Ryougi,0,1618105491
paddu,C-Warc,2,neXus,C-Ryougi,0,1618105628
paddu,C-Warc,2,neXus,C-Ryougi,0,1618105726
paddu,C-Warc,2,neXus,C-Ryougi,0,1618105837
paddu,C-Warc,2,neXus,C-Ryougi,0,1618105936
paddu,C-Warc,2,neXus,C-Ryougi,0,1618106093
paddu,C-Warc,2,neXus,C-Ryougi,0,1618106194
paddu,C-Warc,2,neXus,C-Ryougi,0,1618106296
paddu,C-Warc,2,neXus,C-Ryougi,1,1618106529
paddu,C-Warc,2,neXus,C-Ryougi,0,1618106630
paddu,C-Warc,2,neXus,C-Ryougi,0,1618106710
paddu,C-Warc,2,neXus,C-Ryougi,0,1618106844
paddu,C-Warc,2,neXus,C-Ryougi,0,1618106984
paddu,C-Warc,2,neXus,C-Ryougi,0,1618107147
paddu,C-Warc,2,neXus,C-Ryougi,0,1618107243
paddu,C-Warc,2,neXus,C-Ryougi,0,1618107316
paddu,C-Warc,2,neXus,C-Ryougi,0,1618107418
paddu,C-Warc,2,neXus,C-Ryougi,0,1618107591
paddu,C-Warc,2,neXus,C-Ryougi,0,1618107736
paddu,C-Warc,2,neXus,C-Ryougi,0,1618107838
paddu,C-Warc,0,   Kei the Digimon Lover,C-Satsuki,2,1618141387
paddu,C-Warc,1,   Kei the Digimon Lover,C-Satsuki,2,1618141550
paddu,C-Warc,0,   Kei the Digimon Lover,C-Satsuki,2,1618141673
paddu,C-Warc,2,   Kei the Digimon Lover,C-Satsuki,1,1618141867
paddu,C-Warc,0,   Kei the Digimon Lover,C-Satsuki,2,1618141994
paddu,C-Warc,2,   Kei the Digimon Lover,C-Satsuki,0,1618142083
paddu,C-Warc,2,   Kei the Digimon Lover,C-Satsuki,0,1618142173
paddu,C-Warc,1,   Kei the Digimon Lover,C-Satsuki,2,1618142349
paddu,C-Warc,1,   Kei the Digimon Lover,C-Satsuki,2,1618142569
paddu,C-Warc,2,   Kei the Digimon Lover,C-Satsuki,1,1618142733
paddu,C-Warc,0,   Kei the Digimon Lover,C-Satsuki,2,1618142887
paddu,C-Warc,0,   Kei the Digimon Lover,C-Satsuki,2,1618143033
paddu,C-Warc,2,   Kei the Digimon Lover,C-Satsuki,0,1618143142
paddu,C-Warc,0,   Kei the Digimon Lover,C-Satsuki,2,1618143269
paddu,C-Warc,2,   Kei the Digimon Lover,C-Satsuki,0,1618143351
paddu,C-Warc,2,   Kei the Digimon Lover,C-Satsuki,1,1618143493
paddu,C-Warc,0,   Kei the Digimon Lover,C-Satsuki,2,1618143615
paddu,C-Warc,2,   Kei the Digimon Lover,C-Satsuki,1,1618143808
paddu,C-Warc,1,   Kei the Digimon Lover,C-Satsuki,2,1618143952
paddu,C-Warc,2,   Kei the Digimon Lover,C-Satsuki,1,1618144118
paddu,C-Warc,2,   Kei the Digimon Lover,C-Satsuki,0,1618144292
paddu,C-Warc,2,Demi,F-Len,0,1618145086
paddu,C-Warc,2,Demi,F-Len,0,1618145189
paddu,C-Warc,2,Demi,F-Len,0,1618145320
paddu,C-Warc,2,Demi,F-Len,0,1618145413
paddu,C-Warc,2,Demi,F-Len,0,1618145533
paddu,C-Warc,2,Demi,F-Len,0,1618145632
paddu,C-Warc,2,Demi,F-Len,0,1618145738
paddu,C-Warc,0,PA,C-Aoko,2,1618147278
paddu,C-Warc,0,PA,C-Aoko,2,1618147450
paddu,C-Warc,1,PA,C-Aoko,2,1618147654
paddu,C-Warc,2,PA,C-Aoko,1,1618147846
paddu,C-Warc,1,PA,C-Aoko,2,1618148083
paddu,C-Warc,0,PA,C-Aoko,2,1618148191
paddu,C-Warc,2,PA,C-Aoko,0,1618148323
paddu,C-Warc,2,PA,C-Aoko,1,1618148508
paddu,C-Warc,0,PA,C-Aoko,2,1618148650
paddu,C-Warc,2,PA,C-Aoko,1,1618148839
paddu,C-Warc,0,PA,C-Aoko,2,1618149014
paddu,C-Warc,1,PA,C-Aoko,2,1618149219
paddu,C-Warc,0,PA,C-Aoko,2,1618149314
paddu,C-Warc,1,PA,C-Aoko,2,1618149534
paddu,C-Warc,1,PA,C-Aoko,2,1618149723
paddu,C-Warc,1,PA,C-Aoko,2,1618149865
paddu,C-Warc,2,PA,C-Aoko,0,1618150026
paddu,C-Warc,0,PA,C-Aoko,2,1618150157
paddu,C-Warc,2,PA,C-Aoko,1,1618150333
paddu,C-Warc,2,PA,C-Aoko,1,1618150555
paddu,C-Warc,2,Featherine,F-V.Akiha,1,1618151096
paddu,C-Warc,2,Featherine,F-V.Akiha,0,1618151186
paddu,C-Warc,2,Featherine,F-V.Akiha,0,1618151293
paddu,C-Warc,2,Featherine,F-V.Akiha,1,1618151423
paddu,C-Warc,2,Featherine,F-V.Akiha,0,1618151523
paddu,C-Warc,2,Featherine,F-V.Akiha,0,1618151673
paddu,C-Warc,2,Featherine,F-V.Akiha,0,1618151751
paddu,C-Warc,2,Featherine,F-V.Akiha,0,1618151833
paddu,C-Warc,2,Featherine,F-V.Akiha,1,1618151981
paddu,C-Warc,2,JDacies,H-Len,0,1618155956
paddu,C-Warc,2,JDacies,H-Len,0,1618156042
paddu,C-Warc,2,JDacies,H-Len,0,1618156178
paddu,C-Warc,2,JDacies,H-Len,1,1618156332
paddu,C-Warc,2,JDacies,H-Len,0,1618156447
paddu,C-Warc,2,JDacies,H-Len,0,1618156545
paddu,C-Warc,2,JDacies,H-Len,0,1618156640
paddu,C-Warc,2,JDacies,H-Len,0,1618156742
paddu,C-Warc,2,JDacies,H-Len,0,1618156827
paddu,C-Warc,2,JDacies,H-Len,0,1618156907
paddu,C-Warc,2,JDacies,H-Len,0,1618157001
paddu,C-Warc,2,JDacies,H-Len,0,1618157098
paddu,C-Warc,2,JDacies,H-Len,0,1618157181
paddu,C-Warc,2,JDacies,H-Len,0,1618157282
paddu,C-Warc,2,JDacies,H-Len,0,1618157399
paddu,C-Warc,2,JDacies,H-Len,0,1618157532
paddu,C-Warc,2,JDacies,H-Len,0,1618157651
paddu,C-Warc,2,JDacies,H-Len,0,1618157757
paddu,C-Warc,2,JDacies,H-Len,0,1618157842
paddu,C-Warc,2,JDacies,H-Len,0,1618157953
83.252.163.152,C-Warc,2,Change your name,F-Nero,0,1618185199
83.252.163.152,C-Warc,2,Change your name,F-Nero,0,1618185322
83.252.163.152,C-Warc,2,Change your name,F-Nero,0,1618185450
83.252.163.152,C-Warc,2,Change your name,F-Nero,0,1618185579
83.252.163.152,C-Warc,2,Change your name,F-Nero,0,1618185698
83.252.163.152,C-Warc,1,Change your name,F-Nero,2,1618185919
83.252.163.152,C-Warc,2,Change your name,F-Nero,1,1618186112
83.252.163.152,C-Warc,2,Change your name,F-Nero,0,1618186241
83.252.163.152,C-Warc,2,Change your name,F-Nero,0,1618186365
83.252.163.152,C-Warc,2,Change your name,F-Nero,0,1618186479
83.252.163.152,C-Warc,2,Change your name,F-Nero,1,1618186690
83.252.163.152,C-Warc,2,Change your name,F-Nero,0,1618186843
83.252.163.152,C-Warc,2,Change your name,F-Nero,0,1618186966
83.252.163.152,C-Warc,2,Change your name,F-Nero,1,1618187137
83.252.163.152,C-Warc,2,Change your name,F-Nero,0,1618187265
83.252.163.152,C-Warc,0,Change your name,F-Nero,2,1618187379
83.252.163.152,C-Warc,2,Change your name,F-Nero,0,1618187494
83.252.163.152,C-Warc,2,Change your name,F-Nero,0,1618187615
paddu,C-Warc,2,86.44.146.146,H-Aoko,0,1618238284
paddu,C-Warc,2,86.44.146.146,H-Aoko,0,1618238398
paddu,C-Warc,2,86.44.146.146,H-Aoko,0,1618238496
paddu,C-Warc,2,86.44.146.146,H-Aoko,0,1618238584
paddu,C-Warc,2,86.44.146.146,H-Aoko,0,1618238654
paddu,C-Warc,2,86.44.146.146,H-Aoko,0,1618238737
paddu,C-Warc,2,86.44.146.146,H-Aoko,0,1618238829
paddu,C-Warc,2,86.44.146.146,H-Aoko,0,1618238917
paddu,C-Warc,2,86.44.146.146,H-Aoko,0,1618239030
paddu,C-Warc,2,4Bull Elnuk,C-Arc,1,1618240116
paddu,C-Warc,2,4Bull Elnuk,C-Arc,1,1618240281
paddu,C-Warc,1,4Bull Elnuk,C-Arc,2,1618240505
paddu,C-Warc,2,4Bull Elnuk,C-Arc,0,1618240616
paddu,C-Warc,2,4Bull Elnuk,C-Arc,0,1618240793
paddu,C-Warc,2,4Bull Elnuk,C-Arc,1,1618241059
paddu,C-Warc,0,4Bull Elnuk,C-Arc,2,1618241257
paddu,C-Warc,2,4Bull Elnuk,C-Arc,1,1618241482
paddu,C-Warc,2,4Bull Elnuk,C-Arc,1,1618241737
paddu,C-Warc,2,4Bull Elnuk,C-Arc,1,1618241926
paddu,C-Warc,0,4Bull Elnuk,C-Arc,2,1618242070
paddu,C-Warc,2,4Bull Elnuk,C-Arc,0,1618242237
paddu,C-Warc,2,4Bull Elnuk,C-Arc,1,1618242438
paddu,C-Warc,2,Chay Benji,F-P.Ciel,0,1618243293
paddu,C-Warc,2,Chay Benji,F-P.Ciel,0,1618243427
paddu,C-Warc,2,Chay Benji,F-P.Ciel,0,1618243986
paddu,C-Warc,2,Chay Benji,F-P.Ciel,0,1618244091
paddu,C-Warc,2,Chay Benji,F-P.Ciel,0,1618244219
paddu,C-Warc,2,Chay Benji,F-P.Ciel,0,1618244344
paddu,C-Warc,2,Chay Benji,F-P.Ciel,0,1618244466
paddu,C-Warc,2,Chay Benji,F-P.Ciel,0,1618244630
paddu,C-Warc,2,Chay Benji,F-P.Ciel,1,1618244862
paddu,C-Warc,2,Chay Benji,F-P.Ciel,0,1618244960
paddu,C-Warc,2,Chay Benji,F-P.Ciel,0,1618245052
paddu,C-Warc,2,Chay Benji,F-P.Ciel,0,1618245180
paddu,C-Warc,2,Chay Benji,F-P.Ciel,0,1618245314
paddu,C-Warc,2,Chay Benji,F-P.Ciel,1,1618245502
paddu,C-Warc,2,Chay Benji,F-P.Ciel,0,1618245630
paddu,C-Warc,2,Change your name,F-Wara,0,1618252396
paddu,C-Warc,2,Change your name,F-Wara,0,1618252495
paddu,C-Warc,2,Change your name,F-Wara,1,1618252644
paddu,C-Warc,2,Change your name,F-Wara,0,1618252759
paddu,C-Warc,2,Niddog,C-Warc,0,1618253221
paddu,C-Warc,2,Niddog,C-Warc,0,1618253312
paddu,C-Warc,2,Niddog,C-Warc,0,1618253418
paddu,C-Warc,2,Niddog,C-Warc,0,1618253495
paddu,C-Warc,2,Niddog,C-Warc,0,1618253638
paddu,C-Warc,2,Niddog,C-Warc,0,1618253776
paddu,C-Warc,2,Niddog,C-Warc,0,1618253884
paddu,C-Warc,2,Niddog,C-Warc,0,1618253985
paddu,C-Warc,2,Niddog,C-Warc,0,1618254146
paddu,C-Warc,2,Niddog,C-Warc,1,1618254333
paddu,C-Warc,2,Niddog,C-Warc,1,1618254497
paddu,C-Warc,2,Niddog,C-Warc,0,1618254622
paddu,C-Warc,2,Niddog,C-Warc,1,1618254745
paddu,C-Warc,2,Niddog,C-Warc,0,1618254831
paddu,C-Warc,2,Niddog,C-Warc,1,1618254993
paddu,C-Warc,2,Jiraymin,C-W.Len,0,1618256709
paddu,C-Warc,2,Jiraymin,C-W.Len,1,1618256899
paddu,C-Warc,2,Jiraymin,C-W.Len,1,1618257080
paddu,C-Warc,1,Jiraymin,C-W.Len,2,1618257286
paddu,C-Warc,2,Jiraymin,C-W.Len,0,1618257413
paddu,C-Warc,1,Jiraymin,C-W.Len,2,1618257579
paddu,C-Warc,2,Jiraymin,C-W.Len,1,1618257755
paddu,C-Warc,2,Jiraymin,C-W.Len,0,1618257873
paddu,C-Warc,2,Jiraymin,C-W.Len,1,1618258052
paddu,C-Warc,2,Jiraymin,C-W.Len,1,1618258221
paddu,C-Warc,2,Jiraymin,C-W.Len,0,1618258371
paddu,C-Warc,2,Jiraymin,C-W.Len,0,1618258475
paddu,C-Warc,2,Jiraymin,C-W.Len,1,1618258663
paddu,C-Warc,2,Jiraymin,C-W.Len,1,1618258911
paddu,C-Warc,1,Jiraymin,C-W.Len,2,1618259101
paddu,C-Warc,2,Jiraymin,C-W.Len,1,1618259298
paddu,C-Warc,2,Morpheus,C-Ciel,0,1618267688
paddu,C-Warc,2,Morpheus,C-Ciel,1,1618267893
paddu,C-Warc,2,Morpheus,C-Ciel,0,1618268004
paddu,C-Warc,0,Morpheus,C-Ciel,2,1618268120
paddu,C-Warc,2,Morpheus,C-Ciel,1,1618268302
paddu,C-Warc,2,Morpheus,C-Ciel,1,1618268471
paddu,C-Warc,2,ChurchGorilla,F-Ries,0,1618302000
paddu,C-Warc,2,ChurchGorilla,F-Ries,0,1618302087
paddu,C-Warc,2,ChurchGorilla,F-Ries,0,1618302214
paddu,C-Warc,2,ChurchGorilla,F-Ries,1,1618302420
paddu,C-Warc,2,ChurchGorilla,F-Ries,0,1618302539
paddu,C-Warc,2,ChurchGorilla,F-Ries,0,1618302655
paddu,C-Warc,2,ChurchGorilla,F-Ries,1,1618302828
paddu,C-Warc,2,ChurchGorilla,F-Ries,0,1618302945
paddu,C-Warc,2,ChurchGorilla,F-Ries,1,1618303103
paddu,C-Warc,2,ChurchGorilla,F-Ries,0,1618303215
paddu,C-Warc,2,ChurchGorilla,F-Ries,0,1618303321
paddu,C-Warc,2,ChurchGorilla,F-Ries,0,1618303448
paddu,C-Warc,2,ChurchGorilla,F-Ries,1,1618303680
paddu,C-Warc,2,ChurchGorilla,F-Ries,0,1618303783
paddu,C-Warc,2,ChurchGorilla,F-Ries,1,1618303964
paddu,C-Warc,2,ChurchGorilla,F-Ries,0,1618304072
paddu,C-Warc,2,ChurchGorilla,F-Ries,0,1618304179
paddu,C-Warc,0,ChurchGorilla,F-Ries,2,1618304342
paddu,C-Warc,2,ChurchGorilla,F-Ries,0,1618304433
paddu,C-Warc,2,ChurchGorilla,F-Ries,0,1618304564
paddu,C-Warc,2,ChurchGorilla,F-Ries,0,1618304741
paddu,C-Warc,2,teapS,C-Tohno,0,1618430798
paddu,C-Warc,2,teapS,C-Tohno,0,1618430910
paddu,C-Warc,2,teapS,C-Tohno,0,1618431007
paddu,C-Warc,0,teapS,C-Tohno,2,1618431138
paddu,C-Warc,1,teapS,C-Tohno,2,1618431322
paddu,C-Warc,2,teapS,C-Tohno,0,1618431474
paddu,C-Warc,2,teapS,C-Tohno,0,1618431570
paddu,C-Warc,2,teapS,C-Tohno,0,1618431721
paddu,C-Warc,2,teapS,C-Tohno,0,1618431845
paddu,C-Warc,2,teapS,C-Tohno,0,1618431936
paddu,C-Warc,2,teapS,C-Tohno,1,1618432181
paddu,C-Warc,0,teapS,C-Tohno,2,1618432331
paddu,C-Warc,2,teapS,C-Tohno,0,1618432459
paddu,C-Warc,2,Matteo,C-Akiha,0,1618442339
paddu,C-Warc,2,Matteo,C-Akiha,0,1618442419
paddu,C-Warc,2,Matteo,C-Akiha,0,1618442541
paddu,C-Warc,2,Matteo,C-Akiha,0,1618442678
paddu,C-Warc,2,Matteo,C-Akiha,0,1618442796
paddu,C-Warc,2,Matteo,C-Akiha,0,1618442874
paddu,C-Warc,2,Matteo,C-Akiha,0,1618442977
paddu,C-Warc,2,Matteo,C-Akiha,1,1618443120
paddu,C-Warc,2,Matteo,C-Akiha,0,1618443302
paddu,C-Warc,2,Matteo,C-Akiha,0,1618443412
paddu,C-Warc,2,Matteo,C-Akiha,0,1618443518
paddu,C-Warc,2,Matteo,C-Akiha,0,1618443651
paddu,C-Warc,2,Matteo,C-Akiha,0,1618443754
paddu,C-Warc,2,Matteo,C-Akiha,0,1618443894
paddu,C-Warc,2,Matteo,C-Akiha,0,1618444019
paddu,C-Warc,2,Matteo,C-Akiha,0,1618444167
paddu,C-Warc,2,Matteo,C-Akiha,0,1618444289
paddu,C-Warc,2,Matteo,C-Akiha,0,1618444415
paddu,C-Warc,2,Matteo,C-Akiha,1,1618444601
paddu,C-Warc,2,Matteo,C-Akiha,0,1618444709
paddu,C-Warc,0,smo,C-Arc,2,1618493913
paddu,C-Warc,1,smo,C-Arc,2,1618494052
paddu,C-Warc,2,smo,C-Arc,0,1618494165
paddu,C-Warc,2,smo,C-Arc,1,1618494369
paddu,C-Warc,2,smo,C-Arc,0,1618494477
paddu,C-Warc,2,smo,C-Arc,0,1618494582
paddu,C-Warc,2,smo,C-Arc,0,1618494741
paddu,C-Warc,2,smo,C-Arc,0,1618494838
paddu,C-Warc,2,smo,C-Arc,0,1618494974
paddu,C-Warc,2,smo,C-Arc,1,1618495181
paddu,C-Warc,1,smo,C-Arc,2,1618495374
paddu,C-Warc,2,smo,C-Arc,0,1618495477
paddu,C-Warc,2,smo,C-Arc,1,1618495685
paddu,C-Warc,2,oufan,F-Kouma,0,1618509631
paddu,C-Warc,2,oufan,F-Kouma,1,1618509850
paddu,C-Warc,0,oufan,F-Kouma,2,1618509963
paddu,C-Warc,0,oufan,F-Kouma,2,1618510111
paddu,C-Warc,0,oufan,F-Kouma,2,1618510201
paddu,C-Warc,1,oufan,F-Kouma,2,1618510385
paddu,C-Warc,0,oufan,F-Kouma,2,1618510493
paddu,C-Warc,0,oufan,F-Kouma,2,1618510626
paddu,C-Warc,0,oufan,F-Kouma,2,1618510817
paddu,C-Warc,1,oufan,F-Kouma,2,1618510994
paddu,C-Warc,1,oufan,F-Kouma,2,1618511143
paddu,C-Warc,0,oufan,F-Kouma,2,1618511270
paddu,C-Warc,2,Servalman,C-Nero,1,1618525897
paddu,C-Warc,0,Servalman,C-Nero,2,1618526061
paddu,C-Warc,1,Servalman,C-Nero,2,1618526324
paddu,C-Warc,0,Servalman,C-Nero,2,1618526479
paddu,C-Warc,1,Servalman,C-Nero,2,1618526702
paddu,C-Warc,1,Servalman,C-Nero,2,1618526923
paddu,C-Warc,0,Servalman,C-Nero,2,1618527085
paddu,C-Warc,1,Servalman,C-Nero,2,1618527260
paddu,C-Warc,1,Servalman,C-Nero,2,1618527520
paddu,C-Warc,0,Servalman,C-Nero,2,1618527654
paddu,C-Warc,1,Servalman,C-Nero,2,1618527876
paddu,C-Warc,2,Houssam (Wifi Warrior),C-Kouma,1,1618578899
paddu,C-Warc,2,Houssam (Wifi Warrior),C-Kouma,1,1618579037
paddu,C-Warc,0,Houssam (Wifi Warrior),C-Kouma,2,1618579126
paddu,C-Warc,2,Houssam (Wifi Warrior),C-Kouma,1,1618579270
paddu,C-Warc,2,Houssam (Wifi Warrior),C-Kouma,1,1618579413
paddu,C-Warc,2,Houssam (Wifi Warrior),C-Kouma,0,1618579533
paddu,C-Warc,2,Houssam (Wifi Warrior),C-Kouma,1,1618579674
paddu,C-Warc,2,Houssam (Wifi Warrior),C-Kouma,1,1618579903
paddu,C-Warc,2,Houssam (Wifi Warrior),C-Kouma,0,1618579993
paddu,C-Warc,2,Houssam (Wifi Warrior),C-Kouma,0,1618580108
paddu,C-Warc,2,Houssam (Wifi Warrior),C-Kouma,0,1618580208
paddu,C-Warc,2,Houssam (Wifi Warrior),C-Kouma,1,1618580377
paddu,C-Warc,2,Houssam (Wifi Warrior),C-Kouma,1,1618580565
paddu,C-Warc,2,Houssam (Wifi Warrior),C-Kouma,0,1618580698
paddu,C-Warc,1,Houssam (Wifi Warrior),C-Kouma,2,1618580865
paddu,C-Warc,2,Houssam (Wifi Warrior),C-Kouma,0,1618580954
paddu,C-Warc,0,Houssam (Wifi Warrior),C-Kouma,2,1618581057
paddu,C-Warc,2,Houssam (Wifi Warrior),C-Kouma,1,1618581189
paddu,C-Warc,2,Houssam (Wifi Warrior),C-Kouma,0,1618581274
paddu,C-Warc,2,Houssam (Wifi Warrior),C-Kouma,0,1618581385
paddu,C-Warc,2,Houssam (Wifi Warrior),C-Kouma,0,1618581475
paddu,C-Warc,2,Houssam (Wifi Warrior),C-Kouma,0,1618581593
paddu,C-Warc,1,Houssam (Wifi Warrior),C-Kouma,2,1618581769
paddu,C-Warc,2,Houssam (Wifi Warrior),C-Kouma,0,1618581866
paddu,C-Warc,2,agu,C-Aoko,0,1618586118
paddu,C-Warc,2,agu,C-Aoko,0,1618586270
paddu,C-Warc,2,agu,C-Aoko,0,1618586373
paddu,C-Warc,2,agu,C-Aoko,0,1618586469
paddu,C-Warc,2,agu,C-Aoko,0,1618586569
paddu,C-Warc,2,agu,C-Aoko,0,1618586712
paddu,C-Warc,2,agu,C-Aoko,0,1618586858
paddu,C-Warc,2,agu,C-Aoko,0,1618586938
paddu,C-Warc,2,agu,C-Aoko,0,1618587056
paddu,C-Warc,2,agu,C-Aoko,0,1618587205
paddu,C-Warc,2,agu,C-Aoko,0,1618587340
paddu,C-Warc,2,agu,C-Aoko,0,1618587452
paddu,C-Warc,2,agu,C-Aoko,0,1618587569
paddu,C-Warc,2,agu,C-Aoko,1,1618587791
paddu,C-Warc,2,agu,C-Aoko,0,1618587958
paddu,C-Warc,2,agu,C-Aoko,0,1618588049
paddu,C-Warc,2,agu,C-Aoko,1,1618588213
paddu,C-Warc,2,agu,C-Aoko,0,1618588320
paddu,C-Warc,2,agu,C-Aoko,0,1618588445
paddu,C-Warc,2,agu,C-Aoko,1,1618588662
paddu,C-Warc,2,Nift,C-Tohno,0,1618592978
paddu,C-Warc,2,Nift,C-Tohno,1,1618593135
paddu,C-Warc,2,Nift,C-Tohno,0,1618593245
paddu,C-Warc,2,Nift,C-Tohno,0,1618593324
paddu,C-Warc,2,Nift,C-Tohno,0,1618593440
paddu,C-Warc,2,Nift,C-Tohno,1,1618593626
paddu,C-Warc,2,Nift,C-Tohno,1,1618593808
paddu,C-Warc,2,Nift,C-Tohno,0,1618593930
paddu,C-Warc,1,Nift,C-Tohno,2,1618594100
paddu,C-Warc,2,Nift,C-Tohno,0,1618594220
paddu,C-Warc,2,Nift,C-Tohno,0,1618594317
paddu,C-Warc,0,insignis,C-Sion,2,1618596178
paddu,C-Warc,2,insignis,C-Sion,1,1618596349
paddu,C-Warc,1,insignis,C-Sion,2,1618596512
paddu,C-Warc,2,insignis,C-Sion,1,1618596657
paddu,C-Warc,1,insignis,C-Sion,2,1618596822
paddu,C-Warc,2,insignis,C-Sion,0,1618596945
paddu,C-Warc,0,insignis,C-Sion,2,1618597028
paddu,C-Warc,0,insignis,C-Sion,2,1618597150
paddu,C-Warc,0,insignis,C-Sion,2,1618597244
paddu,C-Warc,1,insignis,C-Sion,2,1618597442
paddu,C-Warc,0,insignis,C-Sion,2,1618597591
paddu,C-Warc,1,insignis,C-Sion,2,1618597803
paddu,C-Warc,0,insignis,C-Sion,2,1618597913
paddu,C-Warc,2,Change your name,F-Miyako,0,1618600802
paddu,C-Warc,2,Change your name,F-Miyako,0,1618600872
paddu,C-Warc,2,Magemo,H-Ries,1,1618601195
paddu,C-Warc,2,Magemo,H-Ries,1,1618601399
paddu,C-Warc,2,Magemo,H-Ries,0,1618601549
paddu,C-Warc,2,Magemo,H-Ries,0,1618601676
paddu,C-Warc,0,Magemo,H-Ries,2,1618601794
paddu,C-Warc,1,Magemo,H-Ries,2,1618601950
paddu,C-Warc,2,Magemo,H-Ries,0,1618602038
paddu,C-Warc,2,Magemo,H-Ries,1,1618602191
paddu,C-M.Hisui,2,Magemo,H-Ries,0,1618602324
paddu,C-M.Hisui,0,Magemo,H-Ries,2,1618602482
paddu,C-M.Hisui,2,Magemo,H-Ries,0,1618602582
paddu,C-M.Hisui,2,Magemo,H-Ries,0,1618602712
paddu,C-M.Hisui,2,Magemo,H-Ries,1,1618602935
paddu,C-M.Hisui,2,Magemo,H-Ries,0,1618603039
paddu,C-M.Hisui,2,Magemo,H-Ries,1,1618603290
paddu,C-M.Hisui,2,Eskagasse,F-Satsuki,0,1618677279
paddu,C-M.Hisui,2,Eskagasse,F-Satsuki,0,1618677412
paddu,C-M.Hisui,2,Eskagasse,F-Satsuki,0,1618677513
paddu,C-M.Hisui,2,Eskagasse,F-Satsuki,0,1618677634
paddu,C-M.Hisui,2,Eskagasse,F-Satsuki,0,1618677770
paddu,C-M.Hisui,2,Eskagasse,F-Satsuki,0,1618677888
paddu,C-M.Hisui,2,Eskagasse,F-Satsuki,0,1618677998
paddu,C-M.Hisui,2,Eskagasse,F-Satsuki,0,1618678109
paddu,C-M.Hisui,2,Eskagasse,F-Satsuki,0,1618678227
paddu,C-M.Hisui,2,Eskagasse,F-Satsuki,1,1618678399
paddu,C-NekoMech,0,Gibins,F-Tohno,2,1618687152
paddu,C-NekoMech,0,Gibins,F-Tohno,2,1618687295
paddu,C-NekoMech,1,Gibins,F-Tohno,2,1618687457
paddu,C-NekoMech,2,Gibins,F-Tohno,0,1618687570
paddu,C-NekoMech,0,Gibins,F-Tohno,2,1618687695
paddu,C-NekoMech,0,Gibins,F-Tohno,2,1618687789
paddu,C-NekoMech,2,Gibins,F-Tohno,0,1618688671
paddu,C-NekoMech,0,Gibins,F-Tohno,2,1618688791
paddu,C-NekoMech,0,Gibins,F-Tohno,2,1618688881
paddu,C-NekoMech,1,Gibins,F-Tohno,2,1618689043
paddu,C-NekoMech,0,Gibins,F-Tohno,2,1618689152
paddu,C-NekoMech,2,Gibins,F-Tohno,0,1618689250
paddu,C-NekoMech,2,Gibins,F-Tohno,0,1618689368
paddu,C-NekoMech,2,Gibins,F-Tohno,1,1618689532
paddu,C-NekoMech,1,Gibins,F-Tohno,2,1618689655
paddu,C-NekoMech,1,Gibins,F-Tohno,2,1618689817
paddu,C-NekoMech,2,Gibins,F-Tohno,1,1618689971
paddu,C-NekoMech,2,Gibins,F-Tohno,0,1618690126
paddu,C-NekoMech,0,Gibins,F-Tohno,2,1618690224
paddu,C-NekoMech,0,Asciux,F-Nero,2,1618692505
paddu,C-NekoMech,0,Asciux,F-Nero,2,1618692651
paddu,C-NekoMech,0,Asciux,F-Nero,2,1618692769
paddu,C-NekoMech,2,Asciux,F-Nero,1,1618692910
paddu,C-NekoMech,0,Asciux,F-Nero,2,1618693022
paddu,C-NekoMech,0,Asciux,F-Nero,2,1618693135
paddu,C-NekoMech,2,Asciux,F-Nero,0,1618693236
paddu,C-NekoMech,0,Asciux,F-Nero,2,1618693346
paddu,C-NekoMech,1,Asciux,F-Nero,2,1618693484
paddu,C-NekoMech,0,Asciux,F-Nero,2,1618693603
paddu,C-NekoMech,1,Asciux,F-Nero,2,1618693796
paddu,C-NekoMech,0,Asciux,F-Nero,2,1618693926
paddu,C-NekoMech,2,Matteo,C-Akiha,0,1618694388
paddu,C-NekoMech,2,Matteo,C-Akiha,1,1618694592
paddu,C-NekoMech,2,Matteo,C-Akiha,0,1618694719
paddu,C-NekoMech,2,Matteo,C-Akiha,0,1618694827
paddu,C-NekoMech,2,Matteo,C-Akiha,0,1618694939
paddu,C-NekoMech,2,Matteo,C-Akiha,0,1618695027
paddu,C-NekoMech,2,Matteo,C-Akiha,0,1618695172
paddu,C-NekoMech,2,Matteo,C-Akiha,1,1618695370
paddu,C-NekoMech,2,Matteo,C-Akiha,0,1618695452
paddu,C-NekoMech,2,LowQualityMemes,F-Ryougi,0,1618741095
paddu,C-NekoMech,2,Ikanistea,F-Ries,0,1618741360
paddu,C-NekoMech,2,Ikanistea,F-Ries,0,1618741480
paddu,C-NekoMech,2,Ikanistea,F-Ries,0,1618741610
paddu,C-NekoMech,2,Ikanistea,C-NekoMech,0,1618741720
paddu,C-NekoMech,1,Ikanistea,C-NekoMech,2,1618741908
paddu,C-NekoMech,2,Ikanistea,C-NekoMech,1,1618742062
paddu,C-NekoMech,0,Ikanistea,C-NekoMech,2,1618742167
paddu,C-NekoMech,2,Luke,F-Miyako,0,1618753282
paddu,C-NekoMech,2,Luke,F-Miyako,0,1618753390
paddu,C-NekoMech,2,Luke,F-Miyako,0,1618753468
paddu,C-NekoMech,2,Luke,F-Miyako,0,1618753576
paddu,C-NekoMech,2,Luke,F-Miyako,0,1618753662
paddu,C-NekoMech,2,Luke,F-Miyako,0,1618753809
paddu,C-NekoMech,2,Luke,F-Miyako,0,1618753882
paddu,C-NekoMech,2,Luke,F-Miyako,0,1618753969
paddu,C-NekoMech,2,Luke,F-Miyako,0,1618754100
paddu,C-NekoMech,2,Luke,F-Miyako,0,1618754219
paddu,C-NekoMech,2,Luke,F-Miyako,0,1618754326
paddu,C-NekoMech,2,Luke,F-Miyako,0,1618754416
paddu,C-NekoMech,2,Luke,F-Miyako,0,1618754516
paddu,C-NekoMech,2,Luke,F-Miyako,0,1618754599
paddu,C-NekoMech,2,Luke,F-Miyako,0,1618754696
paddu,C-NekoMech,2,Luke,F-Miyako,0,1618754809
paddu,C-NekoMech,2,Luke,F-Miyako,0,1618754945
paddu,C-NekoMech,2,Luke,F-Miyako,0,1618755036
paddu,C-NekoMech,2,Niddog,C-Warc,0,1618764303
paddu,C-NekoMech,2,Niddog,C-Warc,0,1618764420
paddu,C-NekoMech,2,Niddog,C-Warc,0,1618764530
paddu,C-NekoMech,2,Niddog,C-Warc,0,1618764610
paddu,C-NekoMech,2,Niddog,C-Warc,0,1618764707
paddu,C-NekoMech,2,Niddog,C-Warc,0,1618764803
paddu,C-NekoMech,2,Niddog,C-Warc,0,1618764896
paddu,C-NekoMech,2,Niddog,C-Warc,0,1618764985
paddu,C-NekoMech,2,Niddog,C-Warc,0,1618765073
paddu,C-NekoMech,2,Niddog,C-Warc,0,1618765203
paddu,C-NekoMech,2,Niddog,C-Warc,0,1618765283
paddu,C-NekoMech,2,Niddog,C-Warc,0,1618765378
paddu,C-NekoMech,2,Niddog,C-Warc,0,1618765498
paddu,C-NekoMech,1,Niddog,C-Warc,2,1618765654
paddu,C-NekoMech,1,Niddog,C-Warc,2,1618765863
paddu,C-NekoMech,2,Niddog,C-Warc,0,1618765947
paddu,C-NekoMech,2,Niddog,C-Warc,0,1618766071
paddu,C-NekoMech,2,Sliicer,H-Kohaku,1,1618769867
paddu,C-NekoMech,1,Sliicer,H-Kohaku,2,1618770041
paddu,C-Warc,2,Sliicer,H-Kohaku,0,1618770176
paddu,C-M.Hisui,0,Draig,F-Ryougi,2,1618772723
paddu,C-Warc,1,Draig,F-Ryougi,2,1618772884
paddu,C-Warc,1,teapS,C-Wara,2,1618773720
paddu,C-M.Hisui,1,teapS,C-Wara,2,1618773931
paddu,C-Aoko,2,PA,C-Aoko,1,1618780769
paddu,C-Aoko,1,PA,C-Aoko,2,1618781038
paddu,C-Aoko,0,PA,C-Aoko,2,1618781183
paddu,C-Aoko,0,PA,C-Aoko,2,1618781304
paddu,C-Aoko,0,PA,C-Aoko,2,1618781406
paddu,C-Aoko,0,PA,C-Aoko,2,1618781578
paddu,C-Aoko,1,PA,C-Aoko,2,1618781773
paddu,C-Aoko,1,PA,C-Aoko,2,1618781904
paddu,C-Aoko,1,PA,C-Aoko,2,1618782035
paddu,C-Aoko,2,PA,C-Aoko,1,1618782247
paddu,C-Aoko,1,PA,C-Aoko,2,1618782443
paddu,C-Aoko,2,PA,C-Aoko,1,1618782643
paddu,C-Aoko,2,PA,C-Aoko,0,1618782773
paddu,C-Aoko,1,PA,C-Aoko,2,1618782950
paddu,C-Aoko,2,XOXOXO,C-M.Hisui,1,1618784589
paddu,C-Aoko,2,XOXOXO,C-M.Hisui,1,1618784793
paddu,C-Aoko,2,XOXOXO,C-M.Hisui,1,1618785024
paddu,C-Aoko,2,XOXOXO,C-M.Hisui,1,1618785164
paddu,C-Aoko,1,XOXOXO,C-M.Hisui,2,1618785437
paddu,C-Aoko,2,XOXOXO,C-M.Hisui,1,1618785655
paddu,C-Aoko,2,XOXOXO,C-M.Hisui,1,1618785827
paddu,C-Aoko,2,XOXOXO,C-M.Hisui,0,1618785955
paddu,C-Aoko,0,XOXOXO,C-M.Hisui,2,1618786123
paddu,C-Aoko,2,XOXOXO,C-M.Hisui,0,1618786246
paddu,C-Aoko,2,XOXOXO,C-M.Hisui,0,1618786360
paddu,C-Aoko,2,XOXOXO,C-M.Hisui,1,1618786535
paddu,C-Aoko,2,dima,C-Nanaya,0,1618792975
paddu,C-Aoko,2,dima,C-Nanaya,1,1618793136
paddu,C-Aoko,2,dima,C-Nanaya,0,1618793248
paddu,C-Aoko,2,dima,C-Nanaya,1,1618793413
paddu,C-Aoko,2,dima,C-Nanaya,0,1618793545
paddu,C-Aoko,2,dima,C-Nanaya,1,1618793719
paddu,C-Aoko,2,dima,C-Nanaya,0,1618793823
paddu,C-Aoko,2,dima,C-Nanaya,0,1618793943
paddu,C-Aoko,2,dima,C-Nanaya,0,1618794320
paddu,C-Aoko,2,dima,C-Nanaya,1,1618794502
paddu,C-Aoko,2,dima,C-Nanaya,0,1618794603
paddu,C-Aoko,2,dima,C-Nanaya,0,1618794731
paddu,C-Aoko,2,dima,C-Nanaya,0,1618794841
paddu,C-Aoko,0,The Night of Seokyo,C-M.Hisui,2,1618859361
paddu,C-Aoko,0,The Night of Seokyo,C-M.Hisui,2,1618859462
paddu,C-Aoko,0,The Night of Seokyo,C-M.Hisui,2,1618859581
paddu,C-Aoko,2,Grin,C-Ries,0,1618860221
paddu,C-Aoko,2,Grin,C-Ries,0,1618860334
paddu,C-Aoko,2,Grin,C-Kouma,1,1618860561
paddu,C-Aoko,2,Grin,C-Kouma,0,1618860661
paddu,C-Aoko,2,Grin,C-Kouma,0,1618860758
paddu,C-Aoko,2,Grin,C-Kouma,1,1618860957
paddu,C-Aoko,2,Grin,C-Kouma,1,1618861090
paddu,C-Aoko,2,Grin,C-Kouma,0,1618861177
paddu,C-Aoko,2,Grin,C-Kouma,0,1618861318
paddu,C-Aoko,2,Grin,C-Kouma,0,1618861454
paddu,C-Aoko,2,Grin,C-Ryougi,0,1618861565
paddu,C-Aoko,2,Grin,C-Ryougi,0,1618861666
paddu,C-Aoko,2,Grin,C-Ryougi,0,1618861796
paddu,C-Aoko,2,Grin,C-Ryougi,0,1618861887
paddu,C-Aoko,2,Grin,C-Ryougi,0,1618862018
paddu,C-Aoko,2,Grin,C-Ryougi,0,1618862166
paddu,C-Aoko,2,Grin,C-Ryougi,0,1618862239
paddu,C-Aoko,2,Grin,C-Ries,0,1618862339
paddu,C-Aoko,2,Grin,C-Ries,0,1618862437
paddu,C-Aoko,2,Grin,C-Ries,0,1618862560
paddu,C-Aoko,2,Grin,C-Ries,0,1618862674
paddu,C-Aoko,2,Grin,C-Ries,0,1618862762
paddu,C-Aoko,2,Grin,C-Ries,1,1618862931
paddu,C-Aoko,2,Grin,C-Ries,0,1618863030
paddu,C-Aoko,1,EIiitti,C-Kohaku,2,1618865903
paddu,C-Aoko,1,EIiitti,C-Kohaku,2,1618866090
paddu,C-Aoko,1,EIiitti,C-Kohaku,2,1618866275
paddu,C-Aoko,2,EIiitti,C-Kohaku,0,1618866401
paddu,C-Aoko,2,EIiitti,C-Kohaku,1,1618866572
paddu,C-Aoko,0,EIiitti,C-Kohaku,2,1618866676
paddu,C-Aoko,2,EIiitti,C-Kohaku,1,1618866872
paddu,C-Aoko,0,EIiitti,C-Kohaku,2,1618866980
paddu,C-Aoko,2,EIiitti,C-Kohaku,0,1618867086
paddu,C-Aoko,2,EIiitti,C-Kohaku,0,1618867231
paddu,C-Aoko,1,EIiitti,C-Kohaku,2,1618867379
paddu,C-Aoko,2,EIiitti,C-Kohaku,1,1618867555
paddu,C-Aoko,2,EIiitti,C-Kohaku,1,1618867730
paddu,C-Aoko,1,EIiitti,C-Kohaku,2,1618867917
paddu,C-Aoko,0,EIiitti,C-Kohaku,2,1618868072
paddu,C-Aoko,2,EIiitti,C-Kohaku,1,1618868220
paddu,C-Aoko,0,EIiitti,C-Kohaku,2,1618868414
paddu,C-Aoko,2,EIiitti,C-Kohaku,0,1618868563
paddu,C-Aoko,0,EIiitti,C-Kohaku,2,1618868688
paddu,C-Aoko,0,Aurablitz (Aurablitz),H-W.Len,2,1618871101
paddu,C-Aoko,2,Aurablitz (Aurablitz),H-W.Len,1,1618871348
paddu,C-Aoko,2,Aurablitz (Aurablitz),H-W.Len,0,1618871450
paddu,C-Aoko,0,Aurablitz (Aurablitz),H-W.Len,2,1618871573
paddu,C-Aoko,2,Aurablitz (Aurablitz),H-W.Len,0,1618871642
paddu,C-Aoko,2,Aurablitz (Aurablitz),H-W.Len,1,1618871803
paddu,C-Aoko,1,Aurablitz (Aurablitz),H-W.Len,2,1618871957
paddu,C-Aoko,0,Aurablitz (Aurablitz),H-W.Len,2,1618872110
paddu,C-Aoko,0,Aurablitz (Aurablitz),H-W.Len,2,1618872346
paddu,C-Aoko,0,Aurablitz (Aurablitz),H-W.Len,2,1618872480
paddu,C-Aoko,0,Aurablitz (Aurablitz),H-W.Len,2,1618872597
paddu,C-Aoko,2,Aurablitz (Aurablitz),H-W.Len,1,1618872785
paddu,C-Aoko,1,Aurablitz (Aurablitz),H-W.Len,2,1618873019
paddu,C-Aoko,2,Aurablitz (Aurablitz),H-W.Len,1,1618873160
paddu,C-Aoko,2,Aurablitz (Aurablitz),H-W.Len,1,1618873392
paddu,C-Aoko,0,Aurablitz (Aurablitz),H-W.Len,2,1618873507
paddu,C-Aoko,2,Imya I est'YA,C-Sion,0,1618882380
paddu,C-Aoko,1,Imya I est'YA,C-Sion,2,1618882549
paddu,C-Aoko,2,Imya I est'YA,C-Sion,0,1618882639
paddu,C-Aoko,1,Imya I est'YA,C-Sion,2,1618882879
paddu,C-Aoko,2,Imya I est'YA,C-Sion,0,1618883003
paddu,C-Aoko,2,Imya I est'YA,C-Sion,0,1618883127
paddu,C-Aoko,2,Imya I est'YA,C-Sion,0,1618883245
paddu,C-Aoko,2,Imya I est'YA,C-Sion,0,1618883335
paddu,C-Aoko,2,Imya I est'YA,C-Sion,0,1618883448
paddu,C-Aoko,2,Imya I est'YA,C-Sion,1,1618883681
paddu,C-Aoko,2,Imya I est'YA,C-Sion,0,1618883767
paddu,C-Aoko,2,Imya I est'YA,C-Sion,0,1618883867
paddu,C-Aoko,2,Imya I est'YA,C-Sion,0,1618883980
paddu,C-Aoko,2,Imya I est'YA,C-Sion,0,1618884107
paddu,C-Aoko,2,Imya I est'YA,C-Sion,0,1618884232
paddu,C-Aoko,2,Imya I est'YA,C-Sion,0,1618884395
paddu,C-Aoko,2,Imya I est'YA,C-Sion,1,1618884594
paddu,C-Aoko,2,Imya I est'YA,C-Sion,0,1618884707
paddu,C-Aoko,2,Imya I est'YA,C-Sion,0,1618884850
paddu,C-Aoko,1,Imya I est'YA,C-Sion,2,1618885039
paddu,C-Aoko,2,Imya I est'YA,C-Sion,0,1618885172
paddu,C-Aoko,2,Imya I est'YA,C-Sion,0,1618885297
paddu,C-Aoko,2,SadStork,H-KohaMech,0,1618941436
paddu,C-Aoko,0,SadStork,H-KohaMech,2,1618941554
paddu,C-Aoko,2,SadStork,H-KohaMech,0,1618941710
paddu,C-Aoko,2,SadStork,H-KohaMech,0,1618941811
paddu,C-Aoko,2,SadStork,H-KohaMech,0,1618941931
paddu,C-Aoko,2,SadStork,H-KohaMech,0,1618942090
paddu,C-Aoko,2,SadStork,H-KohaMech,1,1618942296
paddu,C-Aoko,2,SadStork,H-KohaMech,0,1618942404
paddu,C-Aoko,2,SadStork,H-KohaMech,0,1618942537
paddu,C-Aoko,2,SadStork,H-KohaMech,0,1618942666
paddu,C-Aoko,2,SadStork,H-KohaMech,0,1618942785
paddu,C-Aoko,2,SadStork,H-KohaMech,0,1618942898
paddu,C-Aoko,2,SadStork,H-KohaMech,0,1618943051
paddu,C-Aoko,2,SadStork,H-KohaMech,0,1618943177
paddu,C-Aoko,2,SadStork,H-KohaMech,0,1618943287
paddu,C-Aoko,2,SadStork,H-KohaMech,0,1618943457
paddu,C-Aoko,2,SadStork,H-KohaMech,0,1618943573
paddu,C-Aoko,2,SadStork,H-KohaMech,0,1618943689
paddu,C-Aoko,2,Regeci,C-Nanaya,1,1618945667
paddu,C-Aoko,2,Regeci,C-Nanaya,1,1618945841
paddu,C-Aoko,0,Regeci,C-Nanaya,2,1618945973
paddu,C-Aoko,0,Regeci,C-Nanaya,2,1618946072
paddu,C-Aoko,2,Regeci,C-Nanaya,1,1618946198
paddu,C-Aoko,2,Regeci,C-Nanaya,0,1618946328
paddu,C-Aoko,2,Regeci,C-Nanaya,0,1618946422
paddu,C-Aoko,2,Regeci,C-Nanaya,1,1618946537
paddu,C-Aoko,2,Regeci,C-Nanaya,1,1618946714
paddu,C-Aoko,2,Regeci,C-Nanaya,1,1618946896
paddu,C-Aoko,2,Regeci,C-Tohno,1,1618947095
paddu,C-Aoko,0,Regeci,C-Tohno,2,1618947215
paddu,C-Aoko,2,Regeci,C-Tohno,1,1618947369
paddu,C-Aoko,2,Demi,H-V.Akiha,0,1618948711
paddu,C-Aoko,2,Demi,H-V.Akiha,0,1618948900
paddu,C-Aoko,2,Demi,H-V.Akiha,0,1618949015
paddu,C-Aoko,2,Demi,H-V.Akiha,0,1618949093
paddu,C-Aoko,2,Demi,H-V.Akiha,0,1618949196
paddu,C-Aoko,2,Demi,H-V.Akiha,0,1618949337
paddu,C-Aoko,2,Demi,H-V.Akiha,0,1618949474
paddu,C-Aoko,2,Demi,H-V.Akiha,0,1618949560
paddu,C-Aoko,2,Demi,H-V.Akiha,0,1618949666
paddu,C-Aoko,2,Demi,H-V.Akiha,0,1618949771
paddu,C-Aoko,2,agu,C-Aoko,0,1618953180
paddu,C-Aoko,2,agu,C-Aoko,0,1618953293
paddu,C-Aoko,2,agu,C-Aoko,0,1618953423
paddu,C-Aoko,2,agu,C-Aoko,0,1618953593
paddu,C-Aoko,2,agu,C-Aoko,0,1618953711
paddu,C-Aoko,2,agu,C-Aoko,0,1618953826
paddu,C-Aoko,2,agu,C-Aoko,0,1618953950
paddu,C-Aoko,2,agu,C-Aoko,0,1618954068
paddu,C-Aoko,2,agu,C-Aoko,0,1618954222
paddu,C-Aoko,2,agu,C-Aoko,0,1618954319
paddu,C-Aoko,2,agu,C-Aoko,0,1618954444
paddu,C-Aoko,2,agu,C-Aoko,0,1618954534
paddu,C-Aoko,2,agu,C-Aoko,0,1618954637
paddu,C-Aoko,2,agu,C-Aoko,1,1618954853
paddu,C-Aoko,2,agu,C-Aoko,0,1618954966
paddu,C-Aoko,2,agu,C-Aoko,0,1618955063
paddu,C-Aoko,2,agu,C-Aoko,0,1618955186
paddu,C-Aoko,2,agu,C-Aoko,0,1618955279
paddu,C-Aoko,2,agu,C-Aoko,0,1618955390
paddu,C-Aoko,2,agu,C-Aoko,0,1618955506
paddu,C-Aoko,1,joseph,C-Nero,2,1618995686
paddu,C-Aoko,1,joseph,C-Nero,2,1618995877
paddu,C-Aoko,2,joseph,C-Nero,0,1618996008
paddu,C-Aoko,2,joseph,C-Nero,0,1618996156
paddu,C-Aoko,2,joseph,C-Nero,1,1618996328
paddu,C-Aoko,1,joseph,C-Nero,2,1618996459
paddu,C-Aoko,2,joseph,C-Nero,0,1618996579
paddu,C-Aoko,1,joseph,C-Nero,2,1618996715
paddu,C-Aoko,2,joseph,C-Nero,1,1618996868
paddu,C-Aoko,2,joseph,C-Nero,0,1618996994
paddu,C-Aoko,2,joseph,C-Nero,0,1618997121
paddu,C-Aoko,2,joseph,C-S.Akiha,1,1618997307
paddu,C-Aoko,0,joseph,C-S.Akiha,2,1618997446
paddu,C-Aoko,2,joseph,C-S.Akiha,1,1618997557
paddu,C-Aoko,2,joseph,C-S.Akiha,0,1618997687
paddu,C-Aoko,2,joseph,C-S.Akiha,0,1618997810
paddu,C-Aoko,2,Ciel "The Rock" Weebson,F-Wara,0,1619020476
paddu,C-Aoko,2,Ciel "The Rock" Weebson,F-Wara,0,1619020589
paddu,C-Aoko,2,Ciel "The Rock" Weebson,F-Wara,1,1619020763
paddu,C-Aoko,2,Ciel "The Rock" Weebson,F-Wara,0,1619020855
paddu,C-Aoko,2,Ciel "The Rock" Weebson,F-Wara,0,1619020970
paddu,C-Aoko,2,Taosis,H-Nanaya,1,1619021254
paddu,C-Aoko,0,Taosis,H-Nanaya,2,1619021347
paddu,C-Aoko,2,Taosis,H-Nanaya,1,1619021497
paddu,C-Aoko,2,Taosis,H-Nanaya,1,1619021663
paddu,C-Aoko,1,Taosis,H-Nanaya,2,1619021821
paddu,C-Aoko,1,Taosis,H-Nanaya,2,1619021974
paddu,C-Aoko,2,Taosis,H-Nanaya,1,1619022123
paddu,C-Aoko,2,Taosis,H-Nanaya,1,1619022261
paddu,C-Aoko,2,Taosis,H-Roa,1,1619022470
paddu,C-Aoko,1,Taosis,H-Roa,2,1619022646
paddu,C-Aoko,1,Taosis,H-Roa,2,1619022845
paddu,C-Aoko,2,Taosis,H-Roa,0,1619022989
paddu,C-Aoko,0,Taosis,H-Roa,2,1619023122
paddu,C-Aoko,1,Taosis,H-Roa,2,1619023253
paddu,C-Aoko,2,Taosis,H-Roa,0,1619023374
paddu,C-Aoko,0,Taosis,H-Wara,2,1619023510
paddu,C-Aoko,2,Taosis,H-Wara,0,1619023643
paddu,C-Aoko,2,Taosis,H-Wara,0,1619023767
paddu,C-Aoko,2,start over from yie ar kung-fu,F-W.Len,0,1619033904
paddu,C-Aoko,2,start over from yie ar kung-fu,F-W.Len,0,1619034047
paddu,C-Aoko,2,start over from yie ar kung-fu,F-W.Len,0,1619034200
paddu,C-Aoko,2,start over from yie ar kung-fu,F-W.Len,0,1619034319
paddu,C-Aoko,2,start over from yie ar kung-fu,F-W.Len,1,1619034548
paddu,C-Aoko,2,start over from yie ar kung-fu,F-W.Len,0,1619034636
paddu,C-Aoko,2,start over from yie ar kung-fu,F-W.Len,0,1619034724
paddu,C-Aoko,1,start over from yie ar kung-fu,C-S.Akiha,2,1619034965
paddu,C-Aoko,2,start over from yie ar kung-fu,C-S.Akiha,1,1619035168
paddu,C-Aoko,1,start over from yie ar kung-fu,C-S.Akiha,2,1619035385
paddu,C-Aoko,2,start over from yie ar kung-fu,C-S.Akiha,0,1619035473
paddu,C-Aoko,2,start over from yie ar kung-fu,C-S.Akiha,0,1619035612
paddu,C-Aoko,2,Magemo,H-Aoko,1,1619035845
paddu,C-Aoko,2,Magemo,H-Aoko,0,1619035950
paddu,C-Aoko,2,Magemo,H-Aoko,0,1619036035
paddu,C-Aoko,2,Magemo,H-Aoko,0,1619036168
paddu,C-Aoko,2,Magemo,H-Aoko,0,1619036309
paddu,C-Aoko,2,Magemo,H-Aoko,0,1619036435
paddu,C-Aoko,2,Magemo,H-Aoko,0,1619036538
paddu,C-Aoko,2,Magemo,H-Aoko,0,1619036621
paddu,C-Aoko,2,Magemo,H-Aoko,0,1619036720
paddu,C-Aoko,2,Magemo,H-Aoko,0,1619036866
paddu,C-Aoko,2,Magemo,H-Aoko,1,1619037090
paddu,C-Aoko,2,Magemo,H-Aoko,1,1619037322
paddu,C-Aoko,2,Magemo,H-Aoko,1,1619037537
paddu,C-Aoko,2,Magemo,H-Aoko,0,1619037638
paddu,C-Aoko,2,Magemo,H-Aoko,1,1619037831
paddu,C-Aoko,2,Magemo,H-Aoko,0,1619037923
paddu,C-Aoko,2,Magemo,H-Aoko,0,1619038062
paddu,C-Aoko,2,Magemo,H-Aoko,0,1619038194
paddu,C-Aoko,2,Magemo,H-Aoko,0,1619038292
paddu,C-Aoko,2,Magemo,H-Aoko,0,1619038414
paddu,C-Aoko,2,Gibins,F-Aoko,0,1619045698
paddu,C-Aoko,2,Gibins,F-Aoko,0,1619045798
paddu,C-Aoko,1,Gibins,F-Aoko,2,1619045957
paddu,C-Aoko,2,Gibins,F-Aoko,1,1619046126
paddu,C-Aoko,2,Gibins,F-Aoko,1,1619046257
paddu,C-Aoko,2,Gibins,F-Aoko,0,1619046349
paddu,C-Aoko,2,Gibins,F-Aoko,0,1619046464
paddu,C-Aoko,2,Gibins,F-Aoko,0,1619046551
paddu,C-Aoko,2,Gibins,F-Aoko,0,1619046624
paddu,C-Aoko,1,Gibins,F-Aoko,2,1619046815
paddu,C-Aoko,2,Gibins,F-Aoko,0,1619046957
paddu,C-Aoko,2,Gibins,F-Aoko,1,1619047165
paddu,C-Aoko,2,Charby,H-Ryougi,1,1619052747
paddu,C-Aoko,2,Charby,H-Ryougi,1,1619052893
paddu,C-Aoko,2,Charby,H-Ryougi,1,1619053062
paddu,C-Aoko,2,Charby,H-Ryougi,0,1619053141
paddu,C-Aoko,2,Charby,H-Ryougi,1,1619053290
paddu,C-Aoko,2,Charby,H-Ryougi,0,1619053396
paddu,C-Aoko,2,Charby,H-Ryougi,0,1619053499
paddu,C-Aoko,2,Charby,H-Ryougi,0,1619053648
paddu,C-Aoko,2,Charby,H-Ryougi,0,1619053764
paddu,C-Aoko,2,Charby,H-Ryougi,0,1619053862
paddu,C-Aoko,2,Arthyr,F-Aoko,0,1619097543
paddu,C-Aoko,2,Arthyr,F-Aoko,1,1619097704
paddu,C-Aoko,2,Arthyr,F-Aoko,1,1619097872
paddu,C-Aoko,2,Arthyr,F-Aoko,0,1619097948
paddu,C-Aoko,2,Arthyr,F-Aoko,0,1619098065
paddu,C-Aoko,2,Arthyr,F-Aoko,0,1619098184
paddu,C-Aoko,2,Arthyr,F-Aoko,1,1619098329
paddu,C-Aoko,2,Arthyr,F-Aoko,0,1619098561
paddu,C-Aoko,2,Arthyr,F-Aoko,1,1619098723
paddu,C-Aoko,2,Arthyr,F-Aoko,1,1619098880
paddu,C-Aoko,2,Arthyr,F-Aoko,0,1619098962
paddu,C-Aoko,2,Arthyr,F-Aoko,0,1619099061
paddu,C-Aoko,2,Arthyr,F-Aoko,0,1619099203
paddu,C-Aoko,2,Arthyr,F-Aoko,1,1619099352
paddu,C-Sion,2,Change your name,H-Satsuki,0,1619119327
paddu,F-Aoko,2,Change your name,H-Satsuki,0,1619119426
paddu,F-Aoko,2,Change your name,H-Satsuki,0,1619119508
paddu,F-Aoko,2,Change your name,H-Satsuki,0,1619119587
paddu,F-Aoko,2,Change your name,H-Satsuki,0,1619119672
paddu,F-Aoko,2,Change your name,H-Satsuki,1,1619119846
paddu,C-Aoko,2,Hatsune Miku fan,C-Akiha,1,1619121598
paddu,C-Aoko,2,Hatsune Miku fan,C-Akiha,1,1619121854
paddu,C-Aoko,2,Hatsune Miku fan,C-Akiha,1,1619122043
paddu,C-Aoko,2,Hatsune Miku fan,C-Akiha,0,1619122385
paddu,C-Aoko,2,Hatsune Miku fan,C-Akiha,0,1619122505
paddu,C-Aoko,2,Hatsune Miku fan,C-Akiha,0,1619122601
paddu,C-Aoko,2,OverClock,F-Hime,0,1619124795
paddu,C-Aoko,2,OverClock,F-Hime,0,1619124867
paddu,C-Aoko,2,Grin,C-Ries,0,1619125081
paddu,C-Aoko,2,Grin,C-Ries,0,1619125200
paddu,C-Aoko,2,Grin,C-Ries,0,1619125314
paddu,C-Aoko,2,Grin,C-Ries,0,1619125425
paddu,C-Aoko,2,Grin,C-Ries,0,1619125525
paddu,C-Aoko,2,Grin,C-Ries,0,1619125677
paddu,C-Aoko,2,Grin,C-Ries,0,1619125802
paddu,C-Aoko,2,Grin,C-Ries,1,1619125989
paddu,C-Aoko,2,Grin,C-Ries,0,1619126071
paddu,C-Aoko,2,Grin,C-Ries,0,1619126178
paddu,C-Aoko,2,Grin,C-Ries,1,1619126344
paddu,C-Aoko,2,Grin,C-Ries,1,1619126491
paddu,C-Aoko,2,Grin,C-Ries,0,1619126608
paddu,C-Aoko,2,Grin,C-Ries,0,1619126720
paddu,C-Aoko,2,Grin,C-Ries,0,1619126819
paddu,C-Aoko,2,Grin,C-Ries,0,1619126921
paddu,C-Aoko,2,Grin,C-Ries,0,1619127016
paddu,C-Aoko,2,Grin,C-Ries,0,1619127133
paddu,C-Aoko,2,Grin,C-Kouma,0,1619127243
paddu,C-Aoko,2,Grin,C-Kouma,0,1619127359
paddu,C-Aoko,2,sat,C-M.Hisui,1,1619135436
paddu,C-Aoko,2,sat,C-M.Hisui,0,1619135519
paddu,C-Aoko,1,sat,C-M.Hisui,2,1619135682
paddu,C-Aoko,2,sat,C-M.Hisui,0,1619135840
paddu,C-Aoko,2,sat,C-M.Hisui,0,1619135941
paddu,C-Aoko,2,sat,C-M.Hisui,1,1619136148
paddu,C-Aoko,2,sat,C-M.Hisui,0,1619136245
paddu,C-Aoko,2,sat,C-M.Hisui,0,1619136342
paddu,C-Aoko,1,sat,C-M.Hisui,2,1619136528
paddu,C-Aoko,2,sat,C-M.Hisui,0,1619136687
paddu,C-Aoko,1,sat,C-M.Hisui,2,1619136895
paddu,C-Aoko,2,sat,C-M.Hisui,1,1619137053
paddu,C-Aoko,2,sat,C-M.Hisui,0,1619137165
paddu,F-Aoko,2,joseph,C-Nero,1,1619198678
paddu,C-Aoko,2,Gabro,C-S.Akiha,0,1619199013
paddu,C-Aoko,2,Gabro,C-S.Akiha,0,1619199091
paddu,C-Aoko,2,Shorakyn,C-Ries,0,1619199392
paddu,C-Aoko,0,PA,C-Aoko,2,1619201474
paddu,C-Aoko,1,PA,C-Aoko,2,1619201659
paddu,C-Aoko,1,PA,C-Aoko,2,1619201848
paddu,C-Aoko,2,Shorakyn,C-Ries,1,1619202760
paddu,C-Aoko,2,Shorakyn,C-Ries,0,1619202894
paddu,C-Nero,2,PA,C-Aoko,0,1619203637
paddu,C-Nero,2,PA,C-Aoko,1,1619203842
paddu,C-Nero,2,PA,C-Aoko,0,1619203999
paddu,C-Nero,0,PA,C-Aoko,2,1619204118
paddu,C-Nero,2,PA,C-Aoko,1,1619204341
paddu,C-Nero,2,PA,C-Aoko,1,1619204521
paddu,C-Nero,0,PA,C-Aoko,2,1619204658
paddu,C-Nero,1,'`),F-Warc,2,1619213718
paddu,C-Nero,2,'`),F-Warc,1,1619213921
paddu,C-Nero,1,'`),F-Warc,2,1619214092
paddu,C-Nero,0,'`),F-Warc,2,1619214222
paddu,C-Nero,1,'`),F-Warc,2,1619214406
paddu,C-Nero,0,'`),F-Warc,2,1619214498
paddu,C-Nero,1,'`),F-Warc,2,1619214668
paddu,C-Nero,2,'`),F-Warc,0,1619214783
paddu,C-Nero,2,'`),F-Warc,0,1619214870
paddu,C-Nero,2,'`),F-Warc,1,1619215008
paddu,C-Nero,2,'`),F-Warc,0,1619215159
paddu,C-Nero,0,'`),F-Warc,2,1619215251
paddu,C-Nero,0,'`),F-Warc,2,1619215336
paddu,C-Nero,2,'`),F-Warc,0,1619215475
paddu,C-Nero,2,'`),F-Warc,1,1619215623
paddu,C-Nero,2,'`),F-Warc,0,1619215752
paddu,C-Nero,2,'`),F-Warc,1,1619215930
paddu,C-Nero,2,'`),F-Warc,0,1619216043
paddu,C-Nero,0,'`),F-Warc,2,1619219893
paddu,C-Nero,2,'`),F-Warc,1,1619220087
paddu,C-Nero,2,'`),F-Warc,0,1619220196
paddu,C-Nero,2,'`),F-Warc,1,1619220392
paddu,C-Nero,0,'`),F-Warc,2,1619220493
paddu,C-Nero,2,'`),F-Warc,1,1619220696
paddu,C-Nero,2,'`),F-Warc,1,1619220858
paddu,C-Nero,1,'`),F-Warc,2,1619221006
paddu,C-Nero,2,'`),F-Warc,1,1619221195
paddu,C-Nero,2,'`),F-Warc,1,1619221355
paddu,C-Nero,2,'`),F-Warc,1,1619221514
paddu,C-Nero,2,'`),F-Warc,1,1619221683
paddu,C-Nero,2,'`),F-Warc,1,1619221848
paddu,C-Nero,2,Charby,H-Ryougi,0,1619224646
paddu,C-Nero,2,Charby,H-Ryougi,0,1619224766
paddu,C-Nero,2,Charby,H-Ryougi,0,1619224847
paddu,C-Nero,2,Charby,H-Ryougi,1,1619225021
paddu,C-Nero,2,Charby,H-Ryougi,0,1619225117
paddu,C-Nero,2,Charby,H-Ryougi,0,1619225274
paddu,C-Nero,2,Charby,H-Ryougi,1,1619225423
paddu,C-Nero,2,Charby,H-Ryougi,0,1619225512
paddu,C-Nero,2,Charby,H-Ryougi,1,1619225683
paddu,C-Nero,2,Charby,H-Ryougi,0,1619225766
paddu,C-Nero,1,joseph,C-Nero,2,1619267950
paddu,C-Nero,2,joseph,C-Nero,0,1619268101
paddu,C-Nero,2,joseph,C-Nero,1,1619268270
paddu,C-Nero,2,joseph,C-Nero,1,1619268478
paddu,C-Nero,2,joseph,C-Nero,1,1619268624
paddu,C-Nero,0,joseph,C-Nero,2,1619268753
paddu,C-Nero,2,joseph,C-Nero,0,1619268868
paddu,C-Nero,2,joseph,C-Nero,0,1619268945
paddu,C-Nero,2,joseph,C-Nero,1,1619269131
paddu,C-Nero,2,joseph,C-Nero,1,1619269293
paddu,C-Nero,2,joseph,C-Nero,0,1619269379
paddu,C-Nero,2,Cat Elnuk,C-Arc,0,1619281764
paddu,C-Nero,2,Cat Elnuk,C-Arc,0,1619281923
paddu,C-Nero,2,Edgar,F-S.Akiha,0,1619285585
paddu,C-Nero,2,Edgar,F-S.Akiha,0,1619285695
paddu,C-Nero,2,Edgar,H-V.Akiha,0,1619285857
paddu,C-Nero,2,Edgar,H-V.Akiha,0,1619288805
paddu,C-Nero,2,Edgar,H-V.Akiha,0,1619288916
paddu,C-Nero,2,Edgar,H-V.Akiha,0,1619289032
paddu,C-Nero,2,Servalman,H-Arc,1,1619297698
paddu,C-Nero,0,Servalman,H-Arc,2,1619297854
paddu,C-Nero,2,Servalman,H-Arc,1,1619298051
paddu,C-Nero,2,Servalman,H-Arc,0,1619298152
paddu,C-Nero,2,Servalman,H-Arc,1,1619298365
paddu,C-Nero,2,Servalman,H-Arc,0,1619298472
paddu,C-Nero,2,Servalman,H-Arc,1,1619298622
paddu,C-Nero,2,Servalman,H-Arc,1,1619298796
paddu,C-Nero,2,Servalman,H-Arc,1,1619298968
paddu,C-Nero,2,Servalman,H-Arc,1,1619299139
paddu,C-Nero,1,Servalman,H-Arc,2,1619299327
paddu,C-Nero,2,Servalman,H-Arc,1,1619299506
paddu,C-Nero,2,Change your name,C-Satsuki,1,1619303892
paddu,C-Nero,1,Change your name,C-Satsuki,2,1619304062
paddu,C-Nero,2,Change your name,C-Satsuki,0,1619304344
paddu,C-Nero,0,PA,F-Miyako,2,1619304770
paddu,C-Nero,2,PA,F-Miyako,1,1619304915
paddu,C-Nero,2,PA,F-Miyako,1,1619305078
paddu,C-Nero,1,PA,F-Miyako,2,1619305253
paddu,C-Nero,1,PA,F-Miyako,2,1619305417
paddu,C-Nero,2,PA,F-Miyako,1,1619305659
paddu,C-Nero,2,PA,F-Miyako,1,1619305878
paddu,C-Nero,2,PA,F-Miyako,0,1619306044
paddu,C-Nero,2,PA,F-Miyako,0,1619306142
paddu,C-Nero,1,PA,F-Miyako,2,1619306397
paddu,C-Nero,1,PA,F-Miyako,2,1619306637
paddu,C-Nero,2,PA,F-Miyako,0,1619306779
paddu,C-Nero,1,PA,F-Miyako,2,1619306916
paddu,C-Nero,2,PA,F-Miyako,1,1619307059
paddu,C-Nero,1,PA,F-Miyako,2,1619307268
paddu,C-Nero,2,PA,F-Miyako,1,1619307410
paddu,C-Nero,0,PA,F-Miyako,2,1619307517
paddu,C-Nero,2,PA,F-Miyako,1,1619307743
paddu,C-Nero,2,nana,H-Len,0,1619359605
paddu,C-Nero,2,nana,H-Len,1,1619359801
paddu,C-Nero,2,nana,H-Len,0,1619359953
paddu,C-Nero,2,nana,H-Len,0,1619360085
paddu,C-Nero,2,nana,H-Len,1,1619360330
paddu,C-Nero,2,nana,H-Len,0,1619360445
paddu,C-Nero,2,nana,H-Len,1,1619360702
paddu,C-Nero,0,nana,H-Len,2,1619360817
paddu,C-Nero,2,nana,H-Len,1,1619361043
paddu,C-Nero,2,nana,H-Len,0,1619361217
paddu,C-Nero,2,nana,H-Len,0,1619361359
paddu,C-Nero,2,Change your name,F-Kouma,0,1619369639
paddu,C-Nero,2,Change your name,F-Kouma,0,1619369728
paddu,C-Nero,2,Change your name,F-Kouma,0,1619369823
paddu,C-Nero,2,Change your name,F-Kouma,0,1619369919
paddu,C-Nero,2,Change your name,F-Kouma,0,1619370036
paddu,C-Nero,2,Change your name,F-Kouma,0,1619370146
paddu,C-Nero,2,Change your name,F-Kouma,0,1619370230
paddu,C-Nero,2,Change your name,F-Kouma,0,1619370326
paddu,C-Nero,2,Change your name,F-Kouma,0,1619370435
paddu,C-Nero,2,Change your name,F-Kouma,0,1619370543
paddu,C-Nero,2,Change your name,F-Kouma,0,1619370645
paddu,C-Nero,2,Change your name,F-Kouma,0,1619370768
paddu,C-Nero,2,Change your name,F-Kouma,0,1619370874
paddu,C-Nero,2,Change your name,F-Kouma,0,1619370990
paddu,C-Nero,2,Change your name,F-Kouma,0,1619371111
paddu,C-Nero,2,Change your name,F-Kouma,0,1619371248
paddu,C-Nero,2,Change your name,F-Kouma,0,1619371381
paddu,C-Nero,2,Change your name,F-Kouma,0,1619371480
paddu,C-Nero,2,Change your name,F-Kouma,0,1619371566
paddu,C-Nero,2,Change your name,F-Kouma,0,1619371671
paddu,H-Nero,2,Magemo,H-Nero,0,1619373602
paddu,H-Nero,2,Magemo,H-Nero,0,1619373752
paddu,H-Nero,2,Magemo,H-Nero,0,1619373915
paddu,H-Nero,2,Magemo,H-Nero,0,1619374044
paddu,H-Nero,2,Magemo,H-Nero,0,1619374162
paddu,H-Nero,2,Magemo,H-Nero,0,1619374304
paddu,H-Nero,2,Magemo,H-Nero,0,1619374424
paddu,H-Nero,2,Magemo,H-Nero,0,1619374611
paddu,H-Nero,2,Magemo,H-Nero,0,1619374744
paddu,H-Nero,2,Magemo,H-Nero,0,1619374915
paddu,C-Nero,2,Change your name,C-Sion,0,1619386571
paddu,C-Nero,2,Change your name,C-Sion,0,1619386646
paddu,C-Nero,2,Change your name,C-Sion,0,1619386733
paddu,C-Nero,2,Change your name,C-Sion,0,1619386830
paddu,C-Nero,2,Change your name,C-Sion,0,1619386901
paddu,C-Nero,2,Change your name,C-Sion,0,1619386988
paddu,C-Nero,2,Change your name,C-Sion,0,1619387099
paddu,C-Nero,2,Change your name,C-Sion,0,1619387204
paddu,C-Nero,2,Change your name,C-Sion,0,1619387323
paddu,C-Nero,2,Change your name,C-Sion,0,1619387410
paddu,C-Nero,2,Change your name,C-Sion,0,1619387491
paddu,C-Nero,2,Change your name,C-Sion,0,1619387568
paddu,C-Nero,2,Change your name,C-Sion,0,1619387654
paddu,C-Nero,2,Change your name,C-Sion,0,1619387725
paddu,C-Nero,2,Change your name,C-Sion,0,1619387813
paddu,C-Nero,2,Change your name,C-Sion,0,1619387886
paddu,C-Nero,2,Change your name,C-Sion,0,1619387983
paddu,C-Nero,2,Ikanistea,C-NekoMech,0,1619555468
paddu,C-Nero,2,Ikanistea,C-NekoMech,0,1619555595
paddu,C-Nero,1,Ikanistea,C-Hisui,2,1619555818
paddu,F-Nero,2,Milord's Servant,C-Hisui,0,1619556730
paddu,H-Nero,2,Trigger,C-Warc,0,1619557066
paddu,H-Nero,2,Trigger,C-Warc,0,1619557167
paddu,H-Nero,2,Trigger,C-Warc,0,1619557293
paddu,H-Nero,2,Trigger,C-Warc,0,1619557409
paddu,H-Nero,2,Trigger,C-Warc,0,1619557509
paddu,C-Warc,2,Trigger,C-S.Akiha,0,1619557628
paddu,C-Warc,2,Trigger,C-S.Akiha,0,1619557752
paddu,C-Warc,2,Trigger,C-S.Akiha,0,1619557838
paddu,C-Warc,2,Trigger,C-S.Akiha,0,1619557917
paddu,F-Aoko,2,Trigger,C-V.Akiha,0,1619558173
paddu,F-Aoko,2,Trigger,C-V.Akiha,1,1619558292
paddu,F-Aoko,2,Trigger,C-V.Akiha,0,1619558379
paddu,F-Aoko,2,Trigger,C-V.Akiha,0,1619558433
paddu,F-Aoko,2,Trigger,C-V.Akiha,0,1619558505
paddu,F-Aoko,2,Trigger,C-V.Akiha,0,1619558608
paddu,F-Aoko,2,Trigger,C-V.Akiha,0,1619558685
paddu,F-Aoko,2,Trigger,C-V.Akiha,0,1619558788
paddu,F-Aoko,2,Trigger,C-V.Akiha,0,1619558856
paddu,F-Aoko,2,Trigger,C-V.Akiha,0,1619558968
paddu,C-Nero,0,Gibins,F-Aoko,2,1619564178
paddu,C-Nero,2,Gibins,F-Aoko,0,1619564253
paddu,C-Nero,2,Gibins,F-Aoko,0,1619564355
paddu,C-Nero,0,Gibins,F-Aoko,2,1619564501
paddu,C-Nero,2,Gibins,F-Aoko,1,1619564651
paddu,C-Nero,0,Gibins,F-Aoko,2,1619564783
paddu,C-Nero,1,Gibins,F-Aoko,2,1619564940
paddu,C-Nero,2,Gibins,F-Aoko,0,1619565056
paddu,C-Nero,0,Gibins,F-Aoko,2,1619565165
paddu,C-Nero,2,Gibins,F-Aoko,1,1619565337
paddu,C-Nero,2,Gibins,F-Aoko,0,1619565473
paddu,C-Nero,2,Gibins,F-Aoko,1,1619565647
paddu,C-Nero,0,Gibins,F-Aoko,2,1619565747
paddu,F-Nero,1,Gibins,F-Aoko,2,1619565956
paddu,F-Nero,1,Gibins,F-Aoko,2,1619566103
paddu,C-Nero,2,Gibins,F-Aoko,0,1619566212
paddu,C-Nero,2,Gibins,F-Aoko,1,1619566386
paddu,C-Nero,1,Gibins,F-Aoko,2,1619566541
paddu,C-Nero,0,Gibins,F-Aoko,2,1619566647
paddu,C-Nero,2,agu,C-Aoko,0,1619608169
paddu,C-Nero,2,agu,C-Aoko,0,1619608255
paddu,C-Nero,2,agu,C-Aoko,0,1619608416
paddu,C-Nero,2,agu,C-Aoko,0,1619608551
paddu,C-Nero,2,agu,C-Aoko,0,1619608683
paddu,C-Nero,2,agu,C-Aoko,0,1619608793
paddu,C-Nero,2,agu,C-Aoko,0,1619608893
paddu,C-Nero,2,agu,C-Aoko,0,1619609018
paddu,C-Nero,2,agu,C-Aoko,0,1619609148
paddu,C-Nero,2,agu,C-Aoko,0,1619609254
paddu,C-Nero,2,agu,C-Aoko,0,1619609357
paddu,C-Nero,2,agu,C-Aoko,0,1619609502
paddu,C-Nero,2,agu,C-Aoko,0,1619609633
paddu,C-Nero,2,agu,C-Aoko,0,1619609777
paddu,C-Nero,2,agu,C-Aoko,0,1619609878
paddu,C-Nero,2,agu,C-Aoko,0,1619610024
paddu,C-Nero,2,agu,C-Aoko,0,1619610142
paddu,C-Nero,2,agu,C-Aoko,0,1619610297
paddu,C-Nero,2,agu,C-Aoko,0,1619610381
paddu,C-Nero,2,agu,C-Aoko,0,1619610494
paddu,C-Nero,2,Demi,H-Satsuki,0,1619626788
paddu,C-Nero,2,Demi,H-Satsuki,0,1619626914
paddu,C-Nero,2,Demi,H-Satsuki,0,1619627021
paddu,C-Nero,2,Demi,H-Satsuki,0,1619627115
paddu,C-Nero,2,Demi,H-Satsuki,0,1619627214
paddu,C-Nero,2,SadStork,H-KohaMech,1,1619629228
paddu,C-Nero,2,SadStork,H-KohaMech,1,1619629388
paddu,C-Nero,2,SadStork,H-KohaMech,0,1619629484
paddu,C-Nero,2,SadStork,H-KohaMech,1,1619629659
paddu,C-Nero,2,SadStork,H-KohaMech,0,1619629792
paddu,C-Nero,2,SadStork,H-KohaMech,0,1619629924
paddu,C-Nero,2,SadStork,H-KohaMech,0,1619630028
paddu,C-Nero,2,SadStork,H-KohaMech,0,1619630210
paddu,C-Nero,2,SadStork,H-KohaMech,0,1619630301
paddu,C-Nero,2,SadStork,H-KohaMech,0,1619630400
paddu,C-Nero,2,SadStork,H-KohaMech,1,1619630560
paddu,C-Nero,2,SadStork,H-KohaMech,0,1619630653
paddu,C-Nero,2,SadStork,H-KohaMech,0,1619630771
paddu,C-Nero,2,SadStork,H-KohaMech,0,1619630911
paddu,C-Nero,2,SadStork,H-KohaMech,0,1619630981
paddu,C-Nero,2,SadStork,H-KohaMech,0,1619631053
paddu,C-Nero,2,SadStork,H-KohaMech,0,1619631149
paddu,C-Nero,2,SadStork,H-KohaMech,0,1619631258
paddu,C-Nero,2,SadStork,H-KohaMech,1,1619631426
paddu,C-Nero,2,SadStork,H-KohaMech,0,1619631532
paddu,C-Nero,2,agu,C-Aoko,0,1619647316
paddu,C-Nero,2,agu,C-Aoko,0,1619647467
paddu,C-Nero,2,agu,C-Aoko,0,1619647556
paddu,C-Nero,2,agu,C-Aoko,0,1619647672
paddu,C-Nero,2,agu,C-Aoko,0,1619647777
paddu,C-Nero,2,agu,C-Aoko,1,1619647949
paddu,C-Nero,2,agu,C-Aoko,0,1619648051
paddu,C-Nero,2,agu,C-Aoko,0,1619648196
paddu,C-Nero,2,agu,C-Aoko,0,1619648308
paddu,C-Nero,2,agu,C-Aoko,0,1619648456
paddu,C-Nero,2,agu,C-Aoko,0,1619648578
paddu,C-Nero,2,agu,C-Aoko,0,1619648713
paddu,C-Nero,2,agu,C-Aoko,1,1619648905
paddu,C-Nero,2,agu,C-Aoko,0,1619648975
paddu,C-Nero,2,agu,C-Aoko,0,1619649112
paddu,C-Nero,1,Gibins,F-Aoko,2,1619652575
paddu,C-Nero,2,Gibins,F-Aoko,0,1619652664
paddu,C-Nero,2,Gibins,F-Aoko,0,1619652792
paddu,C-Nero,2,Gibins,F-Aoko,1,1619653003
paddu,C-Nero,0,Gibins,F-Aoko,2,1619653136
paddu,C-Nero,1,Gibins,F-Aoko,2,1619653295
paddu,C-Nero,2,Gibins,F-Aoko,0,1619653397
paddu,C-Nero,0,joseph,C-Nero,2,1619706828
paddu,C-Nero,2,joseph,C-Nero,0,1619706931
paddu,C-Nero,1,joseph,C-Nero,2,1619707101
paddu,C-Nero,2,joseph,C-Nero,0,1619707176
paddu,C-Nero,2,joseph,C-Nero,0,1619707264
paddu,C-Nero,2,joseph,C-Nero,0,1619707348
paddu,C-Nero,2,joseph,C-Nero,0,1619707470
paddu,C-Nero,2,joseph,C-Nero,0,1619707573
paddu,C-Nero,2,joseph,C-Nero,1,1619707700
paddu,C-Nero,2,joseph,C-Nero,1,1619707839
paddu,C-Nero,2,joseph,C-Nero,1,1619707989
paddu,C-Nero,1,joseph,C-Nero,2,1619708181
paddu,C-Nero,2,joseph,C-Nero,0,1619708290
paddu,C-Nero,2,Hatsune Miku fan,C-Akiha,0,1619710105
paddu,C-Nero,2,Hatsune Miku fan,C-Akiha,0,1619710206
paddu,C-Nero,2,Hatsune Miku fan,C-Akiha,0,1619710314
paddu,C-Nero,2,Hatsune Miku fan,C-Akiha,0,1619710391
paddu,C-Nero,2,Hatsune Miku fan,C-Akiha,0,1619710558
paddu,C-Nero,2,Hatsune Miku fan,C-Akiha,1,1619710717
paddu,C-Nero,2,Luke,F-Miyako,0,1619729867
paddu,C-Nero,2,Luke,F-Miyako,0,1619729953
paddu,C-Nero,2,Luke,F-Miyako,0,1619730068
paddu,C-Nero,2,Luke,F-Miyako,0,1619730175
paddu,C-Nero,2,Luke,F-Miyako,0,1619730266
paddu,C-Nero,2,Luke,F-Miyako,0,1619730345
paddu,C-Nero,2,Houssam (Wifi Warrior),C-Kouma,0,1619795944
paddu,C-Nero,2,Houssam (Wifi Warrior),C-Kouma,0,1619796021
paddu,C-Nero,2,Houssam (Wifi Warrior),C-Kouma,0,1619796101
paddu,C-Nero,2,Houssam (Wifi Warrior),C-Kouma,0,1619796169
paddu,C-Nero,2,Houssam (Wifi Warrior),C-Kouma,0,1619796252
paddu,C-Nero,2,Houssam (Wifi Warrior),C-Kouma,0,1619796340
paddu,C-Nero,2,Houssam (Wifi Warrior),C-Kouma,0,1619796430
paddu,C-Nero,2,Houssam (Wifi Warrior),C-Kouma,0,1619796552
paddu,C-Nero,2,Houssam (Wifi Warrior),C-Kouma,0,1619796637
paddu,C-Nero,2,Houssam (Wifi Warrior),C-Kouma,0,1619796741
paddu,C-Nero,1,Aurablitz (Aurablitz),C-Nanaya,2,1619799634
paddu,C-Nero,1,Aurablitz (Aurablitz),C-Nanaya,2,1619799796
paddu,C-Nero,1,Aurablitz (Aurablitz),C-Nanaya,2,1619799970
paddu,C-Nero,2,Aurablitz (Aurablitz),C-Nanaya,0,1619800064
paddu,C-Nero,1,Aurablitz (Aurablitz),C-Nanaya,2,1619800217
paddu,C-Nero,0,Aurablitz (Aurablitz),C-Nanaya,2,1619800323
paddu,C-Nero,0,Aurablitz (Aurablitz),C-Nanaya,2,1619800436
paddu,C-Nero,2,Aurablitz (Aurablitz),C-Nanaya,1,1619800589
paddu,C-Nero,1,Aurablitz (Aurablitz),C-Nanaya,2,1619800779
paddu,C-Nero,0,Aurablitz (Aurablitz),C-Nanaya,2,1619800906
paddu,C-Nero,0,Aurablitz (Aurablitz),C-Nanaya,2,1619801024
paddu,C-Nero,2,teapS,C-Wara,1,1619817183
paddu,C-Nero,2,teapS,C-Wara,0,1619817289
paddu,C-Nero,2,teapS,C-Wara,1,1619817457
paddu,C-Nero,2,teapS,C-Wara,1,1619817624
paddu,C-Nero,2,teapS,C-Wara,1,1619817782
paddu,C-Nero,0,teapS,C-Wara,2,1619817923
paddu,C-Nero,2,teapS,C-Wara,1,1619818090
paddu,C-Nero,2,teapS,C-Wara,0,1619818226
paddu,C-Nero,2,teapS,C-Wara,0,1619818336
paddu,C-Nero,2,teapS,C-Wara,0,1619818503
paddu,C-Nero,2,teapS,C-Wara,0,1619818660
paddu,C-Nero,2,   Kei the Digimon Lover,C-Satsuki,0,1619883628
paddu,C-Nero,2,   Kei the Digimon Lover,C-Satsuki,0,1619883741
paddu,C-Nero,2,   Kei the Digimon Lover,C-Satsuki,1,1619883896
paddu,C-Nero,2,   Kei the Digimon Lover,C-Satsuki,1,1619884021
paddu,C-Nero,2,   Kei the Digimon Lover,C-Satsuki,0,1619884110
paddu,C-Nero,2,   Kei the Digimon Lover,C-Satsuki,0,1619884255
paddu,C-Nero,1,   Kei the Digimon Lover,C-Satsuki,2,1619884503
paddu,C-Nero,2,   Kei the Digimon Lover,C-Satsuki,1,1619884721
paddu,C-Nero,2,   Kei the Digimon Lover,C-Satsuki,1,1619884918
paddu,C-Nero,2,   Kei the Digimon Lover,C-Satsuki,0,1619885066
paddu,C-Nero,2,   Kei the Digimon Lover,C-Satsuki,0,1619885223
paddu,C-Nero,2,VilkaShekotki,F-Miyako,0,1619892034
paddu,C-Nero,1,VilkaShekotki,F-Miyako,2,1619892206
paddu,C-Nero,2,VilkaShekotki,F-Miyako,1,1619892346
paddu,C-Nero,1,VilkaShekotki,F-Miyako,2,1619892514
paddu,C-Nero,2,VilkaShekotki,F-Miyako,1,1619892697
paddu,C-Nero,2,VilkaShekotki,F-Miyako,1,1619892848
paddu,C-Nero,1,VilkaShekotki,F-Miyako,2,1619893019
paddu,C-Nero,2,VilkaShekotki,F-Miyako,1,1619893219
paddu,C-Nero,1,VilkaShekotki,F-Miyako,2,1619893410
paddu,C-Nero,1,VilkaShekotki,F-Miyako,2,1619893567
paddu,C-Nero,2,VilkaShekotki,F-Miyako,0,1619893699
paddu,C-Nero,2,VilkaShekotki,F-Miyako,0,1619893821
paddu,H-Nero,2,Cat Elnuk,C-Arc,1,1619895540
paddu,H-Nero,2,Cat Elnuk,C-Arc,1,1619895773
paddu,H-Nero,2,Cat Elnuk,C-Arc,1,1619895972
paddu,H-Nero,2,Cat Elnuk,C-Arc,1,1619896196
paddu,H-Nero,0,Cat Elnuk,C-Arc,2,1619896381
paddu,H-Nero,2,Cat Elnuk,C-Arc,1,1619896600
paddu,F-Satsuki,2,LowQualityMemes,F-Ryougi,0,1619900978
paddu,F-Satsuki,2,LowQualityMemes,F-Ryougi,0,1619901069
paddu,F-Satsuki,2,LowQualityMemes,F-Ryougi,0,1619901153
paddu,F-Satsuki,2,LowQualityMemes,F-Ryougi,0,1619901261
paddu,F-Satsuki,2,LowQualityMemes,F-Ryougi,0,1619901381
paddu,F-Satsuki,2,LowQualityMemes,F-Ryougi,1,1619901552
paddu,F-Satsuki,2,LowQualityMemes,F-Ryougi,1,1619901717
paddu,F-Satsuki,2,LowQualityMemes,F-Ryougi,0,1619901828
paddu,F-Satsuki,2,LowQualityMemes,F-Ryougi,0,1619901947
paddu,F-Satsuki,2,LowQualityMemes,F-Ryougi,0,1619902044
paddu,F-Satsuki,2,LowQualityMemes,F-Ryougi,0,1619902149
paddu,F-Satsuki,2,LowQualityMemes,F-Ryougi,0,1619902244
paddu,F-Satsuki,2,LowQualityMemes,F-Ryougi,0,1619902350
paddu,F-Satsuki,2,LowQualityMemes,F-Ryougi,0,1619902451
paddu,F-Satsuki,2,LowQualityMemes,F-Ryougi,1,1619902640
paddu,F-Satsuki,2,LowQualityMemes,F-Ryougi,0,1619902703
paddu,F-Satsuki,2,LowQualityMemes,F-Ryougi,0,1619902801
paddu,F-Satsuki,2,LowQualityMemes,F-Ryougi,0,1619902898
paddu,F-Satsuki,2,LowQualityMemes,F-Ryougi,0,1619902972
paddu,F-Satsuki,2,LowQualityMemes,F-Ryougi,0,1619903065
paddu,F-V.Akiha,2,Demi,H-Satsuki,0,1619961631
paddu,F-V.Akiha,2,Demi,H-Satsuki,0,1619961757
paddu,F-V.Akiha,2,Demi,H-Satsuki,0,1619961838
paddu,F-V.Akiha,2,Demi,H-Satsuki,1,1619962031
paddu,F-V.Akiha,2,Demi,H-Satsuki,0,1619962163
paddu,F-V.Akiha,2,Demi,H-Satsuki,0,1619962252
paddu,F-V.Akiha,2,Demi,H-Satsuki,0,1619962350
paddu,C-Nero,2,Hatsune Miku fan,C-Akiha,0,1619979898
paddu,C-Nero,2,Hatsune Miku fan,C-Akiha,0,1619979981
paddu,C-Aoko,2,VilkaShekotki,C-Wara,0,1619980855
paddu,C-Aoko,2,VilkaShekotki,F-Miyako,0,1619981013
paddu,C-Nero,1,Regeci,C-Nanaya,2,1619984186
paddu,C-Nero,2,Regeci,C-Nanaya,0,1619984291
paddu,C-Nero,2,Regeci,C-Nanaya,0,1619984414
paddu,C-Nero,2,Regeci,F-Tohno,1,1619984586
paddu,C-Nero,2,Draig,F-Ryougi,0,1619985892
paddu,C-Nero,2,Draig,F-Ryougi,0,1619985994
paddu,F-V.Akiha,2,sx20,H-V.Sion,0,1619990872
paddu,F-V.Akiha,2,sx20,H-V.Sion,0,1619990975
paddu,F-V.Akiha,2,sx20,H-V.Sion,0,1619991126
paddu,F-V.Akiha,2,sx20,H-V.Sion,1,1619991308
paddu,F-V.Akiha,2,sx20,H-V.Sion,0,1619991405
paddu,F-V.Akiha,2,sx20,H-V.Sion,0,1619991495
paddu,F-V.Akiha,2,sx20,H-V.Sion,0,1619991607
paddu,F-V.Akiha,2,sx20,H-V.Sion,1,1619991724
paddu,F-V.Akiha,2,sx20,H-V.Sion,0,1619991836
paddu,F-V.Akiha,2,sx20,H-V.Sion,0,1619991941
paddu,C-Aoko,2,Taylor Wesker,C-Arc,0,1598189663
paddu,C-Aoko,2,Taylor Wesker,C-Arc,0,1598189785
paddu,C-Aoko,1,Taylor Wesker,C-Arc,2,1598189952
paddu,C-Aoko,2,Taylor Wesker,C-Arc,1,1598190095
paddu,C-Aoko,2,Taylor Wesker,C-Arc,0,1598190245
paddu,C-Aoko,2,Taylor Wesker,C-Arc,1,1598190382
paddu,C-Aoko,2,Taylor Wesker,C-Arc,0,1598190478
paddu,C-Aoko,1,Taylor Wesker,C-Arc,2,1598190632
paddu,C-Aoko,2,Taylor Wesker,C-Arc,1,1598190821
paddu,C-Aoko,2,Taylor Wesker,C-Arc,0,1598190948
paddu,C-Aoko,2,Taylor Wesker,C-Arc,0,1598191057
paddu,C-Aoko,2,Taylor Wesker,C-Arc,1,1598191239
paddu,C-Aoko,2,Taylor Wesker,C-Arc,1,1598191425
paddu,C-Aoko,2,Taylor Wesker,C-Arc,0,1598191538
paddu,C-Aoko,2,Taylor Wesker,C-Arc,1,1598191710
paddu,C-Aoko,2,Taylor Wesker,C-Arc,1,1598191875
paddu,C-Aoko,1,Taylor Wesker,C-Arc,2,1598192038
paddu,C-Aoko,2,Taylor Wesker,C-Arc,1,1598192180
paddu,C-Aoko,2,Taylor Wesker,C-Arc,0,1598192274
paddu,C-Aoko,2,Taylor Wesker,C-Arc,0,1598192414
paddu,C-Aoko,2,Taylor Wesker,C-Arc,1,1598192577
paddu,C-Aoko,2,Taylor Wesker,C-Arc,0,1598192718
paddu,C-Aoko,0,Sliicer,H-Kohaku,2,1598200341
paddu,C-Aoko,2,Sliicer,H-Kohaku,0,1598200478
paddu,C-Aoko,2,Sliicer,H-Kohaku,0,1598200582
paddu,C-Aoko,1,Sliicer,H-Kohaku,2,1598200727
paddu,C-Aoko,2,Sliicer,H-Kohaku,0,1598200896
paddu,C-Aoko,0,Sliicer,H-Kohaku,2,1598201026
paddu,C-Aoko,2,Sliicer,H-Kohaku,1,1598201173
paddu,C-Aoko,2,Sliicer,H-Kohaku,0,1598201327
paddu,C-Aoko,0,Sliicer,H-Kohaku,2,1598201454
paddu,C-Aoko,2,Sliicer,H-Kohaku,1,1598201620
paddu,C-Aoko,2,Sliicer,H-Kohaku,0,1598201783
paddu,C-Aoko,2,Sliicer,H-Kohaku,1,1598202053
paddu,C-Aoko,1,Sliicer,H-Kohaku,2,1598202236
paddu,C-Aoko,2,Sliicer,H-Kohaku,1,1598202455
paddu,C-Aoko,2,Sliicer,H-Kohaku,1,1598202605
paddu,C-Aoko,0,Sliicer,H-Kohaku,2,1598203139
paddu,C-Aoko,1,Sliicer,H-Kohaku,2,1598203288
paddu,C-Aoko,2,Change your name,F-Aoko,0,1598213487
paddu,C-Aoko,2,Change your name,F-Aoko,0,1598213613
paddu,C-Aoko,2,Change your name,F-Aoko,0,1598213711
paddu,C-Aoko,2,Change your name,F-Aoko,1,1598213874
paddu,C-Aoko,2,Change your name,F-Aoko,0,1598214016
paddu,C-Aoko,2,Change your name,F-Aoko,0,1598214121
paddu,C-Aoko,2,Change your name,F-Aoko,0,1598214278
paddu,C-Aoko,2,Change your name,F-Aoko,0,1598214381
paddu,C-Aoko,2,Change your name,F-Aoko,0,1598214494
paddu,C-Aoko,2,Change your name,F-Aoko,0,1598214610
paddu,C-Aoko,2,Change your name,F-Aoko,0,1598214700
paddu,C-Aoko,2,Change your name,F-Aoko,0,1598214837
paddu,C-Aoko,2,Change your name,F-Aoko,0,1598214933
paddu,C-Aoko,2,Change your name,F-Aoko,0,1598215037
paddu,C-Aoko,2,Change your name,F-Aoko,0,1598215116
paddu,C-Aoko,2,Change your name,F-Aoko,0,1598215206
paddu,C-Aoko,2,Change your name,F-Aoko,0,1598215318
paddu,C-Aoko,2,Change your name,F-Aoko,0,1598215460
paddu,C-Aoko,2,Change your name,F-Aoko,0,1598215534
paddu,C-Aoko,2,Change your name,F-Aoko,0,1598215635
paddu,C-Nero,3,Lama,C-Kohaku,0,1598571115
paddu,C-Nero,3,Lama,C-Kohaku,0,1598571562
paddu,C-Nero,3,Lama,C-Kohaku,0,1598571918
paddu,C-Nero,3,Lama,C-Kohaku,0,1598572071
paddu,C-Nero,3,Lama,C-Kohaku,0,1598572454
paddu,C-Nero,3,Lama,C-Kohaku,0,1598572630
paddu,C-Nero,3,Lama,C-Kohaku,1,1598572856
paddu,C-Nero,3,Lama,C-Kohaku,0,1598573006
paddu,C-Nero,3,Lama,C-Kohaku,0,1598573173
paddu,C-Nero,0,I like Askeladd from Vinland Saga,C-KohaMech,2,1598573795
paddu,C-Nero,1,I like Askeladd from Vinland Saga,C-KohaMech,2,1598574053
paddu,C-Nero,1,I like Askeladd from Vinland Saga,C-KohaMech,2,1598574261
paddu,C-Nero,0,I like Askeladd from Vinland Saga,C-KohaMech,2,1598574422
paddu,C-Nero,2,I like Askeladd from Vinland Saga,C-KohaMech,1,1598574628
paddu,C-Nero,1,I like Askeladd from Vinland Saga,C-KohaMech,2,1598574813
paddu,C-Nero,0,I like Askeladd from Vinland Saga,C-KohaMech,2,1598574948
paddu,C-Nero,1,I like Askeladd from Vinland Saga,C-KohaMech,2,1598575123
paddu,C-Nero,1,I like Askeladd from Vinland Saga,C-KohaMech,2,1598575334
paddu,C-Nero,1,I like Askeladd from Vinland Saga,C-KohaMech,2,1598575575
paddu,C-Nero,2,I like Askeladd from Vinland Saga,C-KohaMech,1,1598575725
paddu,C-Nero,1,I like Askeladd from Vinland Saga,C-KohaMech,2,1598575876
paddu,C-Nero,3,Lama,C-Kohaku,0,1598622495
paddu,C-Nero,3,Lama,C-Kohaku,0,1598622734
paddu,C-Nero,3,Lama,C-Kohaku,0,1598622899
paddu,C-Nero,0,Aurablitz,C-Nanaya,2,1598623067
paddu,C-Nero,1,Aurablitz,C-Nanaya,2,1598623283
paddu,C-Nero,0,Aurablitz,C-Nanaya,2,1598623381
paddu,C-Nero,0,Aurablitz,C-Nanaya,2,1598623542
paddu,C-Nero,0,Aurablitz,C-Nanaya,2,1598623630
paddu,C-Nero,1,Aurablitz,C-Nanaya,2,1598623802
paddu,C-Nero,1,Aurablitz,C-Nanaya,2,1598624023
paddu,C-Nero,2,Aurablitz,C-Nanaya,0,1598624177
paddu,C-Nero,1,Aurablitz,C-Nanaya,2,1598624352
paddu,C-Nero,2,Aurablitz,C-Nanaya,0,1598624480
paddu,C-Nero,0,Aurablitz,C-Nanaya,2,1598624584
paddu,C-Nero,2,EIiitti,C-Kohaku,0,1598626639
paddu,C-Nero,2,EIiitti,C-Kohaku,1,1598626812
paddu,C-Nero,2,EIiitti,C-Kohaku,1,1598627002
paddu,C-Nero,2,EIiitti,C-Kohaku,0,1598627152
paddu,C-Nero,2,EIiitti,C-Kohaku,1,1598627305
paddu,C-Nero,2,EIiitti,C-Kohaku,0,1598627440
paddu,C-Nero,2,EIiitti,C-Kohaku,1,1598627584
paddu,C-Nero,2,EIiitti,C-Kohaku,1,1598627743
paddu,C-Nero,2,EIiitti,C-Kohaku,0,1598627886
paddu,C-Nero,1,EIiitti,C-Kohaku,2,1598628039
paddu,C-Nero,1,EIiitti,C-Kohaku,2,1598628247
paddu,C-Nero,1,EIiitti,C-Kohaku,2,1598628484
paddu,H-Nero,2,Gibins,F-Aoko,1,1598642271
paddu,H-Nero,0,Gibins,F-Aoko,2,1598642426
paddu,H-Nero,1,Gibins,F-Aoko,2,1598642597
paddu,H-Nero,2,Gibins,F-Aoko,0,1598642700
paddu,C-Aoko,2,Magiwielek,C-Sion,0,1598651543
paddu,C-Aoko,2,Magiwielek,C-Sion,0,1598651642
paddu,C-Aoko,2,Magiwielek,C-Sion,0,1598651749
paddu,C-Aoko,2,Magiwielek,C-Sion,0,1598651828
paddu,C-Aoko,2,Magiwielek,C-Sion,0,1598651934
paddu,C-Aoko,2,Magiwielek,C-Sion,0,1598652042
paddu,C-Aoko,2,Magiwielek,C-Sion,0,1598652162
paddu,C-Aoko,2,Magiwielek,C-Sion,0,1598652297
paddu,C-Aoko,2,Magiwielek,C-Sion,0,1598652441
paddu,C-Aoko,2,Magiwielek,C-Sion,0,1598652570
paddu,H-Nero,2,Magiwielek,C-Sion,0,1598652710
paddu,H-Nero,2,Magiwielek,C-Sion,0,1598652833
paddu,H-Nero,2,Magiwielek,C-Sion,0,1598652937
paddu,H-Nero,2,Magiwielek,C-Sion,0,1598653056
paddu,H-Nero,2,Magiwielek,C-Sion,0,1598653153
paddu,C-Aoko,0,Regeci ,C-Kohaku,2,1598716076
paddu,C-Aoko,2,Regeci ,C-Kohaku,1,1598716238
paddu,C-Aoko,2,Regeci ,C-Kohaku,0,1598716313
paddu,C-Aoko,1,Regeci ,C-Kohaku,2,1598716453
paddu,C-Aoko,0,Regeci ,C-Kohaku,2,1598716553
paddu,C-Aoko,2,Regeci ,C-Kohaku,0,1598716706
paddu,C-Aoko,0,Regeci ,C-Kohaku,2,1598716792
paddu,C-Aoko,1,Regeci ,C-Kohaku,2,1598716979
paddu,C-Aoko,0,Regeci ,C-Kohaku,2,1598717073
paddu,C-Aoko,2,Nissouma55 (Might have lag) (I dont mind getting kicked),H-S.Akiha,0,1598719970
paddu,C-Aoko,1,Nissouma55 (Might have lag) (I dont mind getting kicked),H-S.Akiha,2,1598720163
paddu,C-Aoko,2,Nissouma55 (Might have lag) (I dont mind getting kicked),H-S.Akiha,1,1598720347
paddu,C-Aoko,2,Nissouma55 (Might have lag) (I dont mind getting kicked),H-S.Akiha,0,1598720458
paddu,C-Aoko,2,Nissouma55 (Might have lag) (I dont mind getting kicked),H-S.Akiha,1,1598720638
paddu,C-Aoko,0,Nissouma55 (Might have lag) (I dont mind getting kicked),H-S.Akiha,2,1598720796
paddu,C-Aoko,2,Nissouma55 (Might have lag) (I dont mind getting kicked),H-S.Akiha,1,1598720953
paddu,C-Aoko,2,Nissouma55 (Might have lag) (I dont mind getting kicked),H-S.Akiha,1,1598721149
paddu,C-Aoko,1,Nissouma55 (Might have lag) (I dont mind getting kicked),H-S.Akiha,2,1598721408
paddu,C-Aoko,2,Nissouma55 (Might have lag) (I dont mind getting kicked),H-S.Akiha,1,1598721608
paddu,C-Aoko,0,Nissouma55 (Might have lag) (I dont mind getting kicked),H-S.Akiha,2,1598721747
paddu,C-Aoko,2,Nissouma55 (Might have lag) (I dont mind getting kicked),H-S.Akiha,0,1598721874
paddu,C-Aoko,2,Nissouma55 (Might have lag) (I dont mind getting kicked),H-S.Akiha,1,1598722048
paddu,C-Aoko,1,Nissouma55 (Might have lag) (I dont mind getting kicked),F-Akiha,2,1598722260
paddu,C-Aoko,1,Nissouma55 (Might have lag) (I dont mind getting kicked),F-Akiha,2,1598722448
paddu,C-Aoko,2,Nissouma55 (Might have lag) (I dont mind getting kicked),F-Akiha,1,1598722622
paddu,C-Aoko,0,Nissouma55 (Might have lag) (I dont mind getting kicked),F-Akiha,2,1598722714
paddu,C-Aoko,2,Nissouma55 (Might have lag) (I dont mind getting kicked),F-Akiha,1,1598722942
paddu,C-Aoko,0,Nissouma55 (Might have lag) (I dont mind getting kicked),F-Akiha,2,1598723090
paddu,C-Aoko,2,Nissouma55 (Might have lag) (I dont mind getting kicked),F-Akiha,0,1598723241
paddu,C-Aoko,2,Kougaon,C-S.Akiha,1,1598735552
paddu,C-Aoko,0,Kougaon,C-S.Akiha,2,1598735697
paddu,C-Aoko,2,Kougaon,C-S.Akiha,0,1598735885
paddu,C-Aoko,2,Kougaon,C-S.Akiha,1,1598736118
paddu,C-Aoko,0,Kougaon,C-S.Akiha,2,1598736263
paddu,C-Aoko,0,Kougaon,C-S.Akiha,2,1598736474
paddu,C-Aoko,2,Kougaon,C-S.Akiha,0,1598736570
paddu,C-Aoko,0,Kougaon,C-S.Akiha,2,1598736728
paddu,C-Aoko,2,Kougaon,C-S.Akiha,1,1598736944
paddu,C-Nero,0,Draig,F-Ryougi,2,1598741717
paddu,C-Nero,2,Draig,F-Ryougi,1,1598741872
paddu,C-Nero,1,Draig,F-Ryougi,2,1598742030
paddu,C-Nero,0,Draig,F-Ryougi,2,1598742168
paddu,C-Nero,0,Draig,F-Ryougi,2,1598742286
paddu,C-Nero,2,Draig,F-Ryougi,0,1598742391
paddu,C-Nero,2,Draig,F-Ryougi,1,1598742604
paddu,C-Nero,2,Draig,F-Ryougi,1,1598742796
paddu,C-Nero,0,Draig,F-Ryougi,2,1598742935
paddu,C-Nero,2,Draig,F-Ryougi,1,1598743125
paddu,C-Nero,1,Draig,F-Ryougi,2,1598743295
paddu,C-Nero,2,Draig,F-Ryougi,0,1598743393
paddu,C-Nero,2,Draig,F-Ryougi,1,1598743592
paddu,C-Nero,2,Draig,F-Ryougi,0,1598743693
paddu,C-Nero,1,Draig,F-Ryougi,2,1598743854
paddu,C-Nero,2,Draig,F-Ryougi,0,1598743935
paddu,C-Nero,2,Draig,F-Ryougi,1,1598744073
paddu,C-Nero,1,Draig,F-Ryougi,2,1598744238
paddu,C-Nero,0,Draig,F-Ryougi,2,1598744386
paddu,C-Nero,2,Draig,F-Ryougi,0,1598744523
paddu,C-Nero,1,Draig,F-Ryougi,2,1598744675
paddu,C-Nero,1,Draig,F-Ryougi,2,1598744836
paddu,C-Nero,2,Draig,F-Ryougi,0,1598744919
paddu,C-Nero,2,Draig,F-Ryougi,1,1598745071
paddu,C-Nero,1,Draig,F-Ryougi,2,1598745266
paddu,C-Nero,2,Draig,F-Ryougi,0,1598745351
paddu,C-Nero,1,Draig,F-Ryougi,2,1598745505
paddu,C-Nero,2,Draig,F-Ryougi,0,1598745635
paddu,C-Nero,1,Draig,F-Ryougi,2,1598745810
paddu,C-Nero,2,Draig,F-Ryougi,0,1598745898
paddu,C-Nero,1,Draig,F-Ryougi,2,1598746098
paddu,C-Nero,2,Draig,F-Ryougi,0,1598746193
paddu,C-Nero,2,Draig,F-Ryougi,0,1598746307
paddu,C-Nero,1,Draig,F-Ryougi,2,1598746489
paddu,C-Nero,2,Draig,F-Ryougi,1,1598746663
paddu,C-Nero,2,Draig,F-Ryougi,0,1598746757
paddu,C-Aoko,2,Change your name,C-Akiha,0,1599232386
paddu,C-Aoko,2,Change your name,C-Akiha,0,1599232534
paddu,C-Aoko,2,Change your name,C-Akiha,0,1599232697
paddu,C-Aoko,0,Change your name,C-Akiha,2,1599232820
paddu,C-Aoko,2,Change your name,C-Akiha,0,1599232958
paddu,C-Aoko,2,Change your name,C-Akiha,1,1599233152
paddu,C-Aoko,2,Change your name,C-Akiha,0,1599233266
paddu,C-Aoko,2,Change your name,C-Akiha,0,1599233403
paddu,C-Aoko,1,109.51.159.127,F-Nanaya,2,1599234850
paddu,C-Aoko,2,109.51.159.127,F-Nanaya,1,1599235008
paddu,C-Aoko,2,109.51.159.127,F-Nanaya,1,1599235176
paddu,C-Aoko,1,109.51.159.127,F-Nanaya,2,1599235325
paddu,C-Aoko,0,109.51.159.127,F-Nanaya,2,1599235446
paddu,C-Aoko,2,109.51.159.127,F-Nanaya,0,1599235554
paddu,C-Aoko,2,109.51.159.127,F-Nanaya,1,1599235725
paddu,C-Aoko,2,109.51.159.127,F-Nanaya,1,1599235865
paddu,C-Aoko,2,109.51.159.127,F-Nanaya,1,1599236031
paddu,C-Aoko,0,109.51.159.127,F-Nanaya,2,1599236144
paddu,C-Aoko,2,109.51.159.127,F-Nanaya,1,1599236329
paddu,C-Aoko,0,109.51.159.127,F-Nanaya,2,1599236407
paddu,C-Aoko,2,109.51.159.127,F-Nanaya,1,1599236583
paddu,C-Aoko,2,109.51.159.127,F-Nanaya,0,1599236702
paddu,C-Aoko,2,109.51.159.127,F-Nanaya,0,1599236806
paddu,C-Aoko,2,Goofy,H-Arc,1,1599243663
paddu,C-Aoko,2,Goofy,F-S.Akiha,1,1599243856
paddu,C-Nero,2,NERO DESTROYER,C-Kohaku,1,1599245314
paddu,C-Nero,2,NERO DESTROYER,C-Kohaku,0,1599245426
paddu,C-Nero,2,TF Frankbottle,F-Hime,0,1599248412
paddu,C-Nero,2,TF Frankbottle,F-Hime,0,1599248548
paddu,C-Nero,0,TF Frankbottle,F-Hime,2,1599248687
paddu,C-Nero,2,TF Frankbottle,F-Hime,0,1599250851
paddu,C-Nero,2,TF Frankbottle,F-Hime,0,1599250990
paddu,C-Nero,0,TF Frankbottle,F-Hime,2,1599251109
paddu,C-Nero,2,Nar'sie,F-V.Akiha,0,1599339691
paddu,C-Nero,2,Nar'sie,F-V.Akiha,1,1599339837
paddu,C-Nero,1,Nar'sie,F-V.Akiha,2,1599339973
paddu,C-Nero,1,Nar'sie,F-V.Akiha,2,1599340133
paddu,C-Nero,1,Nar'sie,F-V.Akiha,2,1599340292
paddu,C-Nero,1,Nar'sie,F-V.Akiha,2,1599340431
paddu,C-Nero,2,Nar'sie,F-V.Akiha,1,1599340599
paddu,C-Aoko,0,I like Askeladd from Vinland Saga,F-Nero,2,1599342393
paddu,C-Aoko,1,I like Askeladd from Vinland Saga,F-Nero,2,1599342651
paddu,C-Aoko,0,I like Askeladd from Vinland Saga,F-Nero,2,1599342806
paddu,C-Aoko,0,I like Askeladd from Vinland Saga,F-Nero,2,1599342921
paddu,C-Aoko,0,I like Askeladd from Vinland Saga,F-Nero,2,1599343044
paddu,C-Aoko,0,I like Askeladd from Vinland Saga,F-Nero,2,1599343158
paddu,C-Aoko,1,I like Askeladd from Vinland Saga,F-Nero,2,1599343366
paddu,C-Aoko,0,I like Askeladd from Vinland Saga,F-Nero,2,1599343492
paddu,C-Aoko,0,I like Askeladd from Vinland Saga,F-Nero,2,1599343626
paddu,C-Aoko,0,I like Askeladd from Vinland Saga,F-Nero,2,1599343739
paddu,C-Nero,0,I like Askeladd from Vinland Saga,C-Aoko,2,1599343909
paddu,C-Nero,0,I like Askeladd from Vinland Saga,C-Aoko,2,1599344091
paddu,C-Nero,1,I like Askeladd from Vinland Saga,C-Aoko,2,1599344335
paddu,C-Nero,0,I like Askeladd from Vinland Saga,C-Aoko,2,1599344501
paddu,C-Nero,0,I like Askeladd from Vinland Saga,C-Aoko,2,1599344624
paddu,C-Nero,1,I like Askeladd from Vinland Saga,C-Aoko,2,1599344823
paddu,C-Nero,2,I like Askeladd from Vinland Saga,C-Aoko,1,1599345081
paddu,C-Nero,2,I like Askeladd from Vinland Saga,C-Aoko,1,1599345266
paddu,C-Nero,0,I like Askeladd from Vinland Saga,C-Aoko,2,1599345390
paddu,C-Nero,0,I like Askeladd from Vinland Saga,C-Aoko,2,1599345559
paddu,C-Nero,0,I like Askeladd from Vinland Saga,C-Aoko,2,1599345756
paddu,C-Nero,1,I like Askeladd from Vinland Saga,C-Aoko,2,1599345966
paddu,C-Nero,2,Caj,H-Arc,1,1599348661
paddu,C-Nero,2,Caj,H-Arc,0,1599348834
paddu,C-Nero,2,Caj,H-Arc,1,1599349042
paddu,C-Nero,2,Caj,H-Arc,0,1599349180
paddu,C-Nero,2,Caj,H-Arc,0,1599349300
paddu,C-Nero,2,Caj,H-Arc,0,1599349430
paddu,C-Nero,2,Caj,H-Arc,1,1599349619
paddu,C-Nero,2,Caj,H-Arc,0,1599349781
paddu,C-Nero,2,Caj,H-Arc,1,1599349962
paddu,C-Nero,2,Caj,H-Arc,0,1599350092
paddu,C-Nero,2,Caj,H-Arc,0,1599350176
paddu,H-Nero,2,Caj,H-Arc,1,1599350411
paddu,H-Nero,0,Caj,H-Arc,2,1599350544
paddu,H-Nero,2,Caj,H-Arc,0,1599350687
paddu,H-Nero,2,Caj,H-Arc,1,1599350884
paddu,H-Nero,0,Caj,H-Arc,2,1599350992
paddu,H-Nero,2,Caj,H-Arc,0,1599351130
paddu,H-Nero,0,Caj,H-Arc,2,1599351274
paddu,H-Nero,2,Caj,H-Arc,0,1599351425
paddu,H-Nero,2,Caj,H-Arc,1,1599351659
paddu,H-Nero,2,Caj,H-Arc,0,1599351786
paddu,H-Nero,2,Caj,H-Arc,1,1599351953
paddu,H-Nero,1,Caj,H-Arc,2,1599352098
paddu,H-Nero,2,Caj,H-Arc,1,1599352302
paddu,H-Nero,2,Caj,H-Arc,1,1599352489
paddu,C-Nero,2,Change your name,F-Ciel,0,1599401488
paddu,C-Nero,2,Change your name,F-Ciel,0,1599401625
paddu,C-Nero,2,Change your name,F-Ciel,0,1599401736
paddu,C-Nero,2,Change your name,F-Ciel,0,1599401825
paddu,C-Nero,2,Change your name,F-Ciel,0,1599401931
paddu,C-Nero,2,Change your name,F-Ciel,0,1599402032
paddu,C-Nero,2,Change your name,F-Ciel,0,1599402115
paddu,C-Nero,2,Change your name,F-Ciel,0,1599402206
paddu,C-Nero,2,Change your name,F-Ciel,0,1599402290
paddu,C-Nero,2,Change your name,F-Ciel,0,1599402404
paddu,C-Aoko,1,banan,C-Akiha,2,1599419192
paddu,C-Aoko,1,banan,C-Akiha,2,1599419443
paddu,C-Aoko,0,banan,C-Akiha,2,1599419583
paddu,C-Aoko,1,banan,C-Akiha,2,1599419921
paddu,C-Aoko,0,banan,C-Akiha,2,1599420193
paddu,C-Aoko,2,banan,C-Akiha,1,1599420446
paddu,C-Aoko,0,banan,C-Akiha,2,1599420632
paddu,C-Aoko,0,banan,C-Akiha,2,1599420814
paddu,C-Aoko,1,banan,C-V.Akiha,2,1599421090
paddu,C-Aoko,2,banan,C-V.Akiha,1,1599421315
paddu,C-Aoko,2,banan,C-V.Akiha,1,1599421466
paddu,C-Aoko,1,banan,C-V.Akiha,2,1599421640
paddu,C-Aoko,2,banan,C-V.Akiha,1,1599421886
paddu,C-Nero,2,banan,C-V.Akiha,1,1599422059
paddu,C-Nero,0,banan,C-V.Akiha,2,1599422169
paddu,C-Nero,2,banan,C-V.Akiha,0,1599422275
paddu,C-Nero,1,banan,C-Akiha,2,1599422473
paddu,C-Nero,2,banan,C-Akiha,1,1599422699
paddu,C-Nero,0,banan,C-Akiha,2,1599422862
paddu,C-Nero,2,banan,C-Akiha,0,1599423054
paddu,C-Nero,2,banan,C-Akiha,1,1599423274
paddu,C-Nero,1,banan,C-Akiha,2,1599423484
paddu,C-Nero,2,banan,C-Akiha,0,1599423639
paddu,C-Nero,1,banan,C-Akiha,2,1599423883
paddu,C-Nero,2,banan,C-Akiha,1,1599424121
paddu,C-Nero,2,banan,C-Akiha,0,1599424236
paddu,C-Nero,2,banan,C-Akiha,0,1599424380
paddu,C-Nero,0,banan,C-Sion,2,1599424525
paddu,C-Nero,1,banan,C-Sion,2,1599424696
paddu,C-Nero,0,banan,C-Sion,2,1599424798
paddu,C-Nero,2,banan,C-Sion,0,1599424889
paddu,C-Nero,0,banan,C-Sion,2,1599425039
paddu,C-Nero,0,banan,C-Sion,2,1599425171
paddu,C-Nero,0,banan,C-Sion,2,1599425321
paddu,C-Nero,1,banan,C-Sion,2,1599425735
paddu,C-Aoko,2,banan,C-V.Akiha,0,1599433790
paddu,C-Aoko,0,banan,C-V.Akiha,2,1599433947
paddu,C-Aoko,0,banan,C-V.Akiha,2,1599434078
paddu,C-Aoko,0,banan,C-V.Akiha,2,1599434197
paddu,C-Aoko,2,banan,C-V.Akiha,0,1599434366
paddu,C-Aoko,2,banan,C-V.Akiha,1,1599434599
paddu,C-Aoko,0,banan,C-V.Akiha,2,1599434739
paddu,C-Aoko,2,banan,C-V.Akiha,1,1599434907
paddu,C-Aoko,2,banan,C-V.Akiha,1,1599435125
paddu,C-Aoko,2,banan,C-V.Akiha,0,1599435290
paddu,C-Aoko,2,banan,C-V.Akiha,0,1599435389
paddu,C-Aoko,2,banan,C-V.Akiha,0,1599435564
paddu,C-Aoko,1,banan,C-Akiha,2,1599435821
paddu,C-Aoko,1,banan,C-Akiha,2,1599436029
paddu,C-Aoko,0,banan,C-Akiha,2,1599436159
paddu,C-Aoko,2,banan,C-Akiha,1,1599436412
paddu,C-Aoko,1,banan,C-Akiha,2,1599436661
paddu,C-Aoko,0,banan,C-Akiha,2,1599436792
paddu,C-Aoko,2,banan,C-Akiha,0,1599436993
paddu,C-Aoko,2,banan,C-Akiha,1,1599437253
paddu,C-Aoko,0,banan,C-Akiha,2,1599437427
paddu,C-Aoko,1,banan,C-Akiha,2,1599437652
paddu,C-Aoko,0,banan,C-Akiha,2,1599437744
paddu,C-Aoko,2,banan,C-Akiha,1,1599437955
paddu,C-Aoko,0,banan,C-Akiha,2,1599438060
paddu,C-Aoko,1,banan,C-Akiha,2,1599438222
paddu,C-Aoko,1,banan,C-Akiha,2,1599438458
paddu,C-Aoko,0,banan,C-Akiha,2,1599438561
paddu,C-Aoko,0,banan,C-Akiha,2,1599438699
paddu,C-Aoko,1,banan,C-Akiha,2,1599439118
paddu,C-Aoko,0,banan,C-Akiha,2,1599439238
paddu,C-Aoko,1,banan,C-Akiha,2,1599439412
paddu,C-Aoko,2,Ikanistea,C-Hisui,0,1599491213
paddu,C-Aoko,2,Ikanistea,C-Hisui,1,1599491395
paddu,C-Aoko,2,Ikanistea,C-Hisui,0,1599491538
paddu,C-Aoko,0,Ikanistea,C-Hisui,2,1599491665
paddu,C-Aoko,0,Ikanistea,C-Hisui,2,1599491857
paddu,C-Aoko,1,Ikanistea,C-Hisui,2,1599492060
paddu,C-Aoko,2,Ikanistea,C-Hisui,1,1599492279
paddu,C-Aoko,2,Ikanistea,C-Hisui,1,1599492505
paddu,C-Aoko,0,Ikanistea,C-Hisui,2,1599492625
paddu,C-Aoko,2,Ikanistea,C-Hisui,0,1599492738
paddu,C-Aoko,1,Ikanistea,C-Hisui,2,1599492938
paddu,C-Aoko,2,Ikanistea,C-Hisui,1,1599493071
paddu,C-Aoko,1,Ikanistea,C-Hisui,2,1599493277
paddu,C-Aoko,2,Ikanistea,C-Hisui,0,1599493380
paddu,C-Aoko,2,Ikanistea,C-Hisui,1,1599493635
paddu,C-Aoko,2,Ikanistea,C-Hisui,1,1599493849
paddu,C-Aoko,0,Draig,F-Ryougi,2,1599503501
paddu,C-Aoko,0,Draig,F-Ryougi,2,1599503601
paddu,C-Aoko,2,Draig,F-Ryougi,1,1599503764
paddu,C-Aoko,0,Draig,F-Ryougi,2,1599503900
paddu,C-Aoko,1,Draig,F-Ryougi,2,1599504080
paddu,C-Aoko,1,Draig,F-Ryougi,2,1599504246
paddu,C-Aoko,0,Draig,F-Ryougi,2,1599504358
paddu,C-Aoko,1,Draig,F-Ryougi,2,1599504514
paddu,C-Aoko,1,Draig,F-Ryougi,2,1599504676
paddu,C-Aoko,0,Draig,F-Ryougi,2,1599504806
paddu,C-Aoko,0,Draig,F-Ryougi,2,1599504902
paddu,C-Nero,2,Eika,H-Wara,0,1599505259
paddu,C-Nero,2,Eika,H-Wara,1,1599505438
paddu,C-Nero,0,Eika,H-Wara,2,1599505528
paddu,C-Nero,1,Eika,H-Wara,2,1599505712
paddu,C-Nero,0,Eika,H-Wara,2,1599505811
paddu,C-Nero,2,Eika,H-Wara,1,1599505948
paddu,C-Nero,1,Eika,H-Wara,2,1599506102
paddu,C-Nero,1,Eika,H-Wara,2,1599506320
paddu,C-Nero,0,Eika,H-Wara,2,1599506460
paddu,C-Nero,0,Eika,H-Wara,2,1599506591
paddu,C-Nero,1,Eika,H-Wara,2,1599506759
paddu,C-Nero,0,Eika,H-Wara,2,1599506865
paddu,C-Nero,0,Eika,H-Wara,2,1599506987
paddu,C-Nero,2,Quale,H-Ryougi,0,1599510761
paddu,C-Nero,2,Quale,H-Ryougi,0,1599510878
paddu,C-Nero,2,Quale,H-Ryougi,0,1599510952
paddu,C-Nero,2,Quale,H-Ryougi,0,1599511072
paddu,C-Nero,2,Quale,H-Ryougi,0,1599511145
paddu,C-Nero,2,Quale,H-Ryougi,0,1599511271
paddu,C-Nero,2,Quale,H-Ryougi,0,1599511403
paddu,C-Nero,2,Quale,H-Ryougi,0,1599511511
paddu,C-Nero,2,Quale,H-Ryougi,0,1599511617
paddu,C-Nero,2,Quale,H-Ryougi,0,1599511767
paddu,C-Roa,2,Quale,H-Ryougi,0,1599511898
paddu,C-Roa,2,Quale,H-Ryougi,0,1599512001
paddu,C-Roa,2,Quale,H-Ryougi,0,1599512080
paddu,C-Roa,2,Quale,H-Ryougi,0,1599512154
paddu,C-Roa,2,Quale,H-Ryougi,0,1599512290
paddu,C-Roa,2,Quale,H-Ryougi,1,1599512444
paddu,C-Roa,2,Quale,H-Ryougi,0,1599512528
paddu,C-Roa,2,Quale,H-Ryougi,0,1599512632
paddu,C-Roa,2,Quale,H-Ryougi,0,1599512743
paddu,C-Roa,2,Quale,H-Ryougi,0,1599512828
paddu,C-Roa,2,Quale,H-Ryougi,0,1599512946
paddu,C-Roa,2,Quale,H-Ryougi,0,1599513026
paddu,C-Roa,2,Quale,H-Ryougi,0,1599513148
paddu,C-Roa,2,Quale,H-Ryougi,0,1599513243
paddu,C-Roa,2,Quale,H-Ryougi,0,1599513351
paddu,C-Roa,2,Quale,H-Ryougi,0,1599513445
paddu,C-Roa,2,Quale,H-Ryougi,1,1599513626
paddu,C-Roa,2,Quale,H-Ryougi,1,1599513792
paddu,C-Roa,2,Quale,H-Ryougi,0,1599513862
paddu,C-Roa,2,Quale,H-Ryougi,0,1599513974
paddu,C-Roa,0,reach heaven through violence,C-Wara,2,1599518568
paddu,C-Roa,0,reach heaven through violence,C-Wara,2,1599518666
paddu,C-Roa,0,reach heaven through violence,C-Wara,2,1599518814
paddu,C-Roa,0,reach heaven through violence,C-Wara,2,1599518931
paddu,C-Nero,2,reach heaven through violence,C-Wara,0,1599519079
paddu,C-Nero,1,Aurablitz,C-Nanaya,2,1599561994
paddu,C-Nero,1,Aurablitz,C-Nanaya,2,1599562185
paddu,C-Nero,0,Aurablitz,C-Nanaya,2,1599562318
paddu,C-Nero,1,Aurablitz,C-Nanaya,2,1599562438
paddu,C-Nero,2,Aurablitz,C-Nanaya,0,1599562568
paddu,C-Nero,1,Aurablitz,C-Nanaya,2,1599562786
paddu,C-Nero,0,Aurablitz,C-Nanaya,2,1599562910
paddu,C-Nero,0,Aurablitz,C-Nanaya,2,1599563047
paddu,C-Nero,2,Aurablitz,C-Nanaya,0,1599563173
paddu,C-Nero,0,Aurablitz,C-Nanaya,2,1599563329
paddu,C-Nero,1,Aurablitz,C-Nanaya,2,1599563492
paddu,C-Nero,1,Aurablitz,C-Nanaya,2,1599563648
paddu,C-Nero,0,sabreFEELINGS(A.K.A Scool biy),C-Aoko,2,1599566385
paddu,C-Nero,2,sabreFEELINGS(A.K.A Scool biy),C-Aoko,1,1599566522
paddu,C-Nero,2,sabreFEELINGS(A.K.A Scool biy),C-Aoko,0,1599566622
paddu,C-Nero,2,sabreFEELINGS(A.K.A Scool biy),C-Aoko,0,1599566727
paddu,C-Nero,2,sabreFEELINGS(A.K.A Scool biy),C-Aoko,0,1599566867
paddu,C-Nero,1,sabreFEELINGS(A.K.A Scool biy),C-Aoko,2,1599567043
paddu,C-Nero,2,sabreFEELINGS(A.K.A Scool biy),C-Aoko,0,1599567175
paddu,C-Nero,0,sabreFEELINGS(A.K.A Scool biy),C-Aoko,2,1599567307
paddu,C-Nero,0,sabreFEELINGS(A.K.A Scool biy),C-Aoko,2,1599567400
paddu,C-Nero,1,sabreFEELINGS(A.K.A Scool biy),C-Aoko,2,1599567564
paddu,C-Nero,2,sabreFEELINGS(A.K.A Scool biy),C-Aoko,1,1599567724
paddu,C-Nero,2,sabreFEELINGS(A.K.A Scool biy),C-Aoko,0,1599567821
paddu,C-Nero,0,sabreFEELINGS(A.K.A Scool biy),C-Aoko,2,1599567963
paddu,C-Nero,0,sabreFEELINGS(A.K.A Scool biy),C-Aoko,2,1599568065
paddu,C-Nero,1,sabreFEELINGS(A.K.A Scool biy),C-Aoko,2,1599568254
paddu,C-Nero,1,sabreFEELINGS(A.K.A Scool biy),C-Aoko,2,1599568421
paddu,C-Nero,2,IOBIT,H-Sion,0,1600380469
paddu,C-Nero,2,IOBIT,H-Sion,0,1600380595
paddu,C-Nero,2,IOBIT,H-Sion,0,1600380673
paddu,C-Nero,2,IOBIT,H-Sion,0,1600380771
paddu,C-Nero,2,IOBIT,H-Sion,0,1600380867
paddu,C-Nero,2,IOBIT,H-Sion,0,1600380959
paddu,C-Nero,2,IOBIT,H-Sion,0,1600381087
paddu,C-Nero,2,IOBIT,H-Sion,0,1600381207
paddu,C-Nero,2,IOBIT,H-Sion,0,1600381296
paddu,C-Nero,2,IOBIT,H-Sion,0,1600381428
paddu,C-Nero,2,EIiitti,C-Kohaku,0,1600446509
paddu,C-Nero,0,EIiitti,C-Kohaku,2,1600446639
paddu,C-Nero,2,EIiitti,C-Kohaku,1,1600446804
paddu,C-Nero,1,EIiitti,C-Kohaku,2,1600446992
paddu,C-Nero,0,EIiitti,C-Kohaku,2,1600447109
paddu,C-Nero,2,EIiitti,C-Kohaku,1,1600447266
paddu,C-Nero,0,EIiitti,C-Kohaku,2,1600447355
paddu,C-Nero,1,EIiitti,C-Kohaku,2,1600447510
paddu,C-Nero,2,EIiitti,C-Kohaku,0,1600447642
paddu,C-Nero,2,EIiitti,C-Kohaku,0,1600447754
paddu,C-Nero,2,EIiitti,C-Kohaku,1,1600447926
paddu,C-Warc,1,VilkaShekotki,F-Miyako,2,1600449699
paddu,C-Warc,1,VilkaShekotki,F-Miyako,2,1600449853
paddu,C-Warc,0,VilkaShekotki,F-Miyako,2,1600449953
paddu,C-Nero,2,VilkaShekotki,F-Miyako,0,1600450072
paddu,C-Nero,0,VilkaShekotki,F-Miyako,2,1600450196
paddu,C-Nero,2,VilkaShekotki,F-Miyako,0,1600450300
paddu,C-Nero,2,VilkaShekotki,F-Miyako,1,1600450449
paddu,C-Nero,2,VilkaShekotki,F-Miyako,0,1600450543
paddu,C-Nero,1,VilkaShekotki,F-Miyako,2,1600450696
paddu,C-Nero,1,VilkaShekotki,F-Miyako,2,1600450893
paddu,C-Sion,2,Dstand4Debil,C-Wara,0,1600523503
paddu,C-Sion,2,Dstand4Debil,C-Wara,0,1600523635
paddu,C-Sion,2,Dstand4Debil,C-Wara,0,1600523775
paddu,C-Sion,2,Dstand4Debil,C-Wara,1,1600523966
paddu,C-Sion,2,Dstand4Debil,C-Wara,0,1600524042
paddu,C-Sion,2,Dstand4Debil,C-Wara,0,1600524173
paddu,C-Sion,2,Dstand4Debil,C-Wara,0,1600524260
paddu,C-Sion,2,Dstand4Debil,C-Wara,0,1600524330
paddu,C-Sion,2,Dstand4Debil,C-Wara,0,1600524467
paddu,C-Sion,2,Dstand4Debil,C-Wara,0,1600524550
paddu,C-Nero,2,Draig,F-Ryougi,1,1600535785
paddu,C-Nero,2,Draig,F-Ryougi,1,1600535907
paddu,C-Nero,0,Draig,F-Ryougi,2,1600535991
paddu,C-Nero,2,Draig,F-Ryougi,0,1600536096
paddu,C-Nero,0,Draig,F-Ryougi,2,1600536195
paddu,C-Nero,2,Draig,F-Ryougi,1,1600536365
paddu,C-Nero,2,Draig,F-Ryougi,1,1600536502
paddu,C-Nero,1,Draig,F-Ryougi,2,1600536671
paddu,C-Nero,1,Draig,F-Ryougi,2,1600536849
paddu,C-Nero,2,Draig,F-Ryougi,1,1600536984
paddu,C-Nero,2,Draig,F-Ryougi,1,1600537167
paddu,C-Nero,2,Draig,F-Ryougi,0,1600537266
paddu,C-Nero,1,Draig,F-Ryougi,2,1600537434
paddu,C-Nero,0,Draig,F-Ryougi,2,1600537557
paddu,C-Nero,0,Draig,F-Ryougi,2,1600537680
paddu,C-Nero,0,Draig,F-Ryougi,2,1600537779
paddu,C-Nero,0,Draig,F-Ryougi,2,1600537940
paddu,C-Nero,2,TengriKhan,H-Maids,0,1600539098
paddu,C-Nero,2,TengriKhan,H-Maids,1,1600539247
paddu,C-Nero,2,FLen is cute,F-Len,1,1600541284
paddu,C-Nero,0,FLen is cute,F-Len,2,1600541437
paddu,C-Nero,2,FLen is cute,F-Len,0,1600541551
paddu,C-Nero,2,Aurablitz2,C-Nanaya,0,1600543315
paddu,C-Nero,1,EIiitti,C-Kohaku,2,1600546193
paddu,C-Nero,2,EIiitti,C-Kohaku,1,1600546382
paddu,C-Nero,2,EIiitti,C-Kohaku,1,1600546585
paddu,C-Nero,0,EIiitti,C-Kohaku,2,1600546723
paddu,C-Nero,1,EIiitti,C-Kohaku,2,1600548758
paddu,C-Nero,2,EIiitti,C-Kohaku,1,1600548934
paddu,C-Nero,2,EIiitti,C-Kohaku,0,1600549067
paddu,C-Nero,2,Eliminaattori,C-Wara,0,1600561523
paddu,C-Nero,2,Eliminaattori,C-Wara,0,1600561620
paddu,C-Nero,2,Eliminaattori,C-Wara,0,1600561734
paddu,C-Nero,2,Eliminaattori,C-Wara,0,1600561808
paddu,C-Nero,2,Eliminaattori,C-Wara,0,1600561923
paddu,C-Nero,2,Eliminaattori,C-Wara,0,1600562013
paddu,C-Nero,2,Eliminaattori,C-Wara,0,1600562108
paddu,C-Nero,2,Change your name,C-Nanaya,0,1600562735
paddu,C-Nero,2,Change your name,C-Nanaya,0,1600562876
paddu,C-Nero,2,Change your name,C-Nanaya,0,1600563023
paddu,C-Nero,2,Change your name,C-Nanaya,0,1600563143
paddu,C-Nero,2,Change your name,C-Nanaya,1,1600563351
paddu,C-Nero,0,Change your name,C-Nanaya,2,1600563497
paddu,C-Nero,2,Change your name,C-Nanaya,0,1600563665
paddu,C-Nero,2,Change your name,C-Nanaya,0,1600563808
paddu,C-Nero,0,Change your name,C-Nanaya,2,1600563936
paddu,C-Nero,2,Change your name,C-Nanaya,0,1600564027
paddu,C-Nero,1,Change your name,C-Nanaya,2,1600564199
paddu,C-Nero,2,Change your name,C-Nanaya,0,1600564318
paddu,C-Nero,1,Change your name,C-Nanaya,2,1600564480
paddu,C-Nero,2,Change your name,C-Nanaya,1,1600564712
paddu,C-Nero,2,Change your name,C-Nanaya,0,1600564865
paddu,C-Nero,2,Change your name,C-Nanaya,0,1600565005
paddu,C-Nero,0,Change your name,C-Nanaya,2,1600565135
paddu,C-Nero,0,Change your name,C-Nanaya,2,1600565226
paddu,C-Nero,1,Change your name,C-Nanaya,2,1600565358
paddu,C-Nero,0,Change your name,C-Nanaya,2,1600565503
paddu,C-Nero,2,Change your name,C-Nanaya,1,1600565666
paddu,C-Nero,2,Change your name,C-Nanaya,0,1600565812
paddu,C-Nero,2,Change your name,C-Nanaya,0,1600565950
paddu,C-Nero,2,Change your name,C-Nanaya,1,1600566110
paddu,C-Nero,2,Change your name,C-Nanaya,0,1600566232
paddu,C-Nero,2,Change your name,C-Nanaya,1,1600566395
paddu,C-Nero,2,Change your name,C-Nanaya,0,1600566537
paddu,C-Nero,0,Change your name,C-Nanaya,2,1600566675
paddu,C-Nero,2,IOBIT,H-Sion,0,1601036201
paddu,C-Nero,2,IOBIT,H-Sion,0,1601036276
paddu,C-Nero,2,IOBIT,H-Sion,0,1601036382
paddu,C-Nero,2,IOBIT,H-Sion,0,1601036476
paddu,C-Nero,2,IOBIT,H-Sion,0,1601036553
paddu,C-Nero,2,IOBIT,H-Sion,1,1601036706
paddu,C-Nero,2,IOBIT,H-Sion,0,1601036818
paddu,C-Nero,2,IOBIT,H-Sion,0,1601036920
paddu,C-Nero,2,IOBIT,H-Sion,0,1601037012
paddu,C-Nero,2,IOBIT,H-Sion,0,1601037147
paddu,C-Nero,2,Dstand4Debil,C-Wara,0,1601055515
paddu,C-Nero,2,Dstand4Debil,C-Wara,0,1601055611
paddu,C-Nero,2,Dstand4Debil,C-Wara,1,1601055767
paddu,C-Nero,2,Dstand4Debil,C-Wara,0,1601055864
paddu,C-Nero,2,Dstand4Debil,C-Wara,0,1601055978
paddu,C-Nero,2,Dstand4Debil,C-Wara,0,1601056084
paddu,C-Nero,0,Dodge,H-V.Sion,2,1601057141
paddu,C-Nero,2,Dodge,H-V.Sion,0,1601057245
paddu,C-Nero,1,Dodge,H-V.Sion,2,1601057380
paddu,C-Nero,2,Aurablitzer,C-Nanaya,0,1601057936
paddu,C-Nero,0,Aurablitzer,C-Nanaya,2,1601058067
paddu,C-Nero,2,Nar'sie,F-V.Akiha,0,1601058657
paddu,C-Nero,2, Regeci,C-Kohaku,0,1601059862
paddu,C-Nero,2,Dodge,H-V.Sion,1,1601061765
paddu,C-Nero,0,Dodge,H-V.Sion,2,1601061850
paddu,C-Aoko,2,Verendum,F-Len,0,1601166704
paddu,C-Aoko,2,Verendum,F-Len,0,1601166829
paddu,C-Aoko,2,Verendum,F-Len,0,1601166929
paddu,C-Aoko,2,Verendum,F-Len,0,1601167011
paddu,C-Aoko,2,Verendum,F-Len,0,1601167120
paddu,C-Aoko,2,Verendum,F-Len,0,1601167200
paddu,C-Aoko,2,Verendum,F-Len,0,1601167331
paddu,C-Aoko,2,Verendum,F-Len,0,1601167462
paddu,C-Aoko,2,Verendum,F-Len,0,1601167574
paddu,C-Aoko,2,Verendum,F-Len,0,1601167706
paddu,C-Aoko,2,Verendum,F-Len,0,1601167810
paddu,C-Aoko,2,Verendum,F-Len,0,1601167913
paddu,C-Aoko,2,Verendum,F-Len,0,1601168026
paddu,C-Aoko,2,Verendum,F-Len,0,1601168124
paddu,C-Aoko,2,Verendum,F-Len,0,1601168254
paddu,C-Aoko,2,Lucid Dream,H-V.Sion,0,1601170560
paddu,C-Aoko,2,Lucid Dream,H-V.Sion,1,1601170749
paddu,C-Nero,2,Lucid Dream,C-V.Akiha,0,1601170828
paddu,C-Nero,2,Lucid Dream,C-V.Akiha,0,1601170930
paddu,C-Nero,2,Lucid Dream,C-V.Akiha,0,1601171045
paddu,C-Nero,2,Lucid Dream,H-V.Sion,1,1601171211
paddu,C-Nero,2,Lucid Dream,H-V.Sion,0,1601171308
paddu,C-Nero,2,Fantomu,C-Nero,0,1601171877
paddu,C-Nero,2,Fantomu,F-Hime,0,1601172013
paddu,C-Nero,2,Fantomu,F-Hime,0,1601172144
paddu,C-Nero,2,Fantomu,F-Hime,0,1601172209
paddu,C-Nero,2,Fantomu,F-Hime,1,1601172365
paddu,C-Nero,2,Fantomu,F-Hime,0,1601172471
paddu,C-Nero,1,Fantomu,F-Hime,2,1601172612
paddu,C-Aoko,2,IOBIT,H-Sion,0,1601209943
paddu,C-Aoko,2,IOBIT,H-Sion,0,1601210057
paddu,C-Aoko,0,IOBIT,H-Sion,2,1601210190
paddu,C-Aoko,2,IOBIT,H-Sion,0,1601210298
paddu,C-Aoko,2,IOBIT,H-Sion,0,1601210420
paddu,C-Aoko,2,IOBIT,H-Sion,0,1601210572
paddu,C-Aoko,2,IOBIT,H-Sion,1,1601210727
paddu,C-Aoko,2,IOBIT,H-Sion,0,1601210839
paddu,C-Aoko,2,IOBIT,H-Sion,0,1601210946
paddu,C-Aoko,2,IOBIT,H-Sion,0,1601211055
paddu,C-Aoko,2,IOBIT,H-Sion,0,1601211160
paddu,C-Nero,1,EIiitti,C-Kohaku,2,1604516782
paddu,C-Nero,1,EIiitti,C-Kohaku,2,1604516982
paddu,C-Nero,0,EIiitti,C-Kohaku,2,1604517079
paddu,C-Nero,0,EIiitti,C-Kohaku,2,1604517193
paddu,C-Nero,0,EIiitti,C-Kohaku,2,1604517293
paddu,C-M.Hisui,1,EIiitti,C-Kohaku,2,1604517519
paddu,C-M.Hisui,0,EIiitti,C-Kohaku,2,1604517640
paddu,C-M.Hisui,0,EIiitti,C-Kohaku,2,1604517747
paddu,C-M.Hisui,0,EIiitti,C-Kohaku,2,1604517856
paddu,C-M.Hisui,0,EIiitti,C-Kohaku,2,1604517972
paddu,C-M.Hisui,2,EIiitti,F-Ciel,0,1604518097
paddu,C-M.Hisui,0,EIiitti,F-Ciel,2,1604518233
paddu,C-M.Hisui,2,EIiitti,F-Ciel,1,1604518405
paddu,C-M.Hisui,0,EIiitti,F-Ciel,2,1604518494
paddu,C-M.Hisui,2,EIiitti,F-Ciel,0,1604518635
paddu,C-M.Hisui,0,EIiitti,F-Ciel,2,1604518768
paddu,C-M.Hisui,0,EIiitti,F-Ciel,2,1604518869
paddu,C-M.Hisui,0,EIiitti,F-Ciel,2,1604519016
paddu,C-Tohno,0,EIiitti,F-Ciel,2,1604519131
paddu,C-Tohno,0,EIiitti,F-Ciel,2,1604519227
paddu,C-Tohno,2,EIiitti,F-Ciel,0,1604519314
paddu,C-Tohno,0,EIiitti,F-Ciel,2,1604519444
paddu,C-Tohno,2,EIiitti,F-Ciel,1,1604519630
paddu,C-Tohno,1,EIiitti,F-Ciel,2,1604519812
paddu,C-Tohno,2,EIiitti,F-Ciel,1,1604520025
paddu,C-Tohno,0,EIiitti,F-Ciel,2,1604520153
paddu,C-Tohno,0,EIiitti,F-Ciel,2,1604520238
paddu,C-Tohno,2,EIiitti,F-Ciel,0,1604520363
paddu,C-Tohno,2,EIiitti,F-Ciel,0,1604520472
paddu,C-Tohno,1,EIiitti,F-Ciel,2,1604520685
paddu,C-Tohno,1,EIiitti,F-Ciel,2,1604520850
paddu,C-Tohno,0,EIiitti,F-Ciel,2,1604520970
paddu,C-Sion,2,Imya I est'YA,C-Sion,0,1605124593
paddu,C-Sion,2,Imya I est'YA,C-Sion,0,1605124687
paddu,C-Sion,2,Imya I est'YA,C-Sion,0,1605124795
paddu,C-Sion,2,Imya I est'YA,C-Sion,0,1605124900
paddu,C-Sion,2,Imya I est'YA,C-Sion,0,1605125007
paddu,C-Sion,2,Imya I est'YA,C-Sion,0,1605125098
paddu,C-Sion,2,Imya I est'YA,C-Sion,0,1605125208
paddu,C-Sion,2,Imya I est'YA,C-Sion,0,1605125274
paddu,C-Sion,2,Imya I est'YA,C-Sion,1,1605125442
paddu,C-Sion,2,Imya I est'YA,C-Sion,0,1605125535
paddu,C-Sion,2,Imya I est'YA,C-Sion,0,1605125604
paddu,C-Sion,2,Imya I est'YA,C-Sion,0,1605125738
paddu,C-Sion,2,Imya I est'YA,C-Sion,0,1605125819
paddu,C-Sion,2,Imya I est'YA,C-Sion,0,1605125897
paddu,C-Sion,2,Imya I est'YA,C-Sion,0,1605126023
paddu,C-Sion,2,Imya I est'YA,C-Sion,0,1605126123
paddu,C-Sion,2,Imya I est'YA,C-Sion,0,1605126250
paddu,C-Sion,2,Imya I est'YA,C-Sion,0,1605126357
paddu,C-Sion,2,Imya I est'YA,C-Sion,0,1605126475
paddu,C-Sion,2,Imya I est'YA,C-Sion,0,1605126579
paddu,C-Sion,0,Gibins,C-Aoko,2,1605137289
paddu,C-Sion,0,Gibins,C-Aoko,2,1605137402
paddu,C-Sion,0,Gibins,C-Aoko,2,1605137514
paddu,C-Sion,1,Gibins,C-Aoko,2,1605137637
paddu,C-Sion,1,Gibins,C-Aoko,2,1605137778
paddu,C-Sion,2,Gibins,C-Aoko,1,1605137946
paddu,C-Sion,1,Gibins,C-Aoko,2,1605138133
paddu,C-Sion,0,Gibins,C-Aoko,2,1605138276
paddu,C-Sion,0,Gibins,C-Aoko,2,1605138376
paddu,C-Sion,0,Gibins,C-Aoko,2,1605138474
paddu,C-Sion,2,Gibins,C-Aoko,1,1605138628
paddu,C-Sion,2,Gibins,C-Aoko,0,1605138735
paddu,C-Sion,0,Gibins,C-Aoko,2,1605138844
paddu,C-Roa,2,Yami,C-Arc,0,1605717265
paddu,C-Roa,2,Yami,C-Arc,0,1605717336
paddu,C-Roa,2,Yami,C-Arc,0,1605717434
paddu,C-Roa,2,Yami,C-Arc,0,1605717538
paddu,C-Roa,2,Yami,C-Arc,0,1605717644
paddu,C-Roa,2,Yami,C-Arc,1,1605717828
paddu,C-Roa,2,Yami,C-Arc,0,1605717928
paddu,C-Roa,2,Yami,C-Arc,0,1605718021
paddu,C-Roa,2,Yami,C-Arc,0,1605718138
paddu,C-Roa,2,Yami,C-Arc,1,1605718325
paddu,F-V.Akiha,0,Cat Elnuk,C-Arc,2,1620154683
paddu,F-V.Akiha,1,Cat Elnuk,C-Arc,2,1620154857
paddu,F-V.Akiha,1,Cat Elnuk,C-Arc,2,1620155035
paddu,F-V.Akiha,2,Cat Elnuk,C-Arc,0,1620155150
paddu,F-V.Akiha,2,Cat Elnuk,C-Arc,0,1620155264
paddu,F-V.Akiha,0,Cat Elnuk,C-Arc,2,1620155384
paddu,F-V.Akiha,2,Cat Elnuk,C-Arc,1,1620155577
paddu,F-V.Akiha,0,Cat Elnuk,C-Arc,2,1620155698
paddu,F-V.Akiha,0,Cat Elnuk,C-Arc,2,1620155805
paddu,F-V.Akiha,2,Cat Elnuk,C-Arc,0,1620155922
paddu,F-V.Akiha,2,Cat Elnuk,C-Arc,1,1620156066
paddu,F-V.Akiha,2,Cat Elnuk,C-Arc,0,1620156221
paddu,F-V.Akiha,2,Cat Elnuk,C-Arc,1,1620156422
paddu,F-V.Akiha,0,Cat Elnuk,C-Arc,2,1620156533
paddu,F-V.Akiha,2,Cat Elnuk,C-Arc,1,1620156680
paddu,F-V.Akiha,1,Cat Elnuk,C-Arc,2,1620156919
paddu,F-V.Akiha,1,Cat Elnuk,C-Arc,2,1620157080
paddu,F-V.Akiha,2,Cat Elnuk,C-Arc,0,1620157172
paddu,F-V.Akiha,2,Cat Elnuk,C-Arc,1,1620157339
paddu,C-Nero,2,5hauz (5A6A6A enjoyer),H-V.Sion,0,1620158928
paddu,C-Nero,2,5hauz (5A6A6A enjoyer),H-V.Sion,0,1620159052
paddu,C-Nero,2,5hauz (5A6A6A enjoyer),H-V.Sion,0,1620159157
paddu,C-Nero,2,5hauz (5A6A6A enjoyer),H-V.Sion,0,1620159244
paddu,C-Nero,2,5hauz (5A6A6A enjoyer),H-V.Sion,0,1620159333
paddu,C-Nero,2,5hauz (5A6A6A enjoyer),H-V.Sion,0,1620159439
paddu,C-Nero,2,5hauz (5A6A6A enjoyer),H-V.Sion,0,1620159509
paddu,C-Nero,2,5hauz (5A6A6A enjoyer),H-V.Sion,0,1620159600
paddu,C-Nero,2,5hauz (5A6A6A enjoyer),H-V.Sion,0,1620159669
paddu,C-Nero,2,5hauz (5A6A6A enjoyer),H-V.Sion,0,1620159765
paddu,C-Roa,0,Gibins,F-Aoko,2,1603040957
paddu,C-Roa,1,Gibins,F-Aoko,2,1603041229
paddu,C-Roa,2,Gibins,F-Aoko,1,1603041416
paddu,C-Roa,1,Gibins,F-Aoko,2,1603041545
paddu,C-Roa,1,Gibins,F-Aoko,2,1603041721
paddu,C-Roa,1,Gibins,F-Aoko,2,1603041895
paddu,C-Roa,2,Gibins,F-Aoko,1,1603042035
paddu,C-Roa,2,Gibins,F-Aoko,1,1603042214
paddu,C-Roa,2,Gibins,F-Aoko,0,1603042317
paddu,C-Roa,0,Gibins,F-Aoko,2,1603042431
paddu,C-Roa,2,Gibins,F-Aoko,1,1603042622
paddu,C-Roa,2,Gibins,F-Aoko,0,1603042688
paddu,C-Roa,2,Gibins,F-Aoko,0,1603042794
paddu,C-Roa,2,84.81.142.110,F-Maids,0,1603053929
paddu,C-Roa,2,84.81.142.110,F-Maids,0,1603054027
paddu,C-Roa,2,84.81.142.110,F-Maids,0,1603054163
paddu,C-Roa,2,84.81.142.110,F-Maids,0,1603054283
paddu,C-Roa,2,84.81.142.110,F-Maids,0,1603054394
paddu,C-Roa,2,84.81.142.110,F-Maids,0,1603054484
paddu,C-Roa,2,84.81.142.110,F-Maids,0,1603054608
paddu,C-Roa,2,84.81.142.110,F-Maids,0,1603054698
paddu,C-Roa,2,84.81.142.110,F-Maids,0,1603054825
paddu,C-Roa,2,84.81.142.110,F-Maids,0,1603054918
paddu,C-Roa,2,84.81.142.110,F-Maids,0,1603055053
paddu,C-Roa,2,84.81.142.110,F-Maids,0,1603055120
paddu,C-Roa,2,84.81.142.110,F-Maids,0,1603055208
paddu,C-Roa,2,84.81.142.110,F-Maids,0,1603055308
paddu,C-Roa,2,84.81.142.110,F-Maids,0,1603055394
paddu,C-Roa,2,84.81.142.110,F-Maids,0,1603055512
paddu,C-Roa,2,84.81.142.110,F-Maids,0,1603055584
paddu,C-Roa,2,84.81.142.110,F-Maids,0,1603055708
paddu,C-Roa,2,84.81.142.110,F-Maids,0,1603055781
paddu,C-Roa,2,84.81.142.110,F-Maids,0,1603055859
paddu,C-Roa,2,bdexsas,C-Roa,0,1603131386
paddu,C-Roa,2,bdexsas,C-Roa,0,1603131460
paddu,C-Roa,2,bdexsas,C-Roa,0,1603131550
paddu,C-Roa,2,bdexsas,C-Roa,0,1603131663
paddu,C-Roa,2,bdexsas,C-Roa,0,1603131799
paddu,C-Roa,2,bdexsas,C-Roa,0,1603131921
paddu,C-Roa,2,Eggroll,C-Kouma,0,1603132741
paddu,C-Roa,2,Eggroll,C-Kouma,0,1603132861
paddu,C-NAC,2,Eggroll,C-NAC,0,1603133013
paddu,C-Nero,2,Eggroll,C-Kouma,0,1603133150
paddu,C-Nero,2,Eggroll,C-Kouma,0,1603133267
paddu,C-Nero,2,Eggroll,C-Kouma,0,1603133368
paddu,C-Roa,2,goongetit,C-Tohno,0,1603138859
paddu,C-Roa,2,goongetit,C-Tohno,0,1603138981
paddu,C-Roa,2,goongetit,C-Tohno,1,1603139134
paddu,C-Roa,2,goongetit,C-Tohno,0,1603139210
paddu,C-Roa,2,goongetit,C-Tohno,0,1603139302
paddu,C-Roa,2,goongetit,C-Tohno,0,1603139399
paddu,C-Roa,2,goongetit,C-Tohno,0,1603139477
paddu,C-Roa,0,bak 2 nero,F-Nero,2,1603140008
paddu,C-Roa,1,bak 2 nero,F-Nero,2,1603140207
paddu,C-Roa,0,bak 2 nero,F-Nero,2,1603140375
paddu,C-Roa,0,bak 2 nero,F-Nero,2,1603140519
paddu,C-Roa,0,bak 2 nero,F-Nero,2,1603140662
paddu,C-Roa,1,banan,C-V.Akiha,2,1603141711
paddu,C-Roa,0,banan,C-V.Akiha,2,1603141905
paddu,C-Roa,1,banan,C-V.Akiha,2,1603142130
paddu,C-Roa,2,banan,C-V.Akiha,0,1603142301
paddu,C-Roa,2,banan,C-V.Akiha,1,1603142459
paddu,C-Roa,2,banan,C-V.Akiha,0,1603142570
paddu,C-Roa,1,banan,C-V.Akiha,2,1603142761
paddu,C-Roa,2,banan,C-V.Akiha,0,1603142844
paddu,C-Roa,0,banan,C-V.Akiha,2,1603143008
paddu,C-Roa,2,banan,C-V.Akiha,0,1603143088
paddu,C-Roa,1,banan,C-V.Akiha,2,1603143277
paddu,C-Roa,0,banan,C-V.Akiha,2,1603143410
paddu,C-Roa,1,banan,C-V.Akiha,2,1603143600
paddu,C-Roa,1,banan,C-V.Akiha,2,1603143779
paddu,C-Roa,2,banan,C-V.Akiha,1,1603144064
paddu,C-Roa,0,banan,C-V.Akiha,2,1603144216paddu,C-Nero,2,PA,C-Aoko,0,1620249344
paddu,C-Nero,1,PA,C-Aoko,2,1620249519
paddu,C-Nero,1,PA,C-Aoko,2,1620249755
paddu,C-Nero,1,PA,C-Aoko,2,1620249971
paddu,C-Nero,1,PA,C-Aoko,2,1620250174
paddu,C-Nero,1,PA,C-Aoko,2,1620250403
paddu,H-Nero,0,PA,C-Aoko,2,1620250564
paddu,H-Nero,0,PA,C-Aoko,2,1620250688
paddu,H-Nero,1,PA,C-Aoko,2,1620250847
paddu,H-Nero,2,PA,C-Aoko,1,1620251005
paddu,H-Nero,2,PA,C-Aoko,1,1620251213
paddu,H-Nero,1,PA,C-Aoko,2,1620251442
paddu,H-Nero,2,PA,C-Aoko,1,1620251608
paddu,H-Nero,1,PA,C-Aoko,2,1620251813
paddu,F-V.Akiha,2,Magemo,C-W.Len,0,1620253080
paddu,F-V.Akiha,2,Magemo,C-W.Len,0,1620253170
paddu,F-V.Akiha,2,Magemo,C-W.Len,1,1620253320
paddu,F-V.Akiha,2,Magemo,C-W.Len,0,1620253423
paddu,F-V.Akiha,2,Magemo,C-W.Len,0,1620253508
paddu,F-V.Akiha,2,Magemo,C-W.Len,0,1620253597
paddu,F-V.Akiha,2,Magemo,C-W.Len,1,1620253766
paddu,F-V.Akiha,2,Magemo,C-W.Len,1,1620253881
paddu,F-V.Akiha,2,Magemo,C-W.Len,0,1620253987
paddu,F-V.Akiha,2,Magemo,C-W.Len,0,1620254089
paddu,F-V.Akiha,2,Magemo,C-W.Len,0,1620254197
paddu,F-V.Akiha,2,Magemo,C-W.Len,0,1620254295
paddu,F-V.Akiha,2,Magemo,C-W.Len,0,1620254387
paddu,F-V.Akiha,2,Magemo,C-W.Len,0,1620254488
paddu,F-V.Akiha,2,Magemo,C-W.Len,1,1620254596
paddu,F-V.Akiha,2,Magemo,H-Aoko,1,1620315939
paddu,F-V.Akiha,2,Magemo,H-Aoko,0,1620316046
paddu,F-V.Akiha,2,Magemo,H-Aoko,0,1620316134
paddu,F-V.Akiha,2,Magemo,H-Aoko,0,1620316257
paddu,F-V.Akiha,2,Magemo,H-Aoko,0,1620316359
paddu,F-V.Akiha,2,Magemo,H-Aoko,1,1620316512
paddu,F-V.Akiha,1,Magemo,H-Aoko,2,1620316663
paddu,F-V.Akiha,2,Magemo,H-Aoko,0,1620316744
paddu,F-V.Akiha,2,Magemo,H-Aoko,0,1620316840
paddu,F-V.Akiha,2,Magemo,H-Aoko,1,1620317010
paddu,F-V.Akiha,2,Magemo,H-Aoko,0,1620317113
paddu,F-V.Akiha,2,Magemo,H-Aoko,0,1620317201
paddu,F-V.Akiha,2,Magemo,H-Aoko,1,1620317332
paddu,F-V.Akiha,2,Magemo,H-Aoko,0,1620317429
paddu,F-V.Akiha,2,Magemo,H-Aoko,1,1620317585
paddu,F-V.Akiha,2,89.82.17.228,F-Ryougi,0,1620320295
paddu,F-V.Akiha,2,89.82.17.228,F-Ryougi,0,1620320393
paddu,F-V.Akiha,2,89.82.17.228,F-Ryougi,0,1620320455
paddu,F-V.Akiha,2,89.82.17.228,F-Ryougi,1,1620320629
paddu,F-V.Akiha,2,89.82.17.228,F-Ryougi,1,1620320787
paddu,F-V.Akiha,2,89.82.17.228,F-Ryougi,0,1620320871
paddu,F-V.Akiha,2,89.82.17.228,F-Ryougi,0,1620320942
paddu,F-V.Akiha,2,89.82.17.228,F-Ryougi,0,1620321032
paddu,F-V.Akiha,1,89.82.17.228,F-Ryougi,2,1620321198
paddu,F-V.Akiha,2,89.82.17.228,F-Ryougi,1,1620321365
paddu,F-V.Akiha,2,89.82.17.228,F-Ryougi,0,1620321440
paddu,F-V.Akiha,2,89.82.17.228,F-Ryougi,0,1620321594
paddu,F-V.Akiha,2,89.82.17.228,F-Ryougi,1,1620321720
paddu,F-V.Akiha,0,insignis,C-Satsuki,2,1620332008
paddu,F-V.Akiha,0,insignis,C-Satsuki,2,1620332136
paddu,F-V.Akiha,0,insignis,C-Satsuki,2,1620332270
paddu,F-V.Akiha,1,insignis,C-Satsuki,2,1620332460
paddu,F-V.Akiha,1,insignis,C-Satsuki,2,1620332609
paddu,F-V.Akiha,1,insignis,C-Satsuki,2,1620332842
paddu,F-V.Akiha,0,insignis,C-Satsuki,2,1620332951
paddu,F-V.Akiha,0,insignis,C-Satsuki,2,1620333100
paddu,F-V.Akiha,1,insignis,C-Satsuki,2,1620333290
paddu,F-V.Akiha,2,insignis,C-Satsuki,0,1620333408
paddu,F-V.Akiha,0,insignis,C-Satsuki,2,1620333535
paddu,F-V.Akiha,0,insignis,C-Satsuki,2,1620333682
paddu,F-V.Akiha,0,insignis,C-Satsuki,2,1620333781
paddu,F-V.Akiha,0,insignis,C-Satsuki,2,1620333892
paddu,F-V.Akiha,1,insignis,C-Satsuki,2,1620334035
paddu,F-V.Akiha,0,insignis,C-Satsuki,2,1620334136
paddu,C-Nero,2,Change your name,C-Sion,0,1620337553
paddu,C-Nero,2,Change your name,C-Sion,0,1620337646
paddu,C-Nero,2,Change your name,C-Sion,0,1620337724
paddu,C-Nero,2,Change your name,C-Sion,0,1620337826
paddu,C-Nero,2,Change your name,C-Sion,0,1620337925
paddu,C-Nero,2,Change your name,C-Sion,0,1620338019
paddu,C-Nero,2,Change your name,C-Sion,0,1620338097
paddu,C-Nero,2,Change your name,C-Sion,0,1620338196
paddu,C-Nero,2,Change your name,C-Sion,0,1620338285
paddu,C-Nero,2,Change your name,C-Sion,0,1620338384
paddu,C-Nero,2,Change your name,C-Sion,0,1620338448
paddu,C-Nero,2,Change your name,C-Sion,0,1620338540
paddu,C-Nero,1,Servalman,F-Hime,2,1620341223
paddu,C-Nero,1,Servalman,F-Hime,2,1620341391
paddu,C-Nero,0,Servalman,F-Hime,2,1620341491
paddu,C-Nero,2,Servalman,F-Hime,0,1620341616
paddu,C-Nero,1,Servalman,F-Hime,2,1620341819
paddu,C-Nero,0,Servalman,F-Hime,2,1620341920
paddu,C-Nero,2,Servalman,H-Arc,0,1620342094
paddu,C-Nero,0,Servalman,H-Arc,2,1620342246
paddu,C-Nero,0,Servalman,H-Arc,2,1620342537
paddu,C-Nero,2,Servalman,H-Arc,1,1620342696
paddu,C-Nero,0,Servalman,H-Arc,2,1620342822
paddu,C-Nero,0,Servalman,H-Arc,2,1620343016
paddu,C-Nero,2,Afro Viking,F-Nero,0,1620404650
paddu,C-Nero,2,Afro Viking,F-Nero,0,1620404767
paddu,C-Nero,1,Afro Viking,F-Nero,2,1620405006
paddu,C-Nero,2,Afro Viking,F-Nero,0,1620405101
paddu,C-Nero,2,Afro Viking,F-Nero,0,1620405225
paddu,C-Nero,2,Afro Viking,F-Nero,0,1620405393
paddu,C-Nero,2,Afro Viking,F-Nero,0,1620405505
paddu,C-Nero,2,Afro Viking,F-Nero,0,1620405615
paddu,C-Nero,2,Afro Viking,F-Nero,1,1620405848
paddu,C-Nero,2,Afro Viking,F-Nero,0,1620405995
paddu,C-Nero,2,Afro Viking,F-Nero,0,1620406087
paddu,C-Nero,2,Afro Viking,F-Nero,0,1620406189
paddu,C-Nero,2,dor3k,F-Ryougi,0,1620407781
paddu,C-Nero,2,dor3k,F-Ryougi,0,1620407887
paddu,C-Nero,2,Milord's Servant,C-Hisui,0,1620408179
paddu,C-Nero,2,Milord's Servant,C-Hisui,0,1620408322
paddu,C-Nero,2,Magemo,H-Hime,0,1620410371
paddu,C-Nero,2,Magemo,H-Hime,0,1620410474
paddu,C-Nero,2,Magemo,H-Hime,0,1620410709
paddu,C-Nero,2,BigGamer69,C-Roa,0,1620411924
paddu,C-Nero,2,BigGamer69,C-Roa,0,1620412057
paddu,C-Nero,1,BigGamer69,H-Roa,2,1620412240
paddu,C-Nero,2,BigGamer69,H-Roa,1,1620412392
paddu,C-Nero,2,Eleos,C-Kohaku,0,1620419776
paddu,C-Nero,2,Eleos,C-Kohaku,0,1620419893
paddu,C-Nero,2,Eleos,C-Kohaku,0,1620420032
paddu,C-Nero,2,Eleos,C-Kohaku,1,1620420205
paddu,C-Nero,2,Eleos,C-Kohaku,0,1620420316
paddu,C-Nero,2,Eleos,C-Kohaku,0,1620420410
paddu,C-Nero,2,Eleos,C-Kohaku,0,1620420566
paddu,C-Nero,2,Eleos,C-Kohaku,0,1620420660
paddu,C-Nero,2,Eleos,C-Kohaku,1,1620420843
paddu,C-Nero,2,Eleos,C-Kohaku,0,1620420961
paddu,C-Nero,2,Eleos,C-Kohaku,0,1620421082
paddu,C-Nero,2,Eleos,C-Kohaku,0,1620421219
paddu,C-Nero,2,Eleos,C-Kohaku,0,1620421338
paddu,C-Nero,2,Eleos,C-Kohaku,0,1620421476
paddu,C-Nero,2,Eleos,C-Kohaku,0,1620421619
paddu,F-V.Akiha,2,Change your name,C-Sion,0,1620427333
paddu,F-V.Akiha,2,Change your name,C-Sion,0,1620427437
paddu,F-V.Akiha,2,Change your name,C-Sion,1,1620427535
paddu,F-V.Akiha,2,Change your name,C-Sion,0,1620427595
paddu,F-V.Akiha,2,Change your name,C-Sion,0,1620427669
paddu,F-V.Akiha,2,Change your name,C-Sion,0,1620427769
paddu,F-V.Akiha,2,Change your name,C-Sion,0,1620427871
paddu,F-V.Akiha,2,Change your name,C-Sion,0,1620427967
paddu,F-V.Akiha,2,Change your name,C-Sion,0,1620428038
paddu,F-V.Akiha,2,Change your name,C-Sion,0,1620428119
paddu,F-V.Akiha,2,Change your name,C-Sion,0,1620428235
paddu,F-V.Akiha,2,Change your name,C-Sion,0,1620428328
paddu,F-V.Akiha,2,Change your name,C-Sion,0,1620428413
paddu,F-V.Akiha,2,Change your name,C-Sion,0,1620428494
paddu,F-V.Akiha,2,Change your name,C-Sion,0,1620428586
paddu,F-V.Akiha,2,Change your name,C-Sion,0,1620428663
paddu,F-V.Akiha,2,Change your name,C-Sion,0,1620428740
paddu,F-V.Akiha,2,Change your name,C-Sion,0,1620428826
paddu,F-V.Akiha,2,Regeci,F-Tohno,0,1620430451
paddu,F-V.Akiha,2,Regeci,F-Tohno,0,1620430547
paddu,F-V.Akiha,1,Regeci,F-Tohno,2,1620430664
paddu,F-V.Akiha,2,Regeci,F-Tohno,0,1620430763
paddu,F-V.Akiha,2,Regeci,F-Tohno,1,1620430875
paddu,F-V.Akiha,2,Regeci,F-Tohno,0,1620431000
paddu,F-V.Akiha,2,Regeci,C-Nanaya,1,1620431171
paddu,F-V.Akiha,2,Regeci,C-Nanaya,1,1620431311
paddu,F-V.Akiha,1,Regeci,C-Nanaya,2,1620431424
paddu,F-V.Akiha,0,Regeci,C-Nanaya,2,1620431535
paddu,F-V.Akiha,1,Regeci,C-Nanaya,2,1620431689
paddu,F-V.Akiha,2,Regeci,C-Nanaya,0,1620431774
paddu,F-V.Akiha,2,Regeci,C-Nanaya,0,1620431846
paddu,F-V.Akiha,1,Regeci,C-Nanaya,2,1620432053
paddu,F-V.Akiha,2,Regeci,C-Nanaya,0,1620432160
paddu,F-V.Akiha,2,Magemo,H-Aoko,0,1620438236
paddu,F-V.Akiha,2,Magemo,H-Aoko,1,1620438404
paddu,F-V.Akiha,2,Magemo,H-Aoko,0,1620438478
paddu,F-V.Akiha,2,Magemo,H-Aoko,0,1620438591
paddu,F-V.Akiha,2,Magemo,H-Aoko,0,1620438709
paddu,F-V.Akiha,2,Magemo,H-Aoko,0,1620438807
paddu,F-V.Akiha,1,Magemo,H-Aoko,2,1620438966
paddu,F-V.Akiha,2,Magemo,H-Aoko,1,1620439149
paddu,F-V.Akiha,2,Magemo,H-Aoko,0,1620439249
paddu,F-V.Akiha,2,Magemo,H-Aoko,1,1620439421
paddu,F-V.Akiha,1,Magemo,H-Aoko,2,1620439568
paddu,F-V.Akiha,2,Magemo,H-Aoko,0,1620439674
paddu,F-V.Akiha,2,Magemo,H-Aoko,0,1620439761
paddu,F-V.Akiha,2,Magemo,H-Aoko,0,1620439853
paddu,F-V.Akiha,2,Magemo,H-Aoko,0,1620439933
paddu,F-V.Akiha,2,Magemo,H-Aoko,0,1620440040
paddu,F-V.Akiha,1,Magemo,H-Aoko,2,1620440193
paddu,F-V.Akiha,2,Magemo,H-Aoko,0,1620440278
paddu,F-V.Akiha,1,Magemo,H-Aoko,2,1620440426
paddu,F-V.Akiha,1,Magemo,H-Aoko,2,1620440556
paddu,F-V.Akiha,2,Magemo,H-Aoko,0,1620440632
paddu,F-V.Akiha,2,Magemo,H-Aoko,0,1620440716
paddu,F-V.Akiha,2,Magemo,H-Aoko,0,1620440788
paddu,F-V.Akiha,1,Magemo,H-Aoko,2,1620440923
paddu,F-V.Akiha,2,Magemo,H-Aoko,1,1620441048
paddu,F-V.Akiha,2,Magemo,H-Aoko,0,1620441160
paddu,F-V.Akiha,2,Magemo,H-Aoko,1,1620441273
paddu,F-V.Akiha,2,Magemo,H-Aoko,1,1620441402
paddu,F-V.Akiha,2,Magemo,H-Aoko,1,1620441547
paddu,F-V.Akiha,2,Magemo,H-Aoko,0,1620441628
paddu,F-V.Akiha,2,Hatsune Miku fan,C-Akiha,1,1620466922
paddu,F-V.Akiha,2,Hatsune Miku fan,C-Akiha,1,1620467121
paddu,F-V.Akiha,2,Hatsune Miku fan,C-Akiha,0,1620467250
paddu,F-V.Akiha,0,Eika,H-Akiha,2,1620473552
paddu,F-V.Akiha,0,Eika,H-Akiha,2,1620473639
paddu,F-V.Akiha,2,Eika,H-Akiha,1,1620473793
paddu,F-V.Akiha,0,Eika,H-Akiha,2,1620473897
paddu,F-V.Akiha,0,Eika,H-Akiha,2,1620473995
paddu,F-V.Akiha,0,Eika,H-Akiha,2,1620474079
paddu,F-V.Akiha,2,joseph,C-Ciel,0,1620474428
paddu,F-V.Akiha,1,joseph,C-Ciel,2,1620474579
paddu,F-V.Akiha,2,joseph,C-Ciel,1,1620474718
paddu,F-V.Akiha,2,joseph,C-Ciel,0,1620474826
paddu,F-V.Akiha,2,joseph,C-Ciel,0,1620474888
paddu,F-V.Akiha,2,joseph,C-Ciel,0,1620474985
paddu,F-V.Akiha,2,joseph,C-Ciel,0,1620475055
paddu,F-V.Akiha,2,joseph,F-Aoko,0,1620475148
paddu,F-V.Akiha,1,joseph,F-Aoko,2,1620475321
paddu,F-V.Akiha,2,joseph,F-Aoko,1,1620475440
paddu,F-V.Akiha,2,joseph,F-Aoko,1,1620475552
paddu,F-V.Akiha,1,joseph,F-Aoko,2,1620475696
paddu,F-V.Akiha,2,joseph,F-Aoko,1,1620475830
paddu,F-V.Akiha,1,joseph,F-Aoko,2,1620475993
paddu,F-V.Akiha,2,joseph,F-Aoko,1,1620476140
paddu,F-V.Akiha,2,Niddog,C-Warc,0,1620479854
paddu,F-V.Akiha,2,Niddog,C-Warc,0,1620479947
paddu,F-V.Akiha,2,Niddog,C-Warc,0,1620480106
paddu,F-V.Akiha,1,Niddog,C-Warc,2,1620480286
paddu,F-V.Akiha,2,Niddog,C-Warc,0,1620480373
paddu,F-V.Akiha,2,Niddog,C-Warc,0,1620480466
paddu,F-V.Akiha,2,Niddog,C-Warc,0,1620480568
paddu,F-V.Akiha,2,Niddog,C-Warc,0,1620480634
paddu,F-V.Akiha,2,Niddog,C-Warc,0,1620480736
paddu,F-V.Akiha,2,Niddog,C-Warc,1,1620480854
paddu,F-V.Akiha,2,Niddog,C-Warc,0,1620480968
paddu,F-V.Akiha,2,Niddog,C-Warc,1,1620481081
paddu,F-V.Akiha,2,Niddog,C-Warc,1,1620481240
paddu,C-Nero,2,insignis,C-Kohaku,0,1620495229
paddu,C-Nero,2,insignis,C-Kohaku,1,1620495468
paddu,C-Nero,2,Regeci,C-Nanaya,0,1620495639
paddu,C-Nero,2,Regeci,C-Nanaya,1,1620495787
paddu,C-Nero,1,cc.,H-Akiha,2,1620498064
paddu,C-Nero,0,cc.,H-Akiha,2,1620498208
paddu,C-Nero,0,insignis,H-Nanaya,2,1620500899
paddu,C-Nero,0,insignis,H-Nanaya,2,1620501030
paddu,F-P.Ciel,1,shirou's chest enjoyer,H-V.Akiha,2,1620516552
paddu,F-P.Ciel,0,shirou's chest enjoyer,H-V.Akiha,2,1620516725
paddu,F-P.Ciel,2,shirou's chest enjoyer,H-V.Akiha,0,1620516889
paddu,F-P.Ciel,2,shirou's chest enjoyer,H-V.Akiha,1,1620517077
paddu,F-P.Ciel,2,shirou's chest enjoyer,H-V.Akiha,0,1620517211
paddu,F-P.Ciel,2,shirou's chest enjoyer,H-V.Akiha,1,1620517435
paddu,F-P.Ciel,2,shirou's chest enjoyer,H-V.Akiha,0,1620517585
paddu,F-P.Ciel,1,Magemo,H-Aoko,2,1620588026
paddu,F-P.Ciel,1,Magemo,H-Aoko,2,1620588186
paddu,F-P.Ciel,2,Magemo,H-Aoko,1,1620588404
paddu,F-P.Ciel,0,Magemo,H-Aoko,2,1620588490
paddu,F-P.Ciel,2,Magemo,H-Aoko,1,1620588699
paddu,F-P.Ciel,2,Magemo,H-Aoko,1,1620588897
paddu,F-P.Ciel,2,Magemo,H-Aoko,1,1620589045
paddu,F-P.Ciel,2,Magemo,H-Aoko,0,1620589135
paddu,F-P.Ciel,1,Magemo,H-Aoko,2,1620589304
paddu,F-P.Ciel,2,Magemo,H-Aoko,0,1620589411
paddu,F-P.Ciel,2,Magemo,H-Aoko,0,1620589533
paddu,F-P.Ciel,2,Magemo,H-Aoko,0,1620589647
paddu,F-P.Ciel,0,Magemo,H-Aoko,2,1620589770
paddu,F-P.Ciel,1,Magemo,H-Aoko,2,1620589899
paddu,F-P.Ciel,1,Magemo,H-Aoko,2,1620590074
paddu,F-P.Ciel,2,Magemo,H-Aoko,1,1620590223
paddu,F-P.Ciel,2,Magemo,H-Aoko,0,1620590334
paddu,F-P.Ciel,2,Magemo,H-Aoko,0,1620590426
paddu,F-P.Ciel,0,Magemo,H-Aoko,2,1620590557
paddu,F-P.Ciel,1,Magemo,H-Aoko,2,1620590700
paddu,F-P.Ciel,2,Magemo,H-Aoko,0,1620590803
paddu,F-P.Ciel,2,Magemo,H-Aoko,1,1620591005
paddu,F-P.Ciel,2,Magemo,H-Aoko,1,1620591166
paddu,C-KohaMech,2,Magemo,C-KohaMech,0,1620599999
paddu,C-KohaMech,1,Magemo,C-KohaMech,2,1620600155
paddu,C-KohaMech,0,Magemo,C-KohaMech,2,1620600270
paddu,C-KohaMech,2,Magemo,C-KohaMech,0,1620600401
paddu,C-KohaMech,2,Magemo,C-KohaMech,0,1620600527
paddu,C-KohaMech,1,Magemo,C-KohaMech,2,1620600692
paddu,C-KohaMech,1,Magemo,C-KohaMech,2,1620600921
paddu,C-KohaMech,2,Magemo,C-KohaMech,1,1620601100
paddu,C-KohaMech,2,Magemo,C-KohaMech,1,1620601268
paddu,C-KohaMech,2,Magemo,C-KohaMech,1,1620601422
paddu,C-KohaMech,2,Magemo,C-KohaMech,0,1620601560
paddu,C-KohaMech,2,Magemo,C-KohaMech,1,1620601757
paddu,C-KohaMech,2,Magemo,C-KohaMech,0,1620601846
paddu,C-KohaMech,2,Magemo,C-KohaMech,0,1620601944
paddu,C-Nero,2,Servalman,C-Aoko,1,1620606077
paddu,C-Nero,0,Servalman,C-Aoko,2,1620606220
paddu,C-Nero,1,Servalman,C-Aoko,2,1620606434
paddu,C-Nero,2,Servalman,C-Aoko,1,1620606604
paddu,C-Nero,2,Servalman,C-Aoko,1,1620606781
paddu,C-Nero,2,Servalman,C-Aoko,0,1620606892
paddu,C-Nero,2,Servalman,C-Aoko,0,1620607000
paddu,C-Nero,1,Servalman,C-Aoko,2,1620607178
paddu,C-Nero,2,Servalman,C-Aoko,1,1620607394
paddu,C-Nero,0,Servalman,C-Aoko,2,1620607486
paddu,C-Nero,0,Servalman,C-Aoko,2,1620607608
paddu,C-Nero,2,Servalman,C-Aoko,0,1620607750
paddu,C-Nero,1,Servalman,C-Aoko,2,1620607980
paddu,C-Nero,0,Servalman,C-Aoko,2,1620608084
paddu,C-Nero,2,Servalman,C-Aoko,1,1620608263
paddu,C-Nero,2,Servalman,C-Aoko,1,1620608428
paddu,C-Nero,2,Servalman,C-Aoko,1,1620608633
paddu,C-KohaMech,2,Arconium,C-S.Akiha,0,1620661365
paddu,C-KohaMech,2,Arconium,C-S.Akiha,0,1620661473
paddu,C-KohaMech,2,Arconium,C-S.Akiha,0,1620661578
paddu,C-KohaMech,2,Arconium,C-S.Akiha,1,1620661730
paddu,C-KohaMech,2,Arconium,C-S.Akiha,0,1620661807
paddu,C-KohaMech,2,Arconium,C-S.Akiha,0,1620661931
paddu,C-KohaMech,2,Arconium,C-S.Akiha,0,1620662085
paddu,C-KohaMech,2,Arconium,C-S.Akiha,0,1620662188
paddu,C-KohaMech,2,Arconium,C-S.Akiha,0,1620662342
paddu,C-KohaMech,2,Arconium,C-S.Akiha,0,1620662480
paddu,C-KohaMech,2,Arconium,C-S.Akiha,0,1620662568
paddu,C-KohaMech,2,Arconium,C-S.Akiha,0,1620662670
paddu,C-KohaMech,2,Arconium,C-S.Akiha,0,1620662790
paddu,C-KohaMech,2,Arconium,C-S.Akiha,0,1620662890
paddu,C-KohaMech,2,Arconium,C-S.Akiha,0,1620662970
paddu,C-KohaMech,2,Arconium,C-S.Akiha,1,1620663110
paddu,C-KohaMech,2,Arconium,C-S.Akiha,1,1620663230
paddu,C-KohaMech,2,Arconium,C-S.Akiha,0,1620663362
paddu,C-KohaMech,2,Arconium,C-S.Akiha,0,1620663470
paddu,C-KohaMech,2,Arconium,C-S.Akiha,0,1620663610
paddu,C-KohaMech,2,Padde B./10BIT,H-Sion,0,1620667508
paddu,C-KohaMech,2,Padde B./10BIT,H-Sion,1,1620667666
paddu,C-KohaMech,1,Padde B./10BIT,H-Sion,2,1620667872
paddu,C-KohaMech,2,Padde B./10BIT,H-Sion,1,1620668041
paddu,C-KohaMech,2,Padde B./10BIT,H-Sion,0,1620668127
paddu,C-KohaMech,2,Padde B./10BIT,H-Sion,0,1620668235
paddu,C-KohaMech,1,Padde B./10BIT,H-Sion,2,1620668449
paddu,C-KohaMech,2,Padde B./10BIT,H-Sion,0,1620668545
paddu,C-KohaMech,2,Padde B./10BIT,H-Sion,0,1620668687
paddu,C-KohaMech,2,Padde B./10BIT,H-Sion,1,1620668886
paddu,C-KohaMech,2,Padde B./10BIT,H-Sion,1,1620669070
paddu,C-KohaMech,2,Padde B./10BIT,H-Sion,0,1620669213
paddu,C-Nero,1,Draig,F-Ryougi,2,1620675243
paddu,C-Nero,2,Draig,F-Ryougi,1,1620675408
paddu,C-Nero,2,Draig,F-Ryougi,1,1620675578
paddu,C-Nero,2,Draig,F-Ryougi,1,1620675810
paddu,C-Nero,0,Draig,F-Ryougi,2,1620675942
paddu,C-Nero,2,Draig,F-Ryougi,1,1620676098
paddu,C-Nero,0,Draig,F-Ryougi,2,1620676277
paddu,C-Nero,0,Draig,F-Ryougi,2,1620676380
paddu,C-Nero,0,Draig,F-Ryougi,2,1620676480
paddu,C-Nero,0,Draig,F-Ryougi,2,1620676587
paddu,C-Nero,0,Draig,F-Ryougi,2,1620676693
paddu,C-Nero,0,Draig,F-Ryougi,2,1620676833
paddu,C-Nero,0,Draig,F-Ryougi,2,1620676956
paddu,C-Nero,0,Draig,F-Ryougi,2,1620677130
paddu,C-KohaMech,1,Eleos,C-Kohaku,2,1620680176
paddu,C-KohaMech,1,Eleos,C-Kohaku,2,1620680365
paddu,C-KohaMech,1,Eleos,C-Kohaku,2,1620680532
paddu,C-KohaMech,1,Eleos,C-Kohaku,2,1620680748
paddu,C-KohaMech,2,Eleos,C-Kohaku,0,1620680858
paddu,C-KohaMech,0,Eleos,C-Kohaku,2,1620681029
paddu,C-KohaMech,2,Eleos,C-Kohaku,0,1620681142
paddu,C-KohaMech,0,Eleos,C-Kohaku,2,1620681322
paddu,C-KohaMech,0,Eleos,C-Kohaku,2,1620681448
paddu,C-KohaMech,2,Eleos,C-Kohaku,1,1620681592
paddu,C-KohaMech,2,Eleos,C-Kohaku,1,1620681817
paddu,C-KohaMech,1,Eleos,C-Kohaku,2,1620681960
paddu,C-KohaMech,0,Eleos,C-Kohaku,2,1620682062
paddu,C-Nero,2,dima,C-Nanaya,0,1620778612
paddu,C-Nero,2,dima,C-Nanaya,0,1620778712
paddu,C-Nero,2,dima,C-Nanaya,0,1620778804
paddu,C-Nero,2,dima,C-Nanaya,0,1620778887
paddu,C-Nero,2,dima,C-Nanaya,1,1620779051
paddu,C-Nero,2,dima,C-Nanaya,0,1620779164
paddu,C-Nero,2,dima,C-Nanaya,0,1620779261
paddu,C-Nero,2,dima,C-Nanaya,0,1620779334
paddu,C-KohaMech,2,dima,C-Nanaya,0,1620779556
paddu,C-KohaMech,1,dima,C-Nanaya,2,1620779742
paddu,C-KohaMech,2,dima,C-Nanaya,0,1620779827
paddu,C-Nero,2,Charby,H-Ryougi,0,1620811855
paddu,C-Nero,2,Charby,H-Ryougi,0,1620811946
paddu,C-Nero,2,Charby,H-Ryougi,1,1620812121
paddu,C-Nero,2,Charby,H-Ryougi,0,1620812244
paddu,C-Nero,2,sabreFEELINGS(A.K.A Scool biy),F-Aoko,0,1620812671
paddu,C-Nero,2,sabreFEELINGS(A.K.A Scool biy),F-Aoko,1,1620812839
paddu,C-Nero,2,sabreFEELINGS(A.K.A Scool biy),F-Aoko,1,1620812980
paddu,C-Nero,2,sabreFEELINGS(A.K.A Scool biy),F-Aoko,0,1620813076
paddu,C-Nero,2,sabreFEELINGS(A.K.A Scool biy),F-Aoko,0,1620813214
paddu,C-Nero,2,nise,H-Hime,0,1620830681
paddu,C-Nero,2,nise,H-Hime,1,1620831037
paddu,C-Nero,2,nise,H-Hime,1,1620831200
paddu,C-Nero,2,nise,H-Hime,0,1620831279
paddu,C-Nero,2,nise,H-Hime,0,1620831415
paddu,C-Nero,2,nise,H-Hime,1,1620831575
paddu,C-Nero,2,nise,H-Hime,0,1620831665
paddu,C-Nero,2,nise,H-Hime,0,1620831749
paddu,C-Nero,2,nise,H-Hime,0,1620831847
paddu,C-Nero,2,nise,H-Hime,0,1620831921
paddu,C-Nero,2,nise,H-Hime,1,1620832115
paddu,C-Nero,2,Hatsune Miku fan,C-Akiha,0,1620855035
paddu,C-Nero,2,Hatsune Miku fan,C-Akiha,0,1620855146
paddu,C-Nero,2,Hatsune Miku fan,C-Akiha,0,1620855260
paddu,C-Nero,2,Hatsune Miku fan,C-Akiha,0,1620855383
paddu,C-Nero,2,Hatsune Miku fan,C-Akiha,0,1620855475
paddu,C-Nero,2,Hatsune Miku fan,C-Akiha,0,1620855621
paddu,C-Nero,2,Hatsune Miku fan,C-Akiha,0,1620855723
paddu,C-Nero,2,Hatsune Miku fan,C-Akiha,0,1620855814
paddu,C-Nero,2,Hatsune Miku fan,C-Akiha,0,1620855958
paddu,C-Nero,2,Hatsune Miku fan,C-Akiha,0,1620856085
paddu,C-Nero,2,Hatsune Miku fan,C-Akiha,0,1620856210
paddu,C-Nero,2,Magemo,H-Hime,0,1620862473
paddu,C-Nero,2,Magemo,H-Hime,0,1620862631
paddu,C-Nero,2,Magemo,H-Hime,0,1620862746
paddu,C-Nero,2,Magemo,H-Hime,0,1620862842
paddu,C-Nero,1,Magemo,H-Hime,2,1620863045
paddu,C-Nero,2,Magemo,H-Hime,0,1620863154
paddu,C-Nero,2,Magemo,H-Hime,0,1620863229
paddu,C-Nero,2,Magemo,H-Hime,0,1620863325
paddu,C-Nero,2,Magemo,H-Hime,0,1620863470
paddu,C-Nero,2,Magemo,H-Hime,1,1620863641
paddu,C-Nero,2,Magemo,H-Hime,0,1620863732
paddu,C-Nero,2,Magemo,H-Hime,0,1620863867
paddu,C-Nero,2,Magemo,H-Hime,0,1620863970
paddu,C-Nero,1,Magemo,H-Hime,2,1620864150
paddu,C-Nero,2,Magemo,H-Hime,0,1620864275
paddu,C-Nero,2,Magemo,H-Hime,0,1620864421
paddu,C-Nero,2,Magemo,H-Hime,0,1620864536
paddu,C-Nero,2,Magemo,H-Hime,1,1620864691
paddu,C-Nero,2,Magemo,H-Hime,1,1620864853
paddu,C-Nero,2,Magemo,H-Hime,0,1620864963
paddu,C-Nero,2,Magemo,H-Hime,1,1620865145
paddu,C-Nero,2,Magemo,H-Hime,0,1620865269
paddu,C-Nero,2,Magemo,H-Hime,0,1620865367
paddu,C-Nero,2,Magemo,H-Hime,1,1620865564
paddu,C-Nero,2,Magemo,H-Hime,0,1620865674
paddu,C-Nero,2,Magemo,H-Hime,0,1620865757
paddu,C-Nero,2,Magemo,H-Hime,0,1620865867
paddu,C-Nero,2,Magemo,H-Hime,0,1620866025
paddu,C-Nero,2,Magemo,H-Hime,0,1620866154
paddu,C-Nero,2,Magemo,H-Hime,0,1620866248
paddu,C-Nero,2,Magemo,H-Hime,1,1620866395
paddu,C-Nero,2,Magemo,H-Hime,1,1620866554
paddu,C-Nero,2,Magemo,H-Hime,0,1620866649
paddu,C-Nero,2,Magemo,H-Hime,0,1620866753
paddu,C-Nero,2,Magemo,H-Hime,0,1620866846
paddu,C-Nero,2,Magemo,H-Hime,1,1620866963
paddu,C-Nero,2,Magemo,H-Hime,0,1620867056
paddu,C-Nero,2,Magemo,H-Hime,0,1620867201
paddu,C-Nero,2,Magemo,H-Hime,0,1620867309
paddu,C-Nero,2,Magemo,H-Hime,0,1620867402
paddu,C-Nero,0,Magemo,H-Hime,2,1620867502
paddu,C-Nero,2,Magemo,H-Hime,1,1620867650
paddu,C-Nero,2,Magemo,H-Hime,0,1620867827
paddu,C-Nero,2,Magemo,H-Hime,0,1620867905
paddu,C-Nero,1,Magemo,H-Hime,2,1620868060
paddu,C-Nero,2,Magemo,H-Hime,0,1620868170
paddu,C-Nero,2,Magemo,H-Hime,0,1620868287
paddu,C-Nero,2,Magemo,H-Hime,0,1620868392
paddu,C-Nero,1,Magemo,H-Hime,2,1620868547
paddu,C-Nero,2,Magemo,H-Hime,0,1620868653
paddu,C-Nero,2,Magemo,H-Hime,0,1620868737
paddu,C-Nero,2,Magemo,H-Hime,0,1620868843
paddu,C-Nero,2,Magemo,H-Hime,1,1620869000
paddu,C-Nero,2,Magemo,H-Hime,0,1620869095
paddu,C-Nero,2,Magemo,H-Hime,1,1620869269
paddu,C-Nero,1,Old Dog,F-Nero,2,1620914925
paddu,C-Nero,2,Old Dog,F-Nero,0,1620915074
paddu,C-Nero,2,Old Dog,F-Nero,1,1620915253
paddu,C-Nero,2,Old Dog,F-Nero,0,1620915403
paddu,C-Nero,2,Old Dog,F-Nero,0,1620915524
paddu,C-Nero,1,Old Dog,F-Nero,2,1620915719
paddu,C-Nero,2,Old Dog,F-Nero,0,1620915881
paddu,C-Nero,2,Old Dog,F-Nero,0,1620915991
paddu,C-Nero,2,Old Dog,F-Nero,0,1620916105
paddu,C-Nero,2,Old Dog,F-Nero,0,1620916246
paddu,C-Nero,0,Old Dog,H-Ciel,2,1620916362
paddu,C-Nero,1,Old Dog,H-Ciel,2,1620916555
paddu,C-Nero,2,Old Dog,H-Ciel,1,1620916726
paddu,C-Nero,2,Old Dog,H-Ciel,0,1620916820
paddu,C-Nero,2,Old Dog,H-Ciel,0,1620916952
paddu,C-Nero,2,Old Dog,H-Ciel,1,1620917107
paddu,C-Nero,2,Old Dog,H-Ciel,1,1620917245
paddu,C-Nero,2,Old Dog,H-Ciel,1,1620917421
paddu,C-Nero,2,Old Dog,H-Ciel,1,1620917614
paddu,C-Nero,0,Old Dog,H-Ciel,2,1620917726
paddu,C-Nero,0,Old Dog,H-Ciel,2,1620917869
paddu,C-Nero,2,Old Dog,H-Ciel,0,1620918010
paddu,C-Nero,2,Old Dog,H-Ciel,0,1620918190
paddu,C-Nero,2,Old Dog,H-Ciel,0,1620918309
paddu,H-Nero,2,hickwarrior,C-Ciel,0,1620933861
paddu,H-Nero,2,hickwarrior,C-Ciel,0,1620933952
paddu,H-Nero,2,hickwarrior,C-Ciel,0,1620934038
paddu,H-Nero,2,hickwarrior,C-Ciel,0,1620934176
paddu,H-Nero,2,hickwarrior,C-Ciel,0,1620934284
paddu,H-Nero,2,hickwarrior,C-Ciel,0,1620934383
paddu,H-Nero,2,hickwarrior,C-Ciel,0,1620934474
paddu,H-Nero,2,hickwarrior,C-Ciel,0,1620934581
paddu,H-Nero,2,hickwarrior,C-Ciel,0,1620934709
paddu,H-Nero,2,hickwarrior,C-Ciel,0,1620934800
paddu,H-Nero,2,hickwarrior,C-Ciel,0,1620934909
paddu,H-Nero,2,hickwarrior,C-Ciel,0,1620934989
paddu,H-Nero,2,hickwarrior,C-Ciel,0,1620935101
paddu,H-Nero,2,hickwarrior,C-Ciel,0,1620935182
paddu,H-Nero,2,hickwarrior,C-Ciel,0,1620935280
paddu,H-Nero,2,hickwarrior,C-Ciel,0,1620935406
paddu,H-Nero,2,hickwarrior,C-Ciel,0,1620935517
paddu,H-Nero,2,hickwarrior,C-Ciel,0,1620935647
paddu,H-Nero,2,hickwarrior,C-Ciel,0,1620935763
paddu,H-Nero,2,hickwarrior,C-Ciel,0,1620935888
paddu,C-Nero,2,Servalman,C-Ries,1,1620941207
paddu,C-Nero,0,Servalman,C-Ries,2,1620941345
paddu,C-Nero,1,Servalman,C-Ries,2,1620941494
paddu,C-Nero,1,Servalman,C-Ries,2,1620941703
paddu,C-Nero,1,Servalman,C-Ries,2,1620941864
paddu,C-Nero,0,Servalman,C-Ries,2,1620941959
paddu,C-Nero,0,Servalman,C-Ries,2,1620942082
paddu,C-Nero,2,Servalman,C-Ries,0,1620942255
paddu,C-Nero,0,Servalman,C-Ries,2,1620942385
paddu,C-Nero,2,Servalman,C-Ries,0,1620942533
paddu,C-Nero,0,Servalman,C-Ries,2,1620942623
paddu,C-Nero,2,Servalman,C-Ries,1,1620942856
paddu,C-Nero,0,Servalman,C-Ries,2,1620942992
paddu,C-Nero,2,Servalman,C-Ries,0,1620943106
paddu,C-Nero,1,Servalman,C-Ries,2,1620943270
paddu,C-Nero,2,DisabledSannos,C-Hime,0,1621023674
paddu,C-Nero,2,DisabledSannos,C-Hime,1,1621023824
paddu,C-Nero,2,DisabledSannos,C-Hime,1,1621024020
paddu,C-Nero,1,DisabledSannos,C-Hime,2,1621024207
paddu,C-Nero,0,DisabledSannos,C-Hime,2,1621024315
paddu,C-Nero,0,DisabledSannos,C-Hime,2,1621024410
paddu,C-Nero,2,DisabledSannos,C-Hime,0,1621024518
paddu,C-Nero,2,DisabledSannos,C-Hime,0,1621024627
paddu,C-Nero,2,DisabledSannos,C-Hime,0,1621024754
paddu,C-Nero,1,DisabledSannos,F-Maids,2,1621024953
paddu,C-Nero,1,DisabledSannos,F-Maids,2,1621025127
paddu,C-Nero,0,DisabledSannos,F-Maids,2,1621025290
paddu,C-Nero,1,DisabledSannos,F-Maids,2,1621025414
paddu,C-Nero,0,DisabledSannos,F-Maids,2,1621025512
paddu,C-Nero,0,DisabledSannos,F-Maids,2,1621025655
paddu,C-Nero,0,DisabledSannos,F-Maids,2,1621025794
paddu,C-Nero,0,DisabledSannos,F-Maids,2,1621025907
paddu,C-Nero,0,DisabledSannos,F-Maids,2,1621025983
paddu,C-Nero,0,DisabledSannos,F-Maids,2,1621026113
paddu,C-Nero,2,Magemo,H-Hime,0,1621039889
paddu,C-Nero,2,Magemo,H-Hime,0,1621039985
paddu,C-Nero,2,Magemo,H-Hime,0,1621040123
paddu,C-Nero,2,Magemo,H-Hime,0,1621040254
paddu,C-Nero,2,Magemo,H-Hime,1,1621040415
paddu,C-Nero,2,Magemo,H-Hime,1,1621040573
paddu,C-Nero,2,Magemo,H-Hime,0,1621040686
paddu,C-Nero,2,Magemo,H-Hime,0,1621040826
paddu,C-Nero,2,Magemo,H-Hime,1,1621041002
paddu,C-Nero,2,Magemo,H-Hime,0,1621041120
paddu,C-Nero,1,Magemo,H-Hime,2,1621041299
paddu,C-Nero,2,Magemo,H-Hime,0,1621041375
paddu,C-Nero,2,Magemo,H-Hime,1,1621041547
paddu,C-Nero,2,Magemo,H-Hime,1,1621041703
paddu,C-Nero,2,Magemo,H-Hime,0,1621041817
paddu,C-Nero,2,Magemo,H-Hime,0,1621041941
paddu,C-Nero,2,Magemo,H-Hime,0,1621042034
paddu,C-Nero,2,Magemo,H-Hime,0,1621042144
paddu,C-Nero,2,Magemo,H-Hime,0,1621042252
paddu,C-Nero,2,Magemo,H-Hime,0,1621042382
paddu,C-Nero,2,Magemo,H-Hime,1,1621042524
paddu,C-Nero,2,Cat Elnuk,C-Arc,1,1621097360
paddu,C-Nero,2,Cat Elnuk,C-Arc,1,1621097566
paddu,C-Nero,2,Cat Elnuk,C-Arc,1,1621097774
paddu,C-Nero,2,Cat Elnuk,C-Arc,1,1621097931
paddu,C-Nero,2,Cat Elnuk,C-Arc,0,1621098090
paddu,C-Nero,2,Cat Elnuk,C-Arc,0,1621098240
paddu,C-Nero,2,Cat Elnuk,C-Arc,0,1621098347
paddu,C-Nero,2,Cat Elnuk,C-Arc,0,1621098461
paddu,C-Nero,2,Cat Elnuk,C-Arc,0,1621098588
paddu,C-Nero,2,Cat Elnuk,C-Arc,1,1621098708
paddu,C-Nero,2,Cat Elnuk,C-Arc,1,1621098884
paddu,C-Nero,2,Cat Elnuk,C-Arc,0,1621099007
paddu,C-Nero,2,Cat Elnuk,C-Arc,1,1621099189
paddu,C-Nero,2,Cat Elnuk,C-Arc,0,1621099307
paddu,C-Nero,2,Cat Elnuk,C-Arc,1,1621099485
paddu,C-Nero,1,Cat Elnuk,C-Arc,2,1621099634
paddu,C-Nero,2,Cat Elnuk,C-Arc,1,1621099836
paddu,C-Nero,2,Cat Elnuk,C-Arc,0,1621099948
paddu,C-Nero,2,Cat Elnuk,C-Arc,0,1621100082
paddu,C-Nero,2,Cat Elnuk,C-Arc,0,1621100224
paddu,C-Nero,2,Cat Elnuk,C-Arc,0,1621100328
paddu,C-Nero,2,Magemo,H-Hime,0,1621105991
paddu,C-Nero,1,Magemo,H-Hime,2,1621106140
paddu,C-Nero,2,Magemo,H-Hime,0,1621106232
paddu,C-Nero,2,Magemo,H-Hime,1,1621106373
paddu,C-Nero,2,Magemo,H-Hime,0,1621106479
paddu,C-Nero,0,Magemo,H-Hime,2,1621106586
paddu,C-Nero,2,Magemo,H-Hime,0,1621106676
paddu,C-Nero,2,Magemo,H-Hime,0,1621106803
paddu,C-Nero,2,Magemo,H-Hime,0,1621106885
paddu,C-Nero,2,Magemo,H-Hime,0,1621106989
paddu,C-Nero,2,Magemo,H-Hime,1,1621107174
paddu,C-Nero,2,Magemo,H-Hime,0,1621107286
paddu,C-Nero,2,Magemo,H-Hime,0,1621107391
paddu,C-Nero,2,Magemo,H-Hime,1,1621107533
paddu,C-Nero,2,Magemo,H-Hime,1,1621107709
paddu,C-Nero,2,Magemo,H-Hime,0,1621107800
paddu,C-Nero,2,Magemo,H-Hime,1,1621107937
paddu,C-Nero,2,Magemo,H-Hime,0,1621108025
paddu,C-Nero,2,Magemo,H-Hime,0,1621108097
paddu,C-Nero,2,Magemo,H-Hime,0,1621108206
paddu,C-Nero,2,Magemo,H-Hime,0,1621108310
paddu,C-Nero,2,Magemo,H-Hime,0,1621108423
paddu,C-Nero,2,Austin,C-Arc,0,1621115911
paddu,C-Nero,2,Austin,C-Arc,0,1621116052
paddu,C-Nero,2,Austin,C-Arc,0,1621116182
paddu,C-Nero,2,Austin,C-Arc,0,1621116324
paddu,C-Nero,2,Austin,C-Arc,0,1621116426
paddu,C-Nero,2,Austin,C-Arc,0,1621116564
paddu,C-Nero,2,Austin,C-Arc,0,1621116694
paddu,C-Nero,2,Austin,C-Arc,0,1621116809
paddu,C-Nero,2,Austin,C-Arc,0,1621116942
paddu,C-Nero,0,Austin,C-Arc,2,1621117106
paddu,C-Nero,2,Austin,C-Arc,0,1621117215
paddu,F-V.Akiha,2,Hatsune Miku fan,C-Akiha,0,1621128192
paddu,F-V.Akiha,2,Hatsune Miku fan,C-Akiha,1,1621128370
paddu,F-V.Akiha,2,Hatsune Miku fan,C-Akiha,0,1621128448
paddu,F-V.Akiha,2,Hatsune Miku fan,C-Akiha,0,1621128629
paddu,H-NAC,1,Hatsune Miku fan,C-Akiha,2,1621128845
paddu,C-NAC,2,Hatsune Miku fan,C-Akiha,1,1621129126
paddu,C-NAC,2,Hatsune Miku fan,C-Akiha,0,1621129291
paddu,C-NAC,2,Hatsune Miku fan,C-Akiha,0,1621129468
paddu,C-NAC,2,Hatsune Miku fan,C-Akiha,1,1621129688
paddu,C-NAC,2,Hatsune Miku fan,C-Akiha,0,1621129899
paddu,C-NAC,2,Hatsune Miku fan,C-Akiha,1,1621130093
paddu,C-NAC,2,Hatsune Miku fan,C-Akiha,1,1621130295
paddu,F-Satsuki,2,Hatsune Miku fan,C-Satsuki,0,1621130429
paddu,F-Satsuki,2,Hatsune Miku fan,C-Satsuki,0,1621130557
paddu,F-Satsuki,2,Hatsune Miku fan,C-Satsuki,0,1621130672
paddu,F-Hisui,2,Esdisi,C-Sion,0,1621191328
paddu,F-Hisui,2,Esdisi,C-Sion,1,1621191493
paddu,F-Hisui,2,Esdisi,C-Sion,0,1621191605
paddu,F-Hisui,2,Esdisi,C-Sion,1,1621191768
paddu,F-Hisui,2,Esdisi,C-Sion,0,1621191896
paddu,F-Hisui,2,Esdisi,C-Sion,0,1621191987
paddu,F-Hisui,2,Esdisi,C-Sion,1,1621192146
paddu,F-Hisui,2,Esdisi,C-Sion,0,1621192259
paddu,F-Hisui,2,Esdisi,C-Sion,0,1621192346
paddu,F-Hisui,2,Esdisi,C-Sion,0,1621192436
paddu,C-W.Len,2,Esdisi,C-Sion,0,1621192578
paddu,C-W.Len,2,Esdisi,C-Sion,0,1621192771
paddu,C-W.Len,2,Esdisi,C-Sion,0,1621192888
paddu,C-W.Len,2,Esdisi,C-Sion,0,1621193014
paddu,C-W.Len,2,Esdisi,C-Sion,0,1621193160
paddu,C-W.Len,2,Hatsune Miku fan,C-Akiha,0,1621202865
paddu,C-W.Len,2,Hatsune Miku fan,C-Akiha,0,1621203022
paddu,C-W.Len,2,Hatsune Miku fan,C-Akiha,0,1621203147
paddu,C-W.Len,2,Hatsune Miku fan,C-Akiha,1,1621203355
paddu,C-W.Len,2,Hatsune Miku fan,C-Akiha,0,1621203556
paddu,C-W.Len,2,Hatsune Miku fan,C-Akiha,1,1621203757
paddu,C-W.Len,2,Hatsune Miku fan,C-Akiha,0,1621203931
paddu,C-W.Len,2,Hatsune Miku fan,C-Akiha,0,1621204036
paddu,C-W.Len,2,Hatsune Miku fan,C-Akiha,0,1621204144
paddu,C-W.Len,2,Hatsune Miku fan,C-Akiha,0,1621204242
paddu,C-Nero,2,Shorakyn,C-Ries,0,1621205766
paddu,C-Nero,2,Shorakyn,C-Ries,0,1621205941
paddu,C-Nero,2,Shorakyn,C-Ries,1,1621206162
paddu,C-Nero,2,Shorakyn,C-Ries,0,1621206256
paddu,C-Nero,2,Shorakyn,C-Ries,0,1621206390
paddu,C-Nero,2,Shorakyn,C-Ries,0,1621206517
paddu,C-Nero,2,Shorakyn,C-Ries,0,1621206599
paddu,C-Nero,2,Shorakyn,C-Ries,0,1621206743
paddu,C-Nero,2,Shorakyn,C-Ries,1,1621206915
paddu,C-Nero,2,Shorakyn,C-Ries,0,1621207010
paddu,C-Nero,2,Shorakyn,C-Ries,0,1621207106
paddu,C-Nero,1,Shorakyn,C-Ries,2,1621207300
paddu,C-Nero,2,Shorakyn,C-Ries,0,1621207398
paddu,C-Nero,2,Shorakyn,C-Ries,1,1621207565
paddu,C-Nero,2,Shorakyn,C-Ries,1,1621207725
paddu,C-Nero,2,Shorakyn,C-Ries,0,1621207817
paddu,C-Nero,2,Shorakyn,C-Ries,1,1621207981
paddu,C-W.Len,0,joseph,H-Nero,2,1621263057
paddu,C-W.Len,1,joseph,H-Nero,2,1621263236
paddu,C-W.Len,1,joseph,H-Nero,2,1621263460
paddu,C-W.Len,0,joseph,H-Nero,2,1621263620
paddu,C-W.Len,2,joseph,H-Nero,0,1621263824
paddu,C-W.Len,2,joseph,H-Nero,1,1621264105
paddu,C-W.Len,1,Servalman,H-Ries,2,1621270399
paddu,C-W.Len,0,Servalman,H-Ries,2,1621270536
paddu,C-W.Len,0,Servalman,H-Ries,2,1621270644
paddu,C-W.Len,1,Servalman,H-Ries,2,1621270856
paddu,C-W.Len,0,Servalman,H-Ries,2,1621271056
paddu,C-W.Len,1,Servalman,H-Ries,2,1621271324
paddu,C-W.Len,1,Servalman,H-Ries,2,1621271547
paddu,C-W.Len,0,Servalman,H-Ries,2,1621271691
paddu,C-W.Len,1,Servalman,H-Ries,2,1621271886
paddu,C-W.Len,1,Servalman,H-Ries,2,1621272066
paddu,C-W.Len,2,agu,C-Aoko,0,1621275121
paddu,C-W.Len,2,agu,C-Aoko,0,1621275262
paddu,C-W.Len,2,agu,C-Aoko,0,1621275407
paddu,C-W.Len,2,agu,C-Aoko,0,1621275588
paddu,C-W.Len,2,agu,C-Aoko,0,1621275718
paddu,C-W.Len,2,agu,C-Aoko,0,1621275876
paddu,C-W.Len,2,agu,C-Aoko,1,1621276076
paddu,C-W.Len,2,agu,C-Aoko,0,1621276184
paddu,C-W.Len,2,agu,C-Aoko,1,1621276395
paddu,C-W.Len,2,agu,C-Aoko,0,1621276485
paddu,C-W.Len,2,agu,C-Aoko,1,1621276757
paddu,C-W.Len,2,agu,C-Aoko,1,1621276962
paddu,C-W.Len,2,agu,C-Aoko,1,1621277199
paddu,C-W.Len,2,agu,C-Aoko,0,1621277334
paddu,C-W.Len,2,agu,C-Aoko,1,1621277535
paddu,C-W.Len,2,agu,C-Aoko,0,1621277646
paddu,C-W.Len,2,agu,C-Aoko,1,1621277858
paddu,C-W.Len,2,agu,C-Aoko,0,1621278021
paddu,C-W.Len,0,agu,C-Aoko,2,1621278174
paddu,C-W.Len,2,agu,C-Aoko,1,1621278402
paddu,C-W.Len,1,agu,C-Aoko,2,1621278607
paddu,C-W.Len,2,agu,C-Aoko,0,1621278734
paddu,C-W.Len,2,noone,C-Nanaya,0,1621285602
paddu,C-W.Len,2,noone,C-Nanaya,0,1621285723
paddu,C-W.Len,2,noone,C-Nanaya,0,1621285812
paddu,C-W.Len,2,noone,C-Nanaya,0,1621285955
paddu,C-W.Len,2,noone,C-Nanaya,0,1621286050
paddu,C-W.Len,2,noone,C-Nanaya,0,1621286192
paddu,C-W.Len,2,noone,C-Nanaya,1,1621286381
paddu,C-W.Len,2,noone,C-Nanaya,0,1621286489
paddu,C-W.Len,2,noone,C-Nanaya,0,1621286610
paddu,C-W.Len,2,noone,C-Nanaya,0,1621286740
paddu,C-W.Len,2,noone,C-Nanaya,0,1621286842
paddu,C-W.Len,2,noone,C-Nanaya,0,1621286986
paddu,C-W.Len,2,noone,C-Nanaya,0,1621287084
paddu,C-W.Len,2,noone,C-Nanaya,0,1621287209
paddu,C-W.Len,2,noone,C-Nanaya,0,1621287302
paddu,C-W.Len,2,noone,C-Nanaya,0,1621287405
paddu,C-W.Len,2,noone,C-Nanaya,1,1621287538
paddu,C-W.Len,2,noone,C-Nanaya,0,1621287675
paddu,C-W.Len,2,noone,C-Nanaya,0,1621287790
paddu,C-W.Len,2,noone,C-Nanaya,0,1621287873
paddu,C-Nero,0,cc.,H-Akiha,2,1621296693
paddu,C-Nero,2,cc.,H-Akiha,1,1621296907
paddu,C-Nero,1,cc.,H-Akiha,2,1621297108
paddu,C-Nero,2,cc.,H-Akiha,0,1621297209
paddu,C-Nero,0,cc.,H-Akiha,2,1621297347
paddu,C-Nero,1,cc.,H-Akiha,2,1621297589
paddu,C-Nero,2,cc.,H-Akiha,1,1621297820
paddu,C-Nero,2,cc.,H-Akiha,1,1621298079
paddu,C-Nero,0,cc.,H-Akiha,2,1621298241
paddu,C-Nero,0,cc.,H-Akiha,2,1621298410
paddu,C-Nero,1,cc.,H-Akiha,2,1621298579
paddu,C-Nero,1,cc.,H-Akiha,2,1621298847
paddu,C-Nero,0,cc.,H-Akiha,2,1621298971
paddu,H-Nero,2,cc.,C-Akiha,0,1621299128
paddu,H-Nero,2,cc.,C-Akiha,0,1621299262
paddu,H-Nero,2,cc.,C-Akiha,1,1621299504
paddu,H-Nero,2,cc.,C-Akiha,1,1621299704
paddu,H-Nero,2,cc.,C-Akiha,1,1621299917
paddu,H-Nero,1,cc.,C-Akiha,2,1621300118
paddu,H-Nero,0,cc.,C-Akiha,2,1621300319
paddu,H-Nero,1,cc.,C-Akiha,2,1621300478
paddu,H-Nero,1,cc.,C-Akiha,2,1621300696
paddu,H-Nero,1,cc.,C-Akiha,2,1621300952
paddu,H-Nero,1,cc.,C-Akiha,2,1621301113
paddu,H-Nero,2,cc.,C-Akiha,1,1621301343
paddu,H-Nero,0,cc.,C-Ries,2,1621301633
paddu,H-Nero,0,cc.,C-Ries,2,1621301730
paddu,H-Nero,0,cc.,C-Ries,2,1621301869
paddu,H-Nero,0,cc.,C-Ries,2,1621301973
paddu,H-Nero,0,cc.,C-Ries,2,1621302118
paddu,F-Nero,2,cc.,C-Ries,0,1621302291
paddu,F-Nero,0,cc.,C-Ries,2,1621302446
paddu,F-Nero,2,cc.,C-Ries,0,1621302605
paddu,F-Nero,1,cc.,C-Ries,2,1621302788
paddu,F-Nero,1,cc.,C-Ries,2,1621302998
paddu,F-Nero,1,cc.,C-Ries,2,1621303243
paddu,F-Nero,1,cc.,C-Ries,2,1621303405
paddu,F-Nero,2,cc.,C-Ries,1,1621303573
paddu,F-Nero,1,cc.,C-Ries,2,1621303765
paddu,F-Nero,2,cc.,C-Ries,0,1621303881
paddu,F-Nero,2,cc.,C-Ries,0,1621303974
paddu,F-Nero,1,cc.,C-Ries,2,1621304114
paddu,F-Nero,2,cc.,C-Ries,1,1621304263
paddu,F-Nero,0,cc.,C-Ries,2,1621304398
paddu,F-Nero,2,cc.,C-Ries,0,1621304521
paddu,F-Nero,2,cc.,C-Ries,1,1621304733
paddu,F-Nero,2,cc.,C-Ries,0,1621304916
paddu,F-Nero,2,cc.,C-Ries,0,1621305050
paddu,F-Nero,1,cc.,C-Ries,2,1621305242
paddu,F-Nero,1,cc.,C-Ries,2,1621305471
paddu,C-Nero,0,cc.,H-Akiha,2,1621305595
paddu,C-Nero,0,cc.,H-Akiha,2,1621305718
paddu,C-Nero,2,cc.,H-Akiha,1,1621305877
paddu,C-Nero,1,cc.,H-Akiha,2,1621306133
paddu,C-Nero,1,cc.,H-Akiha,2,1621306324
paddu,C-Nero,2,cc.,H-Akiha,0,1621306431
paddu,C-Nero,0,cc.,H-Akiha,2,1621306560
paddu,C-Nero,1,cc.,H-Akiha,2,1621306776
paddu,C-Nero,0,cc.,H-Akiha,2,1621306908
paddu,C-Nero,1,cc.,H-Akiha,2,1621307074
paddu,C-Nero,1,cc.,H-Akiha,2,1621307307
paddu,C-W.Len,1,Afro Viking,F-Nero,2,1621347262
paddu,C-W.Len,2,Afro Viking,F-Nero,0,1621347416
paddu,C-W.Len,1,Afro Viking,F-Nero,2,1621347635
paddu,C-W.Len,2,Afro Viking,F-Nero,0,1621347800
paddu,C-W.Len,2,Afro Viking,F-Nero,1,1621348025
paddu,C-W.Len,2,Afro Viking,F-Nero,0,1621348147
paddu,C-W.Len,2,Afro Viking,F-Nero,1,1621348440
paddu,C-W.Len,2,Afro Viking,F-Nero,1,1621348664
paddu,C-W.Len,1,Afro Viking,F-Nero,2,1621348894
paddu,C-W.Len,2,Afro Viking,F-Nero,1,1621349165
paddu,C-W.Len,2,Afro Viking,F-Nero,0,1621349333
paddu,C-W.Len,0,Afro Viking,F-Nero,2,1621349470
paddu,C-W.Len,2,Afro Viking,F-Nero,1,1621349687
paddu,C-W.Len,2,Afro Viking,F-Nero,1,1621349918
paddu,F-Akiha,2,Milord's Servant,F-Ryougi,1,1621368332
paddu,F-Akiha,2,Milord's Servant,F-Ryougi,0,1621368461
paddu,F-Akiha,2,Milord's Servant,F-Ryougi,0,1621368582
paddu,H-Nero,2,It's pronounced Ryo-gi,C-Ryougi,1,1621369979
paddu,H-Nero,2,It's pronounced Ryo-gi,C-Ryougi,0,1621370129
paddu,H-Nero,2,It's pronounced Ryo-gi,C-Ryougi,1,1621370324
paddu,H-Nero,2,It's pronounced Ryo-gi,C-Ryougi,0,1621370404
paddu,H-Nero,2,It's pronounced Ryo-gi,C-Ryougi,0,1621370520
paddu,H-Nero,2,It's pronounced Ryo-gi,C-Ryougi,0,1621370643
paddu,H-Nero,2,It's pronounced Ryo-gi,C-Ryougi,0,1621370793
paddu,H-Nero,2,It's pronounced Ryo-gi,C-Ryougi,0,1621370935
paddu,H-Nero,0,It's pronounced Ryo-gi,C-Ryougi,2,1621371089
paddu,H-Nero,2,It's pronounced Ryo-gi,C-Ryougi,0,1621371258
paddu,H-Nero,2,It's pronounced Ryo-gi,C-Ryougi,1,1621371424
paddu,H-Nero,2,It's pronounced Ryo-gi,C-Ryougi,0,1621371578
paddu,H-Nero,1,It's pronounced Ryo-gi,C-Ryougi,2,1621371749
paddu,H-Nero,2,It's pronounced Ryo-gi,C-Ryougi,0,1621371893
paddu,H-Nero,0,It's pronounced Ryo-gi,C-Ryougi,2,1621372044
paddu,H-Nero,2,It's pronounced Ryo-gi,C-Ryougi,0,1621372161
paddu,H-Nero,1,It's pronounced Ryo-gi,C-Ryougi,2,1621372400
paddu,H-Nero,2,It's pronounced Ryo-gi,C-Ryougi,0,1621372531
paddu,H-Nero,2,It's pronounced Ryo-gi,C-Ryougi,0,1621372634
paddu,H-Nero,2,It's pronounced Ryo-gi,C-Ryougi,0,1621372750
paddu,H-Nero,2,It's pronounced Ryo-gi,C-Ryougi,1,1621372930
paddu,H-Nero,2,It's pronounced Ryo-gi,C-Ryougi,0,1621373088
paddu,H-Nero,1,It's pronounced Ryo-gi,C-Ryougi,2,1621373276
paddu,H-Nero,2,It's pronounced Ryo-gi,C-Ryougi,1,1621373448
paddu,H-Nero,1,It's pronounced Ryo-gi,C-Ryougi,2,1621373650
paddu,H-Nero,2,It's pronounced Ryo-gi,C-Ryougi,0,1621373791
paddu,H-Nero,2,It's pronounced Ryo-gi,C-Ryougi,0,1621373910
paddu,H-Nero,2,It's pronounced Ryo-gi,C-Ryougi,0,1621374057
paddu,F-Nero,1,It's pronounced Ryo-gi,C-Ryougi,2,1621374285
paddu,F-Nero,2,It's pronounced Ryo-gi,C-Ryougi,1,1621374468
paddu,F-Nero,2,It's pronounced Ryo-gi,C-Ryougi,0,1621374583
paddu,F-Nero,1,It's pronounced Ryo-gi,C-Ryougi,2,1621374765
paddu,F-Nero,0,It's pronounced Ryo-gi,C-Ryougi,2,1621374930
paddu,F-Nero,1,It's pronounced Ryo-gi,C-Ryougi,2,1621375134
paddu,F-Nero,2,It's pronounced Ryo-gi,C-Ryougi,0,1621375237
paddu,F-Akiha,2,Hatsune Miku fan,C-Akiha,0,1621375637
paddu,F-Akiha,2,Hatsune Miku fan,C-Akiha,0,1621375790
paddu,F-Akiha,2,Hatsune Miku fan,C-Akiha,0,1621375929
paddu,F-Akiha,2,Hatsune Miku fan,C-Akiha,0,1621376038
paddu,F-Akiha,2,Hatsune Miku fan,C-Akiha,0,1621376171
paddu,F-Akiha,2,Hatsune Miku fan,C-Akiha,1,1621376389
paddu,F-Akiha,2,Hatsune Miku fan,C-Akiha,0,1621376547
paddu,F-Akiha,2,Hatsune Miku fan,C-Akiha,0,1621376653
paddu,F-Akiha,2,Hatsune Miku fan,C-Akiha,0,1621376770
paddu,F-Akiha,2,Hatsune Miku fan,C-Akiha,0,1621376913
paddu,F-Akiha,2,Hatsune Miku fan,C-Akiha,0,1621377023
paddu,F-Akiha,2,Hatsune Miku fan,C-Akiha,0,1621377147
paddu,F-Akiha,2,Hatsune Miku fan,C-Akiha,0,1621377261
paddu,F-Akiha,2,Hatsune Miku fan,C-Akiha,0,1621377402
paddu,F-Akiha,2,Hatsune Miku fan,C-Akiha,0,1621377563
paddu,F-Akiha,2,Hatsune Miku fan,C-Akiha,0,1621377715
paddu,H-Nero,2,Gibins,F-Aoko,1,1621385596
paddu,H-Nero,0,Gibins,F-Aoko,2,1621385725
paddu,H-Nero,2,Gibins,F-Aoko,0,1621385872
paddu,H-Nero,2,Gibins,F-Aoko,0,1621385982
paddu,H-Nero,2,Gibins,F-Aoko,1,1621386183
paddu,H-Nero,2,Magemo,H-Hime,1,1621391128
paddu,H-Nero,2,Magemo,H-Hime,0,1621391273
paddu,H-Nero,2,Magemo,H-Hime,0,1621391391
paddu,H-Nero,2,Magemo,H-Hime,1,1621391545
paddu,H-Nero,2,Magemo,H-Hime,0,1621391701
paddu,H-Nero,2,Magemo,H-Hime,0,1621391825
paddu,H-Nero,0,Magemo,H-Hime,2,1621391925
paddu,H-Nero,2,Magemo,H-Hime,0,1621392072
paddu,H-Nero,2,Magemo,H-Hime,0,1621392151
paddu,H-Nero,2,Magemo,H-Hime,1,1621392328
paddu,H-Nero,1,Magemo,H-Hime,2,1621392499
paddu,H-Nero,1,Magemo,H-Hime,2,1621392732
paddu,H-Nero,2,Magemo,H-Hime,0,1621392862
paddu,F-Akiha,2,Demi,C-V.Akiha,0,1621438878
paddu,F-Akiha,2,Demi,C-V.Akiha,0,1621438996
paddu,F-Akiha,2,Demi,H-V.Akiha,0,1621439140
paddu,F-Akiha,2,Demi,H-V.Akiha,0,1621439269
paddu,F-Akiha,2,Demi,H-V.Akiha,0,1621439353
paddu,F-Akiha,2,Demi,H-V.Akiha,0,1621439464
paddu,F-Akiha,2,Demi,H-V.Akiha,0,1621439614
paddu,F-Akiha,2,Demi,H-V.Akiha,0,1621439759
paddu,F-Akiha,2,Demi,H-V.Akiha,0,1621439874
paddu,F-Akiha,2,Demi,H-V.Akiha,0,1621439988
paddu,F-Akiha,2,Demi,H-V.Akiha,1,1621440186
paddu,F-Akiha,2,Demi,H-V.Akiha,0,1621440277
paddu,F-Akiha,2,Demi,C-V.Akiha,0,1621440372
paddu,F-Akiha,2,Demi,C-V.Akiha,0,1621440493
paddu,F-Akiha,2,Demi,C-V.Akiha,0,1621440632
paddu,F-Akiha,2,Draig,H-V.Sion,1,1621446832
paddu,F-Akiha,2,Draig,H-V.Sion,1,1621447222
paddu,F-Akiha,2,Draig,H-V.Sion,1,1621447377
paddu,F-Akiha,1,Draig,H-V.Sion,2,1621447536
paddu,F-Akiha,2,Draig,H-V.Sion,0,1621447669
paddu,F-Akiha,2,Draig,H-V.Sion,0,1621447771
paddu,F-Akiha,2,Draig,H-V.Sion,0,1621447880
paddu,F-Akiha,1,Draig,H-V.Sion,2,1621448047
paddu,F-Akiha,1,Draig,H-V.Sion,2,1621448233
paddu,H-Nero,2,Draig,H-V.Sion,0,1621448391
paddu,H-Nero,2,Draig,H-V.Sion,0,1621448522
paddu,H-Nero,0,Draig,H-V.Sion,2,1621448643
paddu,C-NekoMech,2,Draig,H-V.Sion,0,1621448739
paddu,C-NekoMech,2,Draig,H-V.Sion,1,1621448915
paddu,C-NekoMech,2,Draig,H-V.Sion,0,1621449037
paddu,C-NekoMech,1,Draig,H-V.Sion,2,1621449206
paddu,C-Roa,2,Draig,H-V.Sion,0,1621449314
paddu,C-Roa,2,Draig,H-V.Sion,0,1621449402
paddu,C-Roa,2,Draig,H-V.Sion,0,1621449506
paddu,C-Roa,2,Draig,H-V.Sion,0,1621449589
paddu,C-Roa,2,Draig,H-V.Sion,0,1621449697
paddu,C-Roa,2,Draig,H-V.Sion,0,1621449799
paddu,C-Roa,1,Draig,H-V.Sion,2,1621449977
paddu,C-NAC,2,Draig,H-V.Sion,0,1621450103
paddu,C-NAC,0,Draig,H-V.Sion,2,1621450196
paddu,C-NAC,0,Draig,H-V.Sion,2,1621450272
paddu,C-KohaMech,1,Draig,H-V.Sion,2,1621450498
paddu,F-V.Akiha,2,Draig,H-V.Sion,1,1621450634
paddu,F-V.Akiha,2,Draig,H-V.Sion,1,1621450799
paddu,F-V.Akiha,1,Draig,H-V.Sion,2,1621450928
paddu,F-V.Akiha,1,Draig,H-V.Sion,2,1621451051
paddu,F-V.Akiha,2,Draig,H-V.Sion,0,1621451170
paddu,F-V.Akiha,0,Draig,H-V.Sion,2,1621451273
paddu,F-V.Akiha,2,Draig,H-V.Sion,0,1621451363
paddu,C-W.Len,2,Draig,H-V.Sion,1,1621451570
paddu,C-W.Len,2,Draig,H-V.Sion,1,1621451722
paddu,C-W.Len,2,Draig,H-V.Sion,0,1621451858
paddu,C-W.Len,2,Draig,H-V.Sion,1,1621452051
paddu,C-W.Len,2,Draig,H-V.Sion,0,1621452141
paddu,C-W.Len,2,Draig,H-V.Sion,0,1621452230
paddu,C-W.Len,1,Draig,H-V.Sion,2,1621452375
paddu,C-W.Len,1,Draig,H-V.Sion,2,1621452521
paddu,C-W.Len,0,Draig,H-V.Sion,2,1621452644
paddu,C-Nero,1,Draig,F-Ryougi,2,1621452883
paddu,C-Nero,1,Draig,F-Ryougi,2,1621453013
paddu,C-Nero,1,Draig,F-Ryougi,2,1621453182
paddu,C-Nero,2,Draig,F-Ryougi,1,1621453385
paddu,C-Nero,2,Draig,F-Ryougi,0,1621453508
paddu,C-Nero,2,Draig,F-Ryougi,0,1621453642
paddu,C-Nero,1,Draig,F-Ryougi,2,1621453822
paddu,C-Nero,0,Draig,F-Ryougi,2,1621453948
paddu,C-Nero,2,Draig,F-Ryougi,1,1621454160
paddu,C-Nero,1,Draig,F-Ryougi,2,1621454329
paddu,C-Nero,1,Draig,F-Ryougi,2,1621454480
paddu,C-Nero,2,Draig,F-Ryougi,1,1621454714
paddu,F-Nero,1,Draig,F-Ryougi,2,1621454932
paddu,F-Nero,0,Draig,F-Ryougi,2,1621455032
paddu,F-Nero,1,Draig,F-Ryougi,2,1621455208
paddu,H-Nero,2,Draig,F-Ryougi,1,1621455461
paddu,H-Nero,0,Draig,F-Ryougi,2,1621455581
paddu,H-Nero,0,Draig,F-Ryougi,2,1621455680
paddu,H-Nero,0,Draig,F-Ryougi,2,1621455794
paddu,H-Nero,2,Draig,F-Ryougi,0,1621455910
paddu,H-Nero,0,Draig,F-Ryougi,2,1621456034
paddu,H-Nero,0,Draig,F-Ryougi,2,1621456139
paddu,H-Nero,1,Draig,F-Ryougi,2,1621456301
paddu,H-Nero,2,Draig,F-Ryougi,1,1621456555
paddu,H-Nero,0,Draig,F-Ryougi,2,1621456655
paddu,H-Nero,0,Draig,F-Ryougi,2,1621456827
paddu,H-Nero,1,Draig,F-Ryougi,2,1621457036
paddu,H-Nero,0,Draig,F-Ryougi,2,1621457132
paddu,H-Nero,2,Draig,F-Ryougi,0,1621457263
paddu,H-Nero,2,Draig,F-Ryougi,1,1621457444
paddu,H-Nero,1,Draig,F-Ryougi,2,1621457623
paddu,H-Nero,0,Draig,F-Ryougi,2,1621457765
paddu,C-Nero,2,teapS,C-Wara,0,1621465987
paddu,C-Nero,2,teapS,C-Wara,1,1621466193
paddu,C-Nero,2,teapS,C-Wara,0,1621466308
paddu,C-Nero,2,teapS,C-Wara,1,1621466490
paddu,C-Nero,2,teapS,C-Wara,0,1621466585
paddu,C-Nero,2,teapS,C-Wara,0,1621466700
paddu,C-Nero,2,teapS,C-Wara,0,1621466803
paddu,C-Nero,2,teapS,C-Wara,1,1621466992
paddu,C-Nero,2,teapS,C-Wara,0,1621467091
paddu,C-Nero,2,teapS,C-Wara,0,1621467224
paddu,C-Nero,2,Doille,C-Sion,0,1621525562
paddu,C-Nero,0,Servalman,F-Hime,2,1621535668
paddu,C-Nero,1,Servalman,F-Hime,2,1621535897
paddu,C-Nero,2,Servalman,F-Hime,1,1621536068
paddu,C-Nero,1,Servalman,F-Hime,2,1621536279
paddu,C-Nero,1,Servalman,F-Hime,2,1621536466
paddu,C-Nero,2,Servalman,F-Hime,0,1621536615
paddu,C-Nero,0,Servalman,F-Hime,2,1621536757
paddu,C-Nero,2,Servalman,F-Hime,1,1621536982
paddu,C-Nero,2,Servalman,F-Hime,1,1621537114
paddu,C-Nero,0,Servalman,F-Hime,2,1621537214
paddu,C-Nero,1,Servalman,F-Hime,2,1621537394
paddu,C-Nero,2,Servalman,F-Hime,0,1621537524
paddu,C-Nero,2,Servalman,F-Hime,1,1621537647
paddu,C-Nero,2,Servalman,F-Hime,0,1621537747
paddu,C-Nero,0,Servalman,F-Hime,2,1621537885
paddu,C-Nero,1,Servalman,F-Hime,2,1621538080
paddu,C-Nero,2,Servalman,F-Hime,0,1621538184
paddu,C-Nero,2,Servalman,F-Hime,0,1621538289
paddu,C-Nero,0,Servalman,F-Hime,2,1621538432
paddu,C-Nero,2,XinXin,C-Aoko,0,1621543945
paddu,C-Nero,2,XinXin,C-Aoko,0,1621544061
paddu,C-Nero,2,XinXin,C-Aoko,1,1621544202
paddu,C-Nero,2,XinXin,C-Aoko,1,1621544372
paddu,C-Nero,2,XinXin,C-Aoko,0,1621544529
paddu,C-Nero,2,XinXin,C-Aoko,0,1621544643
paddu,C-Nero,2,XinXin,C-Aoko,0,1621544746
paddu,C-Nero,2,XinXin,C-Aoko,0,1621544850
paddu,C-Nero,2,XinXin,C-Aoko,1,1621544974
paddu,C-Nero,2,XinXin,C-Aoko,1,1621545161
paddu,F-Nero,2,Magemo,H-Ries,0,1621557997
paddu,F-Nero,2,Magemo,H-Ries,1,1621558161
paddu,F-Nero,2,Magemo,H-Ries,1,1621558363
paddu,F-Nero,2,Magemo,H-Ries,0,1621558459
paddu,F-Nero,2,Magemo,H-Ries,1,1621558670
paddu,F-Nero,2,Magemo,H-Ries,0,1621558798
paddu,F-Nero,2,Magemo,H-Ries,1,1621558953
paddu,F-Nero,2,Magemo,H-Ries,0,1621559060
paddu,F-Nero,2,Magemo,H-Ries,0,1621559164
paddu,F-Nero,2,Magemo,H-Ries,1,1621559405
paddu,C-Nero,2,It's pronounced Ryo-gi,C-Ryougi,1,1621615937
paddu,C-Nero,2,It's pronounced Ryo-gi,C-Ryougi,1,1621616141
paddu,C-Nero,0,It's pronounced Ryo-gi,C-Ryougi,2,1621616302
paddu,C-Nero,0,It's pronounced Ryo-gi,C-Ryougi,2,1621616469
paddu,C-Nero,1,It's pronounced Ryo-gi,C-Ryougi,2,1621616661
paddu,C-Nero,2,It's pronounced Ryo-gi,C-Ryougi,1,1621616841
paddu,C-Nero,2,It's pronounced Ryo-gi,C-Ryougi,1,1621617005
paddu,C-Nero,2,It's pronounced Ryo-gi,C-Ryougi,0,1621617129
paddu,C-Nero,0,It's pronounced Ryo-gi,C-Ryougi,2,1621617263
paddu,C-Nero,2,It's pronounced Ryo-gi,C-Ryougi,1,1621617468
paddu,C-Nero,2,It's pronounced Ryo-gi,C-Ryougi,0,1621617644
paddu,C-Nero,2,It's pronounced Ryo-gi,C-Ryougi,1,1621617827
paddu,C-Nero,2,It's pronounced Ryo-gi,C-Ryougi,0,1621617944
paddu,C-Nero,2,It's pronounced Ryo-gi,C-Ryougi,1,1621618158
paddu,C-Nero,2,Doille,C-Sion,0,1621623836
paddu,C-Nero,2,Doille,C-Sion,0,1621623915
paddu,C-Nero,2,Doille,C-Wara,0,1621624008
paddu,C-Nero,2,Doille,C-Wara,0,1621624135
paddu,C-Nero,2,Regeci,C-Nanaya,0,1621625546
paddu,C-Nero,2,Regeci,C-Nanaya,0,1621625661
paddu,C-Nero,2,Regeci,C-Nanaya,0,1621625768
paddu,C-Nero,2,Regeci,C-Nanaya,1,1621625913
paddu,C-Nero,2,Regeci,C-Nanaya,0,1621626008
paddu,C-Nero,2,Regeci,C-Nanaya,0,1621626105
paddu,C-Nero,0,Regeci,C-Nanaya,2,1621626237
paddu,C-Nero,2,Regeci,C-Nanaya,0,1621626367
paddu,C-Nero,2,Regeci,C-Nanaya,1,1621626526
paddu,C-Nero,2,Regeci,C-Nanaya,0,1621626634
paddu,C-Nero,2,Regeci,C-Nanaya,0,1621626752
paddu,C-Nero,2,Regeci,C-Nanaya,0,1621626840
paddu,C-Nero,2,Shield Potato,C-Ries,0,1621627117
paddu,C-Nero,2,Shield Potato,C-Ries,0,1621627205
paddu,C-Nero,2,Shield Potato,C-Ries,0,1621627297
paddu,C-Nero,2,Shield Potato,C-Ries,0,1621627429
paddu,C-Nero,2,Shield Potato,C-Ries,0,1621627525
paddu,C-Nero,2,Shield Potato,C-Ries,0,1621627641
paddu,C-Nero,2,Shield Potato,C-Ries,0,1621627740
paddu,C-Nero,2,Shield Potato,C-Ries,0,1621627875
paddu,C-Nero,2,Shield Potato,C-Ries,0,1621627964
paddu,C-Nero,2,Shield Potato,C-Ries,0,1621628106
paddu,F-Nero,2,Duoxy,C-Sion,0,1621636213
paddu,F-Nero,0,Duoxy,C-Sion,2,1621636344
paddu,F-Nero,2,Duoxy,C-Sion,0,1621636430
paddu,F-Nero,2,Duoxy,C-Sion,0,1621636530
paddu,F-Nero,2,Duoxy,C-Sion,0,1621636619
paddu,F-Nero,2,Duoxy,C-Sion,0,1621636726
paddu,F-Nero,2,Duoxy,C-Sion,0,1621636821
paddu,F-Nero,2,Duoxy,C-Sion,0,1621636922
paddu,F-Nero,2,Duoxy,C-Sion,1,1621637074
paddu,F-Nero,2,Duoxy,C-Sion,0,1621637176
paddu,F-Nero,2,Duoxy,C-Sion,0,1621637262
paddu,F-Nero,2,Duoxy,C-Sion,0,1621637387
paddu,F-Nero,2,Duoxy,C-Sion,1,1621637558
paddu,F-Nero,2,Duoxy,C-Sion,0,1621637644
paddu,F-Nero,2,Duoxy,C-Sion,1,1621637778
paddu,F-Nero,2,Duoxy,C-Sion,0,1621637879
paddu,F-Nero,2,Duoxy,C-Sion,0,1621637961
paddu,F-Nero,2,Duoxy,C-Sion,0,1621638038
paddu,F-Nero,2,Duoxy,C-Sion,0,1621638112
paddu,F-Nero,0,Magemo,H-Ries,2,1621640781
paddu,F-Nero,2,Magemo,H-Ries,0,1621640880
paddu,F-Nero,2,Magemo,H-Ries,0,1621640968
paddu,F-Nero,2,Magemo,H-Ries,0,1621641117
paddu,F-Nero,0,Magemo,H-Ries,2,1621641227
paddu,F-Nero,1,Magemo,H-Ries,2,1621641441
paddu,F-Nero,2,Magemo,H-Ries,0,1621641533
paddu,F-Nero,2,Magemo,H-Ries,0,1621641680
paddu,F-Nero,2,Magemo,H-Ries,0,1621641821
paddu,F-Nero,2,Magemo,H-Ries,1,1621641998
paddu,F-Nero,1,Magemo,H-Ries,2,1621642137
paddu,F-Nero,2,Magemo,H-Ries,0,1621642236
paddu,F-Nero,2,Magemo,H-Ries,1,1621642394
paddu,F-Nero,2,Magemo,H-Ries,0,1621642517
paddu,F-Nero,2,Magemo,H-Ries,0,1621642653
paddu,F-Nero,2,Magemo,H-Ries,0,1621642754
paddu,F-Nero,2,Magemo,H-Ries,1,1621642933
paddu,F-Nero,2,Magemo,H-Ries,1,1621643152
paddu,C-Nero,2,lemone,C-Aoko,0,1621644381
paddu,C-Nero,2,lemone,C-Aoko,0,1621644475
paddu,C-Nero,2,lemone,C-Aoko,0,1621644579
paddu,C-Nero,2,lemone,C-Aoko,0,1621644671
paddu,C-Nero,2,lemone,C-Aoko,0,1621644748
paddu,C-Nero,2,lemone,C-Aoko,0,1621644864
paddu,C-Nero,2,lemone,C-Aoko,0,1621644979
paddu,C-Nero,2,lemone,C-Aoko,0,1621645077
paddu,C-Nero,2,lemone,C-Aoko,0,1621645176
paddu,C-Nero,2,lemone,C-Aoko,0,1621645290
paddu,C-Nero,2,Magemo,H-Ries,0,1621703560
paddu,C-Nero,2,Magemo,H-Ries,0,1621703703
paddu,C-Nero,2,Shorakyn,C-Ries,1,1621704609
paddu,C-Nero,2,Eika,H-Hisui,1,1621705482
paddu,C-Nero,2,Eika,H-Hisui,0,1621705604
paddu,C-Nero,0,cc.,H-Akiha,2,1621705850
paddu,C-Nero,0,cc.,H-Akiha,2,1621705987
paddu,C-Nero,2,It's pronounced Ryo-gi,C-Ryougi,1,1621707019
paddu,C-Nero,2,Yun/Steve,H-W.Len,0,1621710017
paddu,C-Nero,2,Yun/Steve,H-W.Len,0,1621710167
paddu,C-Nero,2,Eika,F-S.Akiha,1,1621710536
paddu,C-Nero,2,Eika,F-S.Akiha,0,1621710647
paddu,C-Nero,0,cc.,H-Akiha,2,1621710953
paddu,C-Nero,2,cc.,H-Akiha,1,1621711153
paddu,C-Nero,1,cc.,H-Akiha,2,1621711365
paddu,C-Nero,2,DisabledSannos,F-Nanaya,0,1621717802
paddu,C-Nero,0,DisabledSannos,F-Nanaya,2,1621717891
paddu,C-Nero,0,DisabledSannos,F-Nanaya,2,1621717975
paddu,C-Nero,0,DisabledSannos,F-Nanaya,2,1621718109
paddu,C-Nero,0,DisabledSannos,F-Nanaya,2,1621718242
paddu,C-Nero,2,DisabledSannos,F-Nanaya,1,1621718434
paddu,C-Nero,0,DisabledSannos,F-Nanaya,2,1621718584
paddu,C-Nero,2,DisabledSannos,F-Nanaya,0,1621718723
paddu,C-Nero,1,DisabledSannos,F-Nanaya,2,1621718882
paddu,C-Nero,1,DisabledSannos,F-Nanaya,2,1621719084
paddu,C-Nero,2,DisabledSannos,F-Nanaya,0,1621719251
paddu,C-Nero,1,DisabledSannos,F-Nanaya,2,1621719400
paddu,C-Nero,0,DisabledSannos,F-Nanaya,2,1621719513
paddu,C-Nero,1,DisabledSannos,F-Nanaya,2,1621719690
paddu,C-Nero,2,El Bicho,C-Nanaya,0,1621722091
paddu,C-Nero,2,El Bicho,C-Nanaya,0,1621722199
paddu,C-Nero,2,El Bicho,C-Nanaya,1,1621722374
paddu,C-Nero,2,El Bicho,C-Nanaya,0,1621722477
paddu,C-Nero,2,El Bicho,C-Nanaya,0,1621722562
paddu,F-Nero,2,El Bicho,C-Kouma,0,1621722677
paddu,F-Nero,2,El Bicho,C-Kouma,0,1621722814
paddu,F-Nero,2,El Bicho,C-Kouma,0,1621722905
paddu,F-Akiha,2,El Bicho,C-Nanaya,1,1621723083
paddu,F-Akiha,1,El Bicho,C-Nanaya,2,1621723257
paddu,F-Akiha,2,El Bicho,C-Nanaya,0,1621723396
paddu,F-Akiha,2,El Bicho,C-Nanaya,1,1621723572
paddu,F-Akiha,2,El Bicho,C-Nanaya,1,1621723774
paddu,F-Akiha,2,El Bicho,C-Nanaya,1,1621723960
paddu,F-Akiha,2,El Bicho,C-Nanaya,0,1621724071
paddu,F-Akiha,0,El Bicho,C-Nanaya,2,1621724207
paddu,C-Aoko,2,El Bicho,C-Nanaya,0,1621724349
paddu,C-Aoko,2,El Bicho,C-Nanaya,1,1621724547
paddu,C-Aoko,2,El Bicho,C-Nanaya,0,1621724683
paddu,C-Aoko,2,El Bicho,C-Nanaya,0,1621724837
paddu,C-Aoko,2,El Bicho,C-Nanaya,0,1621724989
paddu,C-Aoko,2,El Bicho,C-Nanaya,0,1621725110
paddu,C-Aoko,2,El Bicho,C-Nanaya,0,1621725253
paddu,C-NekoMech,2,El Bicho,C-Wara,0,1621725353
paddu,C-NekoMech,2,El Bicho,C-Nanaya,0,1621725488
paddu,C-NekoMech,1,El Bicho,C-Nanaya,2,1621725681
paddu,C-NekoMech,2,El Bicho,C-Nanaya,0,1621725824
paddu,C-NekoMech,2,El Bicho,C-Nanaya,1,1621726001
paddu,C-NekoMech,2,El Bicho,C-Nanaya,1,1621726174
paddu,C-NekoMech,2,El Bicho,C-Nanaya,0,1621726277
paddu,C-NekoMech,2,El Bicho,C-Nanaya,1,1621726451
paddu,C-Roa,2,El Bicho,C-Kouma,1,1621726643
paddu,C-Roa,2,El Bicho,C-Kouma,0,1621726750
paddu,C-Roa,2,El Bicho,C-Kouma,1,1621726925
paddu,C-Roa,2,El Bicho,C-Kouma,1,1621727107
paddu,C-Roa,2,El Bicho,C-Kouma,1,1621727283
paddu,C-Roa,2,El Bicho,C-Kouma,1,1621727487
paddu,F-Hisui,2,El Bicho,C-Nanaya,1,1621727705
paddu,F-Hisui,1,El Bicho,C-Nanaya,2,1621727876
paddu,F-Hisui,1,El Bicho,C-Nanaya,2,1621728053
paddu,F-Hisui,2,El Bicho,C-Nanaya,0,1621728168
paddu,F-Hisui,2,El Bicho,C-Nanaya,1,1621728321
paddu,F-Hisui,2,El Bicho,C-Nanaya,0,1621728457
paddu,F-Hisui,2,El Bicho,C-Nanaya,1,1621728634
paddu,C-Nero,2,smo,C-Arc,1,1621781684
paddu,C-Nero,2,smo,C-Arc,0,1621781774
paddu,C-Nero,2,smo,C-Arc,1,1621782002
paddu,C-Nero,2,smo,C-Arc,0,1621782132
paddu,C-Nero,2,smo,C-Arc,1,1621782356
paddu,C-Nero,2,smo,C-Arc,1,1621782509
paddu,C-Nero,2,smo,C-Arc,0,1621782650
paddu,C-Nero,2,smo,C-Arc,0,1621782772
paddu,C-Nero,2,smo,C-Arc,0,1621782906
paddu,C-Nero,2,smo,C-Arc,0,1621783054
paddu,C-Nero,1,Change your name,F-Warc,2,1621791636
paddu,C-Nero,2,Change your name,F-Warc,1,1621791869
paddu,C-Nero,2,Change your name,F-Warc,0,1621791970
paddu,C-Nero,2,Change your name,F-Warc,0,1621792122
paddu,C-Nero,2,Change your name,F-Warc,0,1621792206
paddu,C-Nero,2,Change your name,F-Warc,1,1621792339
paddu,C-Nero,1,Change your name,F-Warc,2,1621792485
paddu,C-Nero,2,Change your name,F-Warc,0,1621792615
paddu,C-Nero,2,Change your name,F-Warc,0,1621792738
paddu,C-Nero,1,Change your name,F-Warc,2,1621792949
paddu,C-Nero,1,Change your name,F-Warc,2,1621793085
paddu,C-Nero,2,Change your name,F-Warc,0,1621793182
paddu,C-Nero,2,Change your name,F-Warc,0,1621793307
paddu,C-Nero,2,Change your name,F-Warc,0,1621793470
paddu,F-M.Hisui,1,Magemo,F-Hisui,2,1621799443
paddu,F-M.Hisui,2,Magemo,F-Hisui,0,1621799544
paddu,F-M.Hisui,0,Magemo,F-Hisui,2,1621799642
paddu,F-M.Hisui,2,Magemo,F-Hisui,0,1621799726
paddu,F-M.Hisui,1,Magemo,F-Hisui,2,1621799882
paddu,C-Arc,0,Cat Elnuk,H-P.Ciel,2,1621876366
paddu,C-Arc,2,Cat Elnuk,H-P.Ciel,1,1621876543
paddu,C-Arc,0,Cat Elnuk,H-P.Ciel,2,1621876672
paddu,C-Arc,0,Cat Elnuk,H-P.Ciel,2,1621876826
paddu,C-Arc,2,Cat Elnuk,H-P.Ciel,1,1621877006
paddu,C-Arc,1,Cat Elnuk,H-P.Ciel,2,1621877129
paddu,C-Arc,0,Cat Elnuk,H-P.Ciel,2,1621877233
paddu,C-Arc,1,Cat Elnuk,H-P.Ciel,2,1621877405
paddu,C-Arc,0,Cat Elnuk,H-P.Ciel,2,1621877520
paddu,C-Arc,2,Cat Elnuk,H-P.Ciel,0,1621877644
paddu,C-Arc,0,Cat Elnuk,H-P.Ciel,2,1621877772
paddu,C-Arc,0,Cat Elnuk,H-P.Ciel,2,1621877902
paddu,C-Arc,2,Cat Elnuk,H-P.Ciel,1,1621878104
paddu,C-Arc,2,Cat Elnuk,H-P.Ciel,0,1621878218
paddu,C-Arc,0,Cat Elnuk,H-P.Ciel,2,1621878377
paddu,F-Arc,2,Hatsune Miku fan,C-Akiha,0,1621881604
paddu,F-Arc,2,Hatsune Miku fan,C-Akiha,1,1621881819
paddu,F-Arc,2,Hatsune Miku fan,C-Akiha,0,1621881956
paddu,F-Arc,2,Hatsune Miku fan,C-Akiha,0,1621882037
paddu,F-Arc,2,Hatsune Miku fan,C-Akiha,0,1621882155
paddu,F-Arc,2,Hatsune Miku fan,C-Akiha,1,1621882334
paddu,F-Arc,2,Hatsune Miku fan,C-Akiha,0,1621882483
paddu,F-Arc,2,Hatsune Miku fan,C-Akiha,0,1621882628
paddu,F-Arc,1,Hatsune Miku fan,C-Akiha,2,1621882836
paddu,F-Arc,2,Hatsune Miku fan,C-Akiha,0,1621882946
paddu,F-Arc,2,Hatsune Miku fan,C-Akiha,0,1621883057
paddu,C-Roa,2,Hatsune Miku fan,C-Akiha,0,1621883160
paddu,C-Roa,2,Hatsune Miku fan,C-Akiha,0,1621883274
paddu,C-Roa,2,Hatsune Miku fan,C-Akiha,0,1621883377
paddu,C-Roa,2,Hatsune Miku fan,C-Akiha,0,1621883484
paddu,C-Roa,2,Hatsune Miku fan,C-Akiha,0,1621883587
paddu,F-Arc,2,Afro Viking,F-Nero,0,1621885432
paddu,F-Arc,1,Magemo,H-Ries,2,1621885800
paddu,F-Arc,2,Magemo,H-Ries,0,1621885897
paddu,F-Arc,2,Magemo,H-Ries,0,1621886045
paddu,F-Arc,2,Magemo,H-Ries,0,1621886156
paddu,F-Arc,2,Magemo,H-Ries,0,1621886270
paddu,F-Arc,2,Magemo,H-Ries,1,1621886423
paddu,F-Arc,2,Magemo,H-Ries,0,1621886517
paddu,F-Arc,2,Magemo,H-Ries,0,1621886634
paddu,F-Arc,2,Metahodos,F-M.Hisui,0,1621889480
paddu,F-Arc,2,Metahodos,F-M.Hisui,0,1621889608
paddu,F-Arc,2,Metahodos,F-M.Hisui,0,1621889692
paddu,F-Arc,2,Metahodos,F-M.Hisui,0,1621889798
paddu,F-Arc,2,Metahodos,F-M.Hisui,0,1621889873
paddu,F-Arc,2,Metahodos,F-M.Hisui,0,1621889951
paddu,F-Arc,2,Metahodos,F-M.Hisui,0,1621890046
paddu,F-Arc,2,Metahodos,F-M.Hisui,0,1621890117
paddu,F-Arc,2,Metahodos,F-M.Hisui,0,1621890227
paddu,F-Arc,2,Metahodos,F-M.Hisui,0,1621890330
paddu,F-Arc,2,Metahodos,F-M.Hisui,0,1621890393
paddu,F-Arc,2,Metahodos,F-M.Hisui,0,1621890485
paddu,F-Arc,2,Metahodos,F-M.Hisui,0,1621890573
paddu,F-Arc,2,Metahodos,F-M.Hisui,0,1621890675
paddu,F-Arc,2,Metahodos,F-M.Hisui,0,1621890764
paddu,F-Arc,2,Metahodos,F-M.Hisui,1,1621890875
paddu,F-Arc,2,Metahodos,F-M.Hisui,0,1621890949
paddu,F-Arc,2,Metahodos,F-M.Hisui,0,1621891027
paddu,F-Arc,2,Metahodos,F-M.Hisui,0,1621891104
paddu,F-Arc,2,Metahodos,F-M.Hisui,0,1621891204
paddu,F-Arc,2,Magemo,C-Maids,1,1621961473
paddu,F-Arc,2,Magemo,C-Maids,0,1621961569
paddu,F-Arc,2,Magemo,C-Maids,0,1621961683
paddu,F-Arc,2,Magemo,C-Maids,0,1621961829
paddu,F-Arc,2,Magemo,C-Maids,0,1621961923
paddu,F-Arc,2,Magemo,C-Maids,0,1621962033
paddu,F-Arc,0,Magemo,C-Maids,2,1621962136
paddu,F-Arc,2,Magemo,C-Maids,0,1621962203
paddu,F-Arc,2,Magemo,C-Maids,1,1621962356
paddu,F-Arc,2,Magemo,C-Maids,0,1621962455
paddu,F-Arc,2,Magemo,C-Maids,0,1621962574
paddu,C-Nero,1,Rouxin,H-Satsuki,2,1621963639
paddu,C-Nero,2,Rouxin,H-Satsuki,1,1621963787
paddu,C-Nero,2,Rouxin,H-Satsuki,1,1621963988
paddu,C-Nero,1,Rouxin,H-Satsuki,2,1621964195
paddu,C-Nero,2,Rouxin,H-Satsuki,0,1621964326
paddu,C-Nero,2,Rouxin,H-Satsuki,1,1621964466
paddu,C-Nero,1,Rouxin,H-Satsuki,2,1621964619
paddu,C-Nero,0,Rouxin,H-Satsuki,2,1621964734
paddu,C-Nero,2,Rouxin,H-Satsuki,1,1621964897
paddu,C-Nero,2,Rouxin,H-Satsuki,1,1621965061
paddu,C-Nero,2,Rouxin,H-Satsuki,0,1621965174
paddu,C-Nero,0,Rouxin,H-Satsuki,2,1621965268
paddu,C-Nero,2,Rouxin,H-Satsuki,0,1621965416
paddu,C-Nero,1,Rouxin,H-Satsuki,2,1621965622
paddu,C-Nero,2,Rouxin,H-Satsuki,0,1621965761
paddu,C-Nero,0,Rouxin,H-Satsuki,2,1621965894
paddu,C-Nero,2,Rouxin,H-Satsuki,1,1621966063
paddu,C-Nero,0,Draig,F-Ryougi,2,1622050276
paddu,C-Nero,2,Draig,F-Ryougi,1,1622050458
paddu,C-Nero,1,Draig,F-Ryougi,2,1622050702
paddu,C-Nero,2,Draig,F-Ryougi,1,1622050854
paddu,C-Nero,2,Draig,F-Ryougi,0,1622050975
paddu,C-Nero,2,Draig,F-Ryougi,0,1622051048
paddu,C-Nero,1,Draig,F-Ryougi,2,1622051221
paddu,C-Nero,1,Draig,F-Ryougi,2,1622051411
paddu,C-Nero,2,Draig,F-Ryougi,0,1622051534
paddu,C-Nero,0,Draig,F-Ryougi,2,1622051619
paddu,C-Nero,2,Draig,F-Ryougi,0,1622051753
paddu,C-Nero,1,Draig,F-Ryougi,2,1622051886
paddu,C-Nero,2,Draig,F-Ryougi,0,1622052019
paddu,C-Nero,0,Draig,F-Ryougi,2,1622052143
paddu,C-Nero,1,Draig,F-Ryougi,2,1622052313
paddu,C-Nero,1,Draig,F-Ryougi,2,1622052482
paddu,C-Nero,0,Servalman,C-Ciel,2,1622054231
paddu,C-Nero,2,Servalman,C-Ciel,0,1622054363
paddu,C-Nero,1,Servalman,C-Ciel,2,1622054586
paddu,C-Nero,1,Servalman,C-Ciel,2,1622054785
paddu,C-Nero,2,Servalman,C-Ciel,1,1622054949
paddu,C-Nero,0,Servalman,C-Ciel,2,1622055071
paddu,C-Nero,2,Servalman,C-Ciel,1,1622055279
paddu,C-Nero,2,Servalman,C-Ciel,1,1622055518
paddu,C-Nero,2,Servalman,C-Ciel,0,1622055611
paddu,C-Nero,1,Servalman,C-Ciel,2,1622055738
paddu,C-Nero,2,Servalman,C-Ciel,1,1622055882
paddu,C-Nero,2,Servalman,C-Ciel,1,1622056081
paddu,C-Nero,2,Servalman,C-Ciel,0,1622056178
paddu,C-Nero,2,Servalman,C-Ciel,0,1622056311
paddu,C-Nero,2,Servalman,C-Ciel,0,1622056395
paddu,C-Arc,2,Metahodos,F-M.Hisui,0,1622138774
paddu,C-Arc,2,Metahodos,F-M.Hisui,0,1622138882
paddu,C-Arc,2,Metahodos,F-M.Hisui,0,1622138978
paddu,C-Arc,2,Metahodos,F-M.Hisui,1,1622139097
paddu,C-Arc,2,Metahodos,F-M.Hisui,0,1622139200
paddu,C-Arc,2,Metahodos,F-M.Hisui,0,1622139292
paddu,C-Arc,2,Metahodos,F-M.Hisui,0,1622139412
paddu,C-Arc,2,Metahodos,F-M.Hisui,0,1622139545
paddu,C-Arc,2,Metahodos,F-M.Hisui,0,1622139674
paddu,C-Arc,2,Metahodos,F-M.Hisui,0,1622139748
paddu,C-Arc,2,Metahodos,F-M.Hisui,0,1622139830
paddu,C-Arc,2,Metahodos,F-M.Hisui,1,1622139990
paddu,C-Arc,2,Metahodos,F-M.Hisui,0,1622140092
paddu,C-Arc,2,Metahodos,F-M.Hisui,1,1622140231
paddu,C-Arc,2,Metahodos,F-M.Hisui,0,1622140341
paddu,C-Arc,2,Metahodos,F-M.Hisui,0,1622140462
paddu,C-Arc,2,Metahodos,F-M.Hisui,0,1622140589
paddu,C-Arc,2,Metahodos,F-M.Hisui,1,1622140743
paddu,C-Arc,2,Metahodos,F-M.Hisui,0,1622140875
paddu,C-Arc,2,Metahodos,F-M.Hisui,0,1622140999
paddu,H-Len,0,Milord's Servant,F-Ryougi,2,1622216076
paddu,H-Len,2,Milord's Servant,F-Ryougi,1,1622216250
paddu,H-Len,2,Milord's Servant,F-Ryougi,1,1622216406
paddu,H-Len,2,Milord's Servant,F-Ryougi,0,1622216513
paddu,H-Len,2,Milord's Servant,F-Ryougi,0,1622216628
paddu,H-Len,2,Milord's Servant,F-Ryougi,0,1622216723
paddu,H-Len,2,Milord's Servant,F-Ryougi,1,1622216924
paddu,H-Len,2,Milord's Servant,F-Ryougi,1,1622217060
paddu,H-Len,2,Milord's Servant,F-Ryougi,0,1622217201
paddu,H-Len,2,Milord's Servant,F-Ryougi,1,1622217331
paddu,H-Len,2,Milord's Servant,F-Ryougi,0,1622217415
paddu,H-Len,2,Hatsune Miku fan,C-Akiha,1,1622218274
paddu,H-Len,2,Hatsune Miku fan,C-Akiha,1,1622218541
paddu,H-Len,2,Hatsune Miku fan,C-Akiha,0,1622218674
paddu,H-Len,2,Hatsune Miku fan,C-Akiha,0,1622218804
paddu,H-Len,2,Hatsune Miku fan,C-Akiha,1,1622219044
paddu,H-Len,2,Hatsune Miku fan,C-Akiha,0,1622219187
paddu,H-Len,1,Hatsune Miku fan,C-Akiha,2,1622219368
paddu,H-Len,2,Hatsune Miku fan,C-Akiha,0,1622219556
paddu,H-Len,2,Hatsune Miku fan,C-Akiha,0,1622219714
paddu,H-Len,2,Hatsune Miku fan,C-Akiha,0,1622219820
paddu,H-Len,2,Hatsune Miku fan,C-Akiha,0,1622219922
paddu,H-Len,2,Hatsune Miku fan,C-Akiha,0,1622220080
paddu,H-Len,2,Draig,H-S.Akiha,0,1622225861
paddu,H-Len,2,Draig,H-S.Akiha,1,1622226066
paddu,H-Len,2,Draig,H-S.Akiha,0,1622226161
paddu,H-Len,2,Draig,H-S.Akiha,0,1622226275
paddu,H-Len,0,Draig,H-S.Akiha,2,1622226438
paddu,H-Len,2,Draig,H-S.Akiha,0,1622226554
paddu,H-Len,1,Draig,H-S.Akiha,2,1622226705
paddu,H-Len,2,Draig,H-S.Akiha,0,1622226786
paddu,H-Len,0,Draig,H-S.Akiha,2,1622226939
paddu,H-Len,1,Draig,H-S.Akiha,2,1622227103
paddu,H-Len,2,Draig,H-S.Akiha,1,1622227322
paddu,H-Len,0,Draig,H-S.Akiha,2,1622227476
paddu,F-Arc,2,Draig,H-S.Akiha,1,1622227675
paddu,F-Arc,2,Draig,H-S.Akiha,0,1622227815
paddu,F-Arc,2,Draig,H-S.Akiha,0,1622227967
paddu,F-Arc,2,Draig,H-S.Akiha,1,1622228147
paddu,F-Arc,2,Draig,H-S.Akiha,0,1622228299
paddu,F-Arc,1,Draig,H-S.Akiha,2,1622228478
paddu,F-Arc,2,Draig,H-S.Akiha,1,1622228653
paddu,C-Arc,2,Draig,H-V.Sion,1,1622228871
paddu,C-Arc,2,Draig,H-V.Sion,0,1622228957
paddu,H-Len,2,Draig,H-V.Sion,0,1622229093
paddu,H-Len,0,Draig,H-V.Sion,2,1622229189
paddu,H-Len,0,Draig,H-V.Sion,2,1622229284
paddu,H-Len,2,Draig,H-V.Sion,0,1622229419
paddu,H-Len,1,Draig,H-V.Sion,2,1622229625
paddu,H-Len,2,Draig,H-V.Sion,1,1622229788
paddu,H-Len,2,Draig,H-V.Sion,0,1622229900
paddu,H-Len,2,Draig,H-V.Sion,0,1622230037
paddu,H-Len,1,Draig,H-V.Sion,2,1622230174
paddu,H-Len,0,Draig,H-V.Sion,2,1622230319
paddu,H-Len,2,Draig,H-V.Sion,0,1622230440
paddu,H-Len,2,Draig,H-V.Sion,0,1622230531
paddu,H-Len,0,Draig,H-V.Sion,2,1622230621
paddu,H-Len,2,Draig,H-V.Sion,1,1622230773
paddu,H-Len,0,Draig,H-V.Sion,2,1622230894
paddu,H-Len,1,Draig,H-V.Sion,2,1622231072
paddu,H-Len,2,Draig,H-V.Sion,0,1622231171
paddu,H-Len,1,Draig,H-V.Sion,2,1622231297
paddu,C-Nero,2,Eleos,C-Kohaku,0,1622232571
paddu,C-Nero,2,Eleos,C-Kohaku,1,1622232807
paddu,C-Nero,2,Eleos,C-Kohaku,0,1622232937
paddu,C-Nero,1,Eleos,C-Kohaku,2,1622233095
paddu,C-Nero,0,Eleos,C-Kohaku,2,1622233204
paddu,C-Nero,2,Eleos,C-Kohaku,1,1622233377
paddu,C-Nero,2,Eleos,C-Kohaku,0,1622233457
paddu,C-Nero,2,Eleos,C-Kohaku,0,1622233557
paddu,C-Nero,2,Eleos,C-Kohaku,0,1622233694
paddu,C-Nero,2,Eleos,C-Kohaku,0,1622233772
paddu,C-Nero,2,Eleos,C-Kohaku,0,1622233929
paddu,C-Nero,2,Eleos,C-Kohaku,0,1622234060
paddu,C-Nero,2,Eleos,C-Kohaku,0,1622234166
paddu,C-Nero,2,Eleos,C-Kohaku,1,1622234329
paddu,C-Nero,2,Eleos,C-Kohaku,0,1622234477
paddu,C-Nero,2,Eleos,C-Kohaku,0,1622234581
paddu,C-Nero,2,Eleos,C-Kohaku,0,1622234683
paddu,C-Nero,2,Eleos,C-Kohaku,0,1622234824
paddu,C-Nero,2,Eleos,C-Kohaku,0,1622234915
paddu,C-Nero,2,Eleos,C-Kohaku,1,1622235095
paddu,C-Nero,2,Eleos,C-Kohaku,0,1622235241
paddu,C-Nero,2,Eleos,C-Kohaku,1,1622235413
paddu,C-Nero,2,Eleos,C-Kohaku,1,1622235622
paddu,C-Nero,2,Eleos,C-Kohaku,0,1622235731
paddu,C-Nero,2,Eleos,C-Kohaku,0,1622235834
paddu,F-Nero,2,Eleos,C-Kohaku,0,1622235936
paddu,F-Nero,2,Eleos,C-Kohaku,0,1622236079
paddu,F-Nero,1,Eleos,C-Kohaku,2,1622236307
paddu,F-Nero,1,Eleos,C-Kohaku,2,1622236509
paddu,F-Nero,2,Eleos,C-Kohaku,0,1622236629
paddu,F-Nero,2,Eleos,C-Kohaku,0,1622236758
paddu,F-Nero,0,Eleos,C-Kohaku,2,1622236902
paddu,F-Nero,0,Eleos,C-Kohaku,2,1622237071
paddu,F-Nero,1,Eleos,C-Kohaku,2,1622237261
paddu,H-Len,2,lemone,C-Aoko,0,1622241332
paddu,H-Len,2,lemone,C-Aoko,0,1622241448
paddu,H-Len,2,lemone,C-Aoko,0,1622241582
paddu,H-Len,0,lemone,C-Aoko,2,1622241715
paddu,H-Len,2,lemone,C-Aoko,0,1622241813
paddu,H-Len,2,lemone,C-Aoko,0,1622241917
paddu,H-Len,2,lemone,C-Aoko,0,1622242024
paddu,H-Len,2,lemone,C-Aoko,0,1622242129
paddu,H-Len,2,lemone,C-Aoko,0,1622242253
paddu,H-Len,2,lemone,C-Aoko,1,1622242426
paddu,H-Len,2,lemone,C-Aoko,0,1622242574
paddu,H-Len,1,lemone,C-Aoko,2,1622242792
paddu,H-Len,2,lemone,C-Aoko,1,1622242980
paddu,H-Len,2,lemone,C-Aoko,1,1622243132
paddu,H-Len,2,lemone,C-Aoko,1,1622243279
paddu,H-Len,2,lemone,C-Aoko,1,1622243408
paddu,H-Len,2,lemone,C-Aoko,0,1622243524
paddu,H-Len,0,lemone,C-Aoko,2,1622243641
paddu,H-Len,2,lemone,C-Aoko,0,1622243749
paddu,H-Len,2,lemone,C-Aoko,0,1622243859
paddu,H-Len,2,lemone,C-Aoko,0,1622243960
paddu,H-Len,2,lemone,C-Aoko,1,1622244120
paddu,H-Len,2,lemone,C-Aoko,0,1622244245
paddu,H-Len,2,lemone,C-Aoko,1,1622244424
paddu,H-Len,2,lemone,C-Aoko,1,1622244607
paddu,H-Len,2,lemone,C-Aoko,0,1622244711
paddu,H-Len,2,lemone,C-Aoko,0,1622244797
paddu,H-Len,2,lemone,C-Aoko,0,1622244926
paddu,H-Len,2,lemone,C-Aoko,0,1622245023
paddu,H-Len,2,lemone,C-Aoko,0,1622245132
paddu,H-Len,2,lemone,C-Aoko,1,1622245320
paddu,H-Len,2,lemone,C-Aoko,1,1622245528
paddu,H-Len,2,lemone,C-Aoko,0,1622245628
paddu,C-Nero,1,Draig,F-Ryougi,2,1622245885
paddu,C-Nero,0,Draig,F-Ryougi,2,1622246004
paddu,C-Nero,1,Draig,F-Ryougi,2,1622246142
paddu,C-Nero,2,Draig,F-Ryougi,0,1622246307
paddu,C-Nero,0,Draig,F-Ryougi,2,1622246462
paddu,C-Nero,1,Draig,F-Ryougi,2,1622246632
paddu,C-Nero,2,Draig,F-Ryougi,0,1622246746
paddu,C-Nero,0,Draig,F-Ryougi,2,1622246836
paddu,C-Nero,2,Draig,F-Ryougi,1,1622247024
paddu,C-Nero,2,Draig,F-Ryougi,0,1622247162
paddu,C-Nero,1,Draig,F-Ryougi,2,1622247314
paddu,H-Len,2,Caj,F-V.Akiha,0,1622248321
paddu,H-Len,2,Caj,F-V.Akiha,0,1622248424
paddu,H-Len,1,Caj,F-V.Akiha,2,1622248568
paddu,H-Len,2,Caj,F-V.Akiha,0,1622248655
paddu,H-Len,2,Caj,F-V.Akiha,0,1622248783
paddu,H-Len,2,Caj,F-V.Akiha,0,1622248900
paddu,H-Len,2,Caj,F-V.Akiha,0,1622249031
paddu,H-Len,0,Caj,F-V.Akiha,2,1622249146
paddu,H-Len,2,Caj,F-V.Akiha,0,1622249279
paddu,H-Len,2,Caj,F-V.Akiha,0,1622249449
paddu,H-Len,2,Caj,F-V.Akiha,0,1622249558
paddu,H-Len,1,Caj,F-V.Akiha,2,1622249694
paddu,H-Len,1,Caj,F-V.Akiha,2,1622249872
paddu,H-Len,2,Caj,F-V.Akiha,1,1622250044
paddu,H-Len,2,Caj,F-V.Akiha,0,1622250173
paddu,H-Len,2,Caj,F-V.Akiha,0,1622250291
paddu,H-Len,2,Caj,F-V.Akiha,0,1622250420
paddu,H-Len,2,Caj,F-V.Akiha,1,1622250579
paddu,H-Len,2,Caj,F-V.Akiha,0,1622250737
paddu,H-Len,2,Caj,F-V.Akiha,0,1622250844
paddu,H-Len,2,Caj,F-V.Akiha,1,1622251019
paddu,H-Len,2,Caj,F-V.Akiha,1,1622251244
paddu,H-Len,2,Caj,F-V.Akiha,0,1622251341
paddu,H-Len,2,Caj,F-V.Akiha,0,1622251460
paddu,C-Nero,1,insignis,F-Arc,2,1622289768
paddu,C-Nero,2,insignis,F-Arc,0,1622289919
paddu,C-Nero,0,insignis,F-Arc,2,1622290059
paddu,C-Nero,2,insignis,F-Arc,0,1622290192
paddu,C-Nero,0,insignis,F-Arc,2,1622290310
paddu,C-Nero,0,insignis,F-Arc,2,1622290381
paddu,C-Nero,2,insignis,F-Arc,0,1622290556
paddu,C-Nero,2,insignis,F-Arc,1,1622290777
paddu,C-Nero,2,insignis,F-Arc,1,1622290958
paddu,C-Nero,2,insignis,F-Arc,1,1622291175
paddu,C-Nero,2,insignis,F-Arc,1,1622291431
paddu,C-Nero,2,insignis,F-Arc,1,1622291597
paddu,C-Nero,0,insignis,F-Arc,2,1622291743
paddu,C-Nero,2,insignis,F-Arc,0,1622291846
paddu,C-Nero,1,insignis,F-Arc,2,1622292024
paddu,C-Nero,1,insignis,F-Arc,2,1622292207
paddu,C-Nero,0,insignis,F-Arc,2,1622292367
paddu,C-Nero,2,insignis,F-Arc,0,1622292478
paddu,C-Nero,2,oufan,F-Kouma,1,1622296132
paddu,C-Nero,1,oufan,F-Kouma,2,1622296295
paddu,C-Nero,1,oufan,F-Kouma,2,1622296503
paddu,C-Nero,2,oufan,F-Kouma,1,1622296656
paddu,C-Nero,0,oufan,F-Kouma,2,1622296763
paddu,C-Nero,1,oufan,F-Kouma,2,1622296929
paddu,C-Nero,1,oufan,F-Kouma,2,1622297086
paddu,C-Nero,0,oufan,F-Kouma,2,1622297215
paddu,C-Nero,1,oufan,F-Kouma,2,1622297392
paddu,C-Nero,1,oufan,F-Kouma,2,1622297525
paddu,C-Nero,2,oufan,F-Kouma,0,1622297644
paddu,C-Nero,2,oufan,F-Kouma,0,1622297748
paddu,C-Nero,1,oufan,F-Kouma,2,1622297893
paddu,C-Nero,2,oufan,F-Kouma,1,1622297995
paddu,C-Nero,0,oufan,F-Kouma,2,1622298084
paddu,C-Nero,0,oufan,F-Kouma,2,1622298144
paddu,C-Nero,0,oufan,F-Kouma,2,1622298236
paddu,C-Nero,1,oufan,F-Kouma,2,1622298392
paddu,C-Nero,0,oufan,F-Kouma,2,1622298497
paddu,C-Nero,0,oufan,F-Kouma,2,1622298647
paddu,C-Nero,0,oufan,F-Kouma,2,1622298746
paddu,C-Nero,0,oufan,F-Kouma,2,1622298854
paddu,C-Nero,0,oufan,F-Kouma,2,1622298951
paddu,C-Nero,0,oufan,F-Kouma,2,1622299044
paddu,C-Nero,0,oufan,F-Kouma,2,1622299184
paddu,H-Len,2,Hatsune Miku fan,C-Akiha,1,1622307379
paddu,H-Len,2,Hatsune Miku fan,C-Akiha,1,1622307601
paddu,H-Len,2,Hatsune Miku fan,C-Akiha,0,1622307759
paddu,H-Len,2,Hatsune Miku fan,C-Akiha,0,1622307901
paddu,H-Len,2,Hatsune Miku fan,C-Akiha,0,1622308088
paddu,H-Len,2,Hatsune Miku fan,C-Akiha,1,1622308387
paddu,H-Len,2,Hatsune Miku fan,C-Akiha,1,1622308609
paddu,H-Len,2,Hatsune Miku fan,C-Akiha,0,1622308752
paddu,H-Len,2,Hatsune Miku fan,C-Akiha,0,1622308873
paddu,H-Len,2,Hatsune Miku fan,C-Akiha,0,1622309009
paddu,H-Len,2,Hatsune Miku fan,C-Akiha,0,1622309178
paddu,H-Len,2,Hatsune Miku fan,H-Akiha,0,1622309327
paddu,H-Len,2,Hatsune Miku fan,H-Akiha,0,1622309444
paddu,H-Len,2,Hatsune Miku fan,H-Akiha,0,1622309601
paddu,H-Len,2,Hatsune Miku fan,H-Akiha,0,1622309737
paddu,H-Len,2,Hatsune Miku fan,H-Akiha,0,1622309928
paddu,H-Len,2,Hatsune Miku fan,H-Akiha,0,1622310090
paddu,H-Len,2,Hatsune Miku fan,H-Akiha,0,1622310205
paddu,H-Len,2,Hatsune Miku fan,H-Akiha,0,1622310336
paddu,H-Len,2,Hatsune Miku fan,C-Akiha,0,1622310552
paddu,H-Len,2,Hatsune Miku fan,C-Akiha,0,1622310673
paddu,C-Nero,2,THE FORBIDDEN ONE,F-V.Akiha,0,1622312853
paddu,C-Nero,2,THE FORBIDDEN ONE,F-V.Akiha,0,1622312941
paddu,C-Nero,2,THE FORBIDDEN ONE,F-V.Akiha,1,1622313104
paddu,C-Nero,2,THE FORBIDDEN ONE,F-V.Akiha,0,1622313188
paddu,C-Nero,2,THE FORBIDDEN ONE,F-V.Akiha,1,1622313350
paddu,C-Nero,2,THE FORBIDDEN ONE,F-V.Akiha,1,1622313507
paddu,C-Nero,2,THE FORBIDDEN ONE,F-V.Akiha,0,1622313600
paddu,C-Nero,2,THE FORBIDDEN ONE,F-V.Akiha,1,1622313720
paddu,C-Nero,2,THE FORBIDDEN ONE,F-V.Akiha,1,1622313887
paddu,C-Nero,2,THE FORBIDDEN ONE,F-V.Akiha,0,1622314000
paddu,C-Nero,0,Eika,F-S.Akiha,2,1622319004
paddu,C-Nero,2,Eika,F-S.Akiha,0,1622319147
paddu,C-Nero,0,Eika,F-S.Akiha,2,1622319275
paddu,C-Nero,2,Eika,F-S.Akiha,1,1622319442
paddu,C-Nero,0,Eika,F-S.Akiha,2,1622319552
paddu,C-Nero,2,Eika,F-S.Akiha,0,1622319658
paddu,C-Nero,1,Eika,F-S.Akiha,2,1622319793
paddu,C-Nero,0,Eika,F-S.Akiha,2,1622319879
paddu,C-Nero,0,Eika,F-S.Akiha,2,1622319987
paddu,C-Nero,0,Eika,F-S.Akiha,2,1622320102
paddu,C-Nero,1,Eika,F-S.Akiha,2,1622320279
paddu,C-Nero,2,Eika,F-S.Akiha,0,1622320401
paddu,C-Nero,1,Eika,F-S.Akiha,2,1622320578
paddu,C-Nero,2,Eika,F-S.Akiha,1,1622320783
paddu,C-Nero,1,Eika,F-S.Akiha,2,1622320955
paddu,C-Nero,1,Eika,F-S.Akiha,2,1622321131
paddu,H-Len,1,Magemo,H-Arc,2,1622323048
paddu,H-Len,2,Magemo,H-Arc,1,1622323275
paddu,H-Len,2,Magemo,H-Arc,0,1622323385
paddu,H-Len,2,Magemo,H-Arc,0,1622323503
paddu,H-Len,2,Golden Fang of the Jade Tiger,F-Wara,0,1622324339
paddu,H-Len,0,Golden Fang of the Jade Tiger,F-Wara,2,1622324465
paddu,H-Len,2,Golden Fang of the Jade Tiger,F-Wara,0,1622324591
paddu,H-Len,2,Golden Fang of the Jade Tiger,F-Wara,1,1622324793
paddu,H-Len,2,Golden Fang of the Jade Tiger,F-Wara,0,1622324936
paddu,H-Len,1,Golden Fang of the Jade Tiger,F-Wara,2,1622325147
paddu,H-Len,2,Golden Fang of the Jade Tiger,F-Wara,0,1622325234
paddu,H-Len,2,Golden Fang of the Jade Tiger,F-Wara,0,1622325367
paddu,H-Len,2,Golden Fang of the Jade Tiger,F-Wara,0,1622325521
paddu,H-Len,2,Golden Fang of the Jade Tiger,F-Wara,1,1622325699
paddu,H-Len,2,Golden Fang of the Jade Tiger,F-Wara,1,1622325926
paddu,H-Len,2,Golden Fang of the Jade Tiger,F-Wara,1,1622326172
paddu,H-Len,2,Golden Fang of the Jade Tiger,F-Wara,1,1622326377
paddu,H-Len,0,Golden Fang of the Jade Tiger,F-Wara,2,1622326495
paddu,H-Len,2,Golden Fang of the Jade Tiger,F-Wara,1,1622326710
paddu,H-Len,1,Golden Fang of the Jade Tiger,F-Wara,2,1622326859
paddu,H-Len,2,Golden Fang of the Jade Tiger,F-Wara,0,1622326992
paddu,H-Len,2,Golden Fang of the Jade Tiger,F-Wara,0,1622327113
paddu,H-Len,2,Golden Fang of the Jade Tiger,F-Wara,0,1622327203
paddu,H-Len,0,Golden Fang of the Jade Tiger,F-Wara,2,1622327349
paddu,H-Len,2,Golden Fang of the Jade Tiger,F-Wara,0,1622327472
paddu,H-Len,2,Golden Fang of the Jade Tiger,F-Wara,0,1622327634
paddu,H-Len,2,Golden Fang of the Jade Tiger,F-Wara,0,1622327714
paddu,H-Len,0,Golden Fang of the Jade Tiger,F-Wara,2,1622327845
paddu,H-Len,2,Golden Fang of the Jade Tiger,F-Wara,1,1622327994
paddu,H-Len,2,Golden Fang of the Jade Tiger,F-Wara,0,1622328110
,H-Len,2,Hatsune Miku fan,C-Akiha,1,1622341710
,H-Len,2,Hatsune Miku fan,C-Akiha,0,1622341840
,H-Len,2,Hatsune Miku fan,C-Akiha,0,1622342030
,H-Len,2,Hatsune Miku fan,C-Akiha,0,1622342142
,H-Len,1,Hatsune Miku fan,C-Akiha,2,1622342388
,H-Len,2,Hatsune Miku fan,C-Akiha,0,1622342519
paddu,H-Len,2,YuYu,C-Aoko,0,1622379612
paddu,H-Len,2,YuYu,C-Aoko,0,1622379700
paddu,H-Len,2,YuYu,C-Aoko,1,1622379866
paddu,H-Len,2,YuYu,C-Aoko,0,1622379969
paddu,H-Len,2,YuYu,C-Aoko,0,1622380088
paddu,H-Len,2,YuYu,C-Aoko,0,1622380220
paddu,H-Len,2,YuYu,C-Aoko,0,1622380314
paddu,H-Len,1,YuYu,C-Aoko,2,1622380497
paddu,H-Len,2,YuYu,C-Aoko,1,1622380647
paddu,H-Len,2,YuYu,C-Aoko,1,1622380776
paddu,H-Len,2,YuYu,C-Aoko,0,1622380885
paddu,H-Len,2,YuYu,C-Aoko,0,1622380983
paddu,H-Len,2,YuYu,C-Aoko,1,1622381148
paddu,H-Len,2,YuYu,C-Aoko,0,1622381270
paddu,H-Len,2,YuYu,C-Aoko,1,1622381440
paddu,H-Len,2,YuYu,C-Aoko,0,1622381581
paddu,H-Len,2,YuYu,C-Aoko,0,1622381705
paddu,H-Len,2,YuYu,C-Aoko,1,1622381884
paddu,H-Len,2,YuYu,C-Aoko,0,1622381970
paddu,H-Len,2,YuYu,C-Aoko,0,1622382127
paddu,H-Len,2,YuYu,C-Aoko,1,1622382257
paddu,C-Nero,0,bargain bin luckystar,C-Nero,2,1622386813
paddu,C-Nero,2,bargain bin luckystar,C-Nero,1,1622387029
paddu,C-Nero,2,bargain bin luckystar,C-Nero,0,1622387185
paddu,C-Nero,0,bargain bin luckystar,C-Nero,2,1622387323
paddu,C-Nero,0,bargain bin luckystar,C-Nero,2,1622387417
paddu,C-Nero,1,bargain bin luckystar,C-Nero,2,1622387620
paddu,C-Nero,0,bargain bin luckystar,C-Nero,2,1622387774
paddu,C-Nero,2,bargain bin luckystar,C-Nero,1,1622387972
paddu,C-Nero,2,bargain bin luckystar,C-Nero,0,1622388129
paddu,C-Nero,1,bargain bin luckystar,C-Nero,2,1622388334
paddu,C-Nero,1,bargain bin luckystar,C-Nero,2,1622388606
paddu,C-Nero,2,bargain bin luckystar,C-Nero,1,1622388832
paddu,C-Nero,1,bargain bin luckystar,C-Nero,2,1622389085
paddu,C-Nero,2,bargain bin luckystar,C-Nero,1,1622389323
paddu,C-Nero,0,bargain bin luckystar,C-Nero,2,1622389469
paddu,C-Nero,2,bargain bin luckystar,C-Nero,1,1622389726
paddu,C-Nero,2,bargain bin luckystar,C-Nero,0,1622389919
paddu,C-Nero,1,bargain bin luckystar,C-Nero,2,1622390127
paddu,C-Nero,2,insignis,C-Tohno,0,1622393982
paddu,C-Nero,0,insignis,C-Tohno,2,1622394115
paddu,C-Nero,1,insignis,C-Tohno,2,1622394326
paddu,C-Nero,0,insignis,C-Tohno,2,1622394484
paddu,C-Nero,0,insignis,C-Tohno,2,1622394594
paddu,C-Nero,0,insignis,C-Tohno,2,1622394731
paddu,C-Nero,1,insignis,C-Tohno,2,1622394917
paddu,C-Nero,1,insignis,C-Tohno,2,1622395127
paddu,C-Nero,1,insignis,C-Tohno,2,1622395296
paddu,C-Nero,0,insignis,C-Tohno,2,1622395421
paddu,C-Nero,0,insignis,C-Tohno,2,1622395573
paddu,C-Nero,2,po6epto(Frederica Bern),F-Tohno,0,1622398050
paddu,C-Nero,2,po6epto(Frederica Bern),C-Nanaya,0,1622398141
paddu,H-Nero,2,Eskagasse,F-Satsuki,0,1622398720
paddu,H-Nero,2,Eskagasse,F-Satsuki,0,1622398832
paddu,C-Nero,2,Eika,F-S.Akiha,1,1622399994
paddu,C-Nero,2,Eika,F-S.Akiha,1,1622400124
paddu,C-Nero,1,cc.,H-Akiha,2,1622403313
paddu,C-Nero,0,cc.,H-Akiha,2,1622403443
paddu,C-Nero,0,cc.,H-Akiha,2,1622403568
paddu,C-Nero,2,Ikanistea,C-Hisui,0,1622404505
paddu,C-Nero,2,Ikanistea,C-Hisui,0,1622404655
paddu,C-Nero,1,cc.,H-Akiha,2,1622405251
paddu,C-Nero,2,cc.,H-Akiha,0,1622405369
paddu,C-Nero,0,cc.,H-Akiha,2,1622405495
paddu,C-Nero,1,cc.,H-Akiha,2,1622405716
paddu,C-Hisui,2,Magemo,C-Maids,1,1622481524
paddu,C-Hisui,2,Magemo,C-Maids,1,1622481724
paddu,C-Hisui,2,Magemo,C-Maids,0,1622481860
paddu,C-Hisui,2,Magemo,C-Maids,0,1622481997
paddu,C-Hisui,2,Magemo,C-Maids,0,1622482104
paddu,C-Hisui,1,Magemo,C-Maids,2,1622482268
paddu,C-Hisui,2,Magemo,C-Maids,0,1622482374
paddu,C-Hisui,2,Magemo,C-Maids,0,1622482453
paddu,C-Hisui,2,Magemo,C-Maids,0,1622482591
paddu,C-Hisui,2,Magemo,C-Maids,0,1622482699
paddu,C-Hisui,2,Magemo,C-Maids,0,1622482806
paddu,C-Nero,1,cc.,C-Ries,2,1622484180
paddu,C-Nero,0,cc.,C-Ries,2,1622484295
paddu,C-Nero,0,cc.,C-Ries,2,1622484405
paddu,C-Nero,0,cc.,C-Ries,2,1622484538
paddu,C-Nero,1,cc.,C-Ries,2,1622484705
paddu,C-Nero,1,cc.,C-Ries,2,1622484904
paddu,C-Nero,0,cc.,C-Ries,2,1622485016
paddu,C-Nero,1,cc.,C-Ries,2,1622485164
paddu,C-Nero,2,cc.,C-Ries,1,1622485339
paddu,C-Nero,2,cc.,C-Ries,1,1622485494
paddu,C-Nero,2,cc.,C-Ries,1,1622485670
paddu,C-Nero,2,cc.,C-Ries,1,1622485880
paddu,C-Nero,0,cc.,C-Ries,2,1622486007
paddu,C-Nero,2,cc.,C-Ries,0,1622486130
paddu,C-Nero,2,cc.,C-Ries,0,1622486257
paddu,C-Nero,0,cc.,C-Ries,2,1622486431
paddu,C-Nero,2,cc.,C-Ries,0,1622486538
paddu,C-Nero,2,cc.,C-Ries,1,1622486722
paddu,C-Nero,0,cc.,C-Ries,2,1622486846
paddu,C-Nero,0,cc.,C-Ries,2,1622486949
paddu,C-Nero,2,cc.,C-Ries,1,1622487135
paddu,C-Nero,1,cc.,C-Ries,2,1622487326
paddu,C-Nero,1,cc.,C-Ries,2,1622487498
paddu,C-Nero,1,cc.,C-Ries,2,1622487650
paddu,C-Nero,1,cc.,C-Ries,2,1622487873
paddu,C-Nero,2,cc.,C-Ries,1,1622488061
paddu,C-Nero,2,cc.,C-Ries,1,1622488252
paddu,C-Nero,2,cc.,C-Ries,0,1622488393
paddu,C-Nero,2,cc.,C-Ries,1,1622488591
paddu,C-Nero,2,cc.,C-Ries,1,1622488707
paddu,C-Nero,2,cc.,C-Ries,0,1622488833
paddu,C-Nero,2,cc.,C-Ries,1,1622489033
paddu,C-Nero,0,cc.,C-Ries,2,1622489144
paddu,C-Nero,2,cc.,C-Ries,0,1622489293
paddu,C-Nero,2,cc.,C-Ries,1,1622489467
paddu,C-Nero,0,cc.,C-Ries,2,1622489576
paddu,C-Nero,2,cc.,C-Ries,1,1622489782
paddu,C-Nero,2,cc.,C-Ries,1,1622489917
paddu,C-Nero,2,Change your name,C-Satsuki,1,1622579395
paddu,C-Nero,2,Change your name,C-Satsuki,1,1622579582
paddu,C-Nero,2,Change your name,C-Satsuki,1,1622579741
paddu,C-Nero,1,Change your name,C-Satsuki,2,1622579962
paddu,C-Nero,2,Change your name,C-Satsuki,1,1622580131
paddu,C-Nero,2,Change your name,C-Satsuki,0,1622580237
paddu,C-Nero,1,Change your name,C-Satsuki,2,1622580403
paddu,C-Nero,0,Change your name,C-Satsuki,2,1622580525
paddu,C-Nero,2,Change your name,C-Satsuki,0,1622580661
paddu,C-Nero,2,Change your name,C-Satsuki,0,1622580789
paddu,F-Nero,2,Hatsune Miku fan,C-Akiha,0,1622581820
paddu,F-Nero,2,Hatsune Miku fan,C-Akiha,0,1622581965
paddu,F-Nero,2,Hatsune Miku fan,C-Akiha,0,1622582104
paddu,F-Nero,2,Hatsune Miku fan,C-Akiha,1,1622582284
paddu,F-Nero,2,Hatsune Miku fan,C-Akiha,0,1622582422
paddu,F-Nero,2,Hatsune Miku fan,C-Akiha,0,1622582580
paddu,F-Nero,2,Hatsune Miku fan,C-Akiha,0,1622582693
paddu,F-Nero,2,Hatsune Miku fan,C-Akiha,0,1622582825
paddu,F-Nero,2,Hatsune Miku fan,C-Akiha,0,1622582977
paddu,F-Nero,2,Hatsune Miku fan,C-Akiha,0,1622583096
paddu,F-Nero,2,Magemo,H-Hime,0,1622583939
paddu,F-Nero,2,Magemo,H-Hime,0,1622584044
paddu,F-Nero,2,Magemo,H-Hime,0,1622584134
paddu,F-Nero,2,Magemo,H-Hime,1,1622584280
paddu,F-Nero,2,Magemo,H-Hime,1,1622584472
paddu,F-Nero,2,Magemo,H-Hime,1,1622584672
paddu,F-Nero,2,Magemo,H-Hime,0,1622584767
paddu,F-Nero,2,Hatsune Miku fan,H-Akiha,0,1622662841
paddu,F-Nero,2,Hatsune Miku fan,H-Akiha,0,1622662951
paddu,F-Nero,2,Hatsune Miku fan,H-Akiha,0,1622663119
paddu,F-Nero,2,Hatsune Miku fan,H-Akiha,0,1622663234
paddu,F-Nero,2,Hatsune Miku fan,H-Akiha,0,1622663350
paddu,F-Nero,2,Hatsune Miku fan,H-Akiha,0,1622663453
paddu,F-Nero,2,Hatsune Miku fan,H-Akiha,0,1622663620
paddu,F-Nero,2,Hatsune Miku fan,H-Akiha,0,1622663720
paddu,F-Nero,2,Hatsune Miku fan,H-Akiha,0,1622663825
paddu,F-Nero,2,Hatsune Miku fan,H-Akiha,0,1622663956
paddu,F-Nero,2,Hatsune Miku fan,H-Akiha,0,1622664066
paddu,F-Nero,2,Hatsune Miku fan,H-Akiha,0,1622664187
paddu,F-Nero,2,Hatsune Miku fan,H-Akiha,0,1622664317
paddu,F-Nero,2,Hatsune Miku fan,H-Akiha,0,1622664394
paddu,C-Satsuki,2,Hatsune Miku fan,C-Satsuki,0,1622664574
paddu,C-Satsuki,2,Hatsune Miku fan,C-Satsuki,0,1622664676
paddu,F-Nero,2,cherrymiku,H-Nanaya,0,1622733231
paddu,F-Nero,2,cherrymiku,H-Nanaya,0,1622733318
paddu,F-Nero,2,cherrymiku,H-Nanaya,0,1622733418
paddu,F-Nero,2,cherrymiku,H-Nanaya,0,1622733522
paddu,F-Nero,2,cherrymiku,H-Nanaya,0,1622733612
paddu,F-Nero,2,cherrymiku,H-Nanaya,0,1622733681
paddu,F-Nero,2,cherrymiku,H-Nanaya,0,1622733762
paddu,F-Nero,2,cherrymiku,H-Nanaya,0,1622733857
paddu,F-Nero,2,Golden Fang of the Jade Tiger,F-Wara,1,1622734436
paddu,F-Nero,2,Golden Fang of the Jade Tiger,F-Wara,0,1622734543
paddu,F-Nero,2,Golden Fang of the Jade Tiger,F-Wara,0,1622734649
paddu,F-Nero,2,Golden Fang of the Jade Tiger,F-Wara,0,1622734760
paddu,F-Nero,2,Golden Fang of the Jade Tiger,F-Wara,1,1622734900
paddu,F-Nero,2,Golden Fang of the Jade Tiger,F-Wara,1,1622735083
paddu,F-Nero,2,Golden Fang of the Jade Tiger,F-Wara,0,1622735199
paddu,F-Nero,2,Golden Fang of the Jade Tiger,F-Wara,0,1622735284
paddu,F-Nero,2,Golden Fang of the Jade Tiger,F-Wara,0,1622735379
paddu,F-Nero,2,Golden Fang of the Jade Tiger,F-Wara,0,1622735482
paddu,C-Ciel,0,Hatsune Miku fan,C-Akiha,2,1622747827
paddu,C-Ciel,2,Hatsune Miku fan,C-Akiha,1,1622748072
paddu,C-Ciel,2,Hatsune Miku fan,C-Akiha,0,1622748168
paddu,C-Ciel,2,Hatsune Miku fan,C-Akiha,1,1622748388
paddu,C-Ciel,2,Hatsune Miku fan,C-Akiha,1,1622748596
paddu,C-Ciel,2,Hatsune Miku fan,C-Akiha,0,1622748727
paddu,C-Ciel,2,Hatsune Miku fan,C-Akiha,0,1622748898
paddu,C-Ciel,2,Hatsune Miku fan,C-Akiha,1,1622749071
paddu,C-Ciel,2,Hatsune Miku fan,C-Akiha,0,1622749183
paddu,C-Ciel,2,Hatsune Miku fan,C-Akiha,1,1622749425
paddu,C-Ciel,1,Hatsune Miku fan,C-Akiha,2,1622749668
paddu,C-Ciel,2,Hatsune Miku fan,C-Akiha,1,1622749893
paddu,C-Wara,2,Hatsune Miku fan,H-Akiha,1,1622750125
paddu,C-Wara,2,Hatsune Miku fan,H-Akiha,0,1622750246
paddu,F-Roa,2,Hatsune Miku fan,C-Akiha,1,1622750444
paddu,F-Roa,2,Hatsune Miku fan,C-Akiha,0,1622750549
paddu,F-Roa,2,Hatsune Miku fan,C-Akiha,0,1622750718
paddu,F-Roa,2,Hatsune Miku fan,C-Akiha,0,1622750830
paddu,F-Roa,2,Hatsune Miku fan,C-Akiha,0,1622750947
paddu,F-Roa,2,Hatsune Miku fan,C-Akiha,0,1622751097
paddu,F-Roa,2,Hatsune Miku fan,C-Akiha,1,1622751290
paddu,C-V.Akiha,0,Milord's Servant,F-Ryougi,2,1622817150
paddu,C-V.Akiha,2,Milord's Servant,F-Ryougi,0,1622817269
paddu,C-V.Akiha,2,Milord's Servant,F-Ryougi,0,1622817376
paddu,C-V.Akiha,2,Milord's Servant,F-Ryougi,1,1622817541
paddu,C-V.Akiha,2,Milord's Servant,F-Ryougi,0,1622817658
paddu,C-V.Akiha,2,Milord's Servant,F-Ryougi,0,1622817762
paddu,C-V.Akiha,2,Milord's Servant,F-Ryougi,1,1622817959
paddu,C-V.Akiha,2,Milord's Servant,F-Ryougi,1,1622818119
paddu,C-V.Akiha,2,Milord's Servant,F-Ryougi,1,1622818267
paddu,C-V.Akiha,2,Milord's Servant,F-Ryougi,1,1622818477
paddu,C-V.Akiha,2,Milord's Servant,F-Ryougi,0,1622818595
paddu,C-Nero,2,Hatsune Miku fan,C-Akiha,0,1622819445
paddu,C-Nero,2,Hatsune Miku fan,C-Akiha,0,1622819559
paddu,C-Nero,2,Hatsune Miku fan,C-Akiha,0,1622819671
paddu,C-Nero,2,Hatsune Miku fan,C-Akiha,0,1622819768
paddu,C-Nero,2,Hatsune Miku fan,C-Akiha,0,1622819917
paddu,C-Nero,2,Hatsune Miku fan,C-Akiha,0,1622820028
paddu,C-Nero,2,Hatsune Miku fan,C-Akiha,0,1622820149
paddu,C-Nero,2,Hatsune Miku fan,C-Akiha,0,1622820254
paddu,C-Nero,2,Hatsune Miku fan,C-Akiha,0,1622820405
paddu,C-Nero,2,Hatsune Miku fan,C-Akiha,0,1622820658
paddu,C-V.Akiha,1,Hatsune Miku fan,C-Akiha,2,1622820900
paddu,C-V.Akiha,2,Hatsune Miku fan,C-Akiha,0,1622821078
paddu,C-V.Akiha,2,Hatsune Miku fan,C-Akiha,0,1622821242
paddu,C-V.Akiha,2,Hatsune Miku fan,C-Akiha,0,1622821351
paddu,C-V.Akiha,2,Hatsune Miku fan,C-Akiha,1,1622821575
paddu,C-V.Akiha,2,Hatsune Miku fan,C-Akiha,0,1622821702
paddu,C-Nero,2,Arto,H-Ciel,0,1622824455
paddu,C-Nero,2,Arto,H-Ciel,0,1622824599
paddu,C-Nero,2,Arto,H-Ciel,0,1622824720
paddu,C-Nero,1,Arto,H-Ciel,2,1622824893
paddu,C-Nero,2,Arto,H-Ciel,1,1622825083
paddu,C-Nero,2,Arto,H-Ciel,0,1622825162
paddu,C-Nero,2,Arto,H-Ciel,1,1622825342
paddu,C-Nero,2,Arto,H-Ciel,0,1622825448
paddu,C-Nero,2,Arto,H-Ciel,0,1622825551
paddu,C-Nero,2,Necovid19,C-Kouma,0,1622829448
paddu,C-Nero,2,Necovid19,C-Kouma,0,1622829539
paddu,C-Nero,2,joseph,C-Nero,0,1622830497
paddu,C-Nero,1,joseph,C-Nero,2,1622830762
paddu,C-Nero,2,joseph,C-Nero,0,1622830857
paddu,C-Nero,0,Eika,F-S.Akiha,2,1622833576
paddu,H-Nero,0,Eika,F-S.Akiha,2,1622833683
paddu,C-Nero,1,Eika,F-S.Akiha,2,1622833839
paddu,C-Nero,2,Eleos,C-Kohaku,0,1622834830
paddu,C-Nero,0,Eleos,C-Kohaku,2,1622834965
paddu,C-Nero,2,Eleos,C-Kohaku,1,1622835184
paddu,C-Nero,2,Eleos,C-Kohaku,1,1622835367
paddu,H-Nero,0,Eika,F-S.Akiha,2,1622835686
paddu,H-Nero,0,Eika,F-S.Akiha,2,1622835825
paddu,H-Nero,1,Eika,F-S.Akiha,2,1622835984
paddu,C-Warc,2,FrogOut,H-Aoko,1,1622840641
paddu,C-Warc,2,FrogOut,H-Aoko,0,1622840775
paddu,C-Warc,2,FrogOut,H-Aoko,0,1622840859
paddu,C-Warc,2,FrogOut,H-Aoko,0,1622840988
paddu,C-Warc,2,FrogOut,H-Aoko,0,1622841116
paddu,C-Warc,2,FrogOut,H-Aoko,0,1622841228
paddu,C-Warc,1,FrogOut,H-Aoko,2,1622841396
paddu,C-Warc,2,FrogOut,H-Aoko,1,1622841550
paddu,C-Warc,2,FrogOut,H-Aoko,0,1622841669
paddu,C-Warc,2,FrogOut,H-Aoko,0,1622841762
paddu,C-Warc,2,FrogOut,H-Aoko,0,1622841874
paddu,C-NekoMech,2,FrogOut,H-Aoko,0,1622841998
paddu,C-NekoMech,2,FrogOut,H-Aoko,0,1622842090
paddu,C-NekoMech,2,FrogOut,H-Aoko,0,1622842242
paddu,C-Roa,2,Fantomu,C-Roa,1,1622844813
paddu,C-Roa,2,Fantomu,C-Roa,1,1622844980
paddu,C-Roa,2,Fantomu,C-Roa,1,1622845147
paddu,C-Roa,2,Fantomu,C-Roa,1,1622845387
paddu,C-NekoMech,2,Fantomu,F-Miyako,1,1622845550
paddu,C-NekoMech,2,Fantomu,F-Miyako,0,1622845643
paddu,C-NekoMech,2,Fantomu,F-Miyako,0,1622845752
paddu,C-NekoMech,2,Fantomu,F-Miyako,0,1622845872
paddu,C-NekoMech,1,Fantomu,C-S.Akiha,2,1622846060
paddu,C-NekoMech,1,Fantomu,C-S.Akiha,2,1622846252
paddu,C-Aoko,2,Fantomu,C-Ciel,1,1622846486
paddu,C-Aoko,2,Fantomu,C-Ciel,1,1622846741
paddu,C-Aoko,2,Fantomu,C-Ciel,0,1622846835
paddu,C-NekoMech,2,Hatsune Miku fan,C-Akiha,0,1622857322
paddu,C-NekoMech,2,Hatsune Miku fan,C-Akiha,0,1622857424
paddu,C-NekoMech,2,Hatsune Miku fan,C-Akiha,0,1622857563
paddu,C-NekoMech,2,Hatsune Miku fan,C-Akiha,1,1622857713
paddu,C-NekoMech,2,Hatsune Miku fan,C-Akiha,1,1622857926
paddu,C-NekoMech,1,Hatsune Miku fan,C-Akiha,2,1622858084
paddu,C-NekoMech,2,Hatsune Miku fan,C-Akiha,0,1622858219
paddu,C-NekoMech,0,Hatsune Miku fan,C-Akiha,2,1622858365
paddu,C-NekoMech,2,Hatsune Miku fan,C-Akiha,1,1622858512
paddu,C-NekoMech,2,Hatsune Miku fan,C-Akiha,0,1622858640
paddu,C-NekoMech,2,Hatsune Miku fan,C-Akiha,0,1622858765
paddu,C-NekoMech,2,Hatsune Miku fan,C-Akiha,0,1622858886
paddu,C-W.Len,0,157022,C-W.Len,2,1622890079
paddu,C-W.Len,0,157022,C-W.Len,2,1622890227
paddu,C-W.Len,2,157022,C-W.Len,1,1622890446
paddu,C-W.Len,0,157022,C-W.Len,2,1622890570
paddu,C-W.Len,0,157022,C-W.Len,2,1622890733
paddu,C-W.Len,1,157022,C-W.Len,2,1622890998
paddu,C-W.Len,0,157022,C-W.Len,2,1622891143
paddu,C-W.Len,2,157022,C-W.Len,1,1622891372
paddu,C-W.Len,0,157022,C-W.Len,2,1622891469
paddu,C-W.Len,1,157022,C-W.Len,2,1622891650
paddu,C-W.Len,2,157022,C-W.Len,0,1622891784
paddu,C-W.Len,1,157022,C-W.Len,2,1622891990
paddu,C-W.Len,1,157022,C-W.Len,2,1622892176
paddu,C-Nero,2,Draig,F-Ryougi,1,1622910702
paddu,C-Nero,2,Draig,F-Ryougi,0,1622910783
paddu,C-Nero,2,Draig,F-Ryougi,0,1622910914
paddu,C-Nero,1,Draig,F-Ryougi,2,1622911078
paddu,C-Nero,1,Draig,F-Ryougi,2,1622911250
paddu,C-Nero,2,Draig,F-Ryougi,0,1622911372
paddu,C-Nero,2,Draig,F-Ryougi,1,1622911566
paddu,C-Nero,2,Draig,F-Ryougi,0,1622911700
paddu,C-Nero,2,Draig,F-Ryougi,1,1622911902
paddu,C-Nero,2,Draig,F-Ryougi,1,1622912132
paddu,C-Nero,2,Draig,F-Ryougi,0,1622912211
paddu,C-Nero,2,Draig,F-Ryougi,1,1622912352
paddu,C-Nero,1,Draig,F-Ryougi,2,1622912588
paddu,C-Nero,2,Draig,F-Ryougi,1,1622912716
paddu,C-Nero,0,Draig,F-Ryougi,2,1622912815
paddu,C-Nero,0,Draig,F-Ryougi,2,1622912956
paddu,C-Nero,0,Draig,F-Ryougi,2,1622913104
paddu,C-Nero,0,Draig,F-Ryougi,2,1622913237
paddu,C-Nero,2,Draig,F-Ryougi,0,1622913345
paddu,C-Nero,2,Draig,F-Ryougi,0,1622913425
paddu,C-Nero,2,Draig,F-Ryougi,1,1622913589
paddu,C-Nero,2,Draig,F-Ryougi,1,1622913761
paddu,C-Nero,2,Draig,F-Ryougi,1,1622913934
paddu,C-Nero,1,Draig,F-Ryougi,2,1622914087
paddu,C-Nero,1,Draig,F-Ryougi,2,1622914235
paddu,C-Nero,0,Draig,F-Ryougi,2,1622914365
paddu,C-Nero,0,Draig,F-Ryougi,2,1622914505
paddu,C-Nero,0,Draig,F-Ryougi,2,1622914609
paddu,C-Nero,1,Draig,F-Ryougi,2,1622914782
paddu,C-Nero,1,Draig,F-Ryougi,2,1622914974
paddu,C-Nero,0,Draig,F-Ryougi,2,1622915099
paddu,C-Nero,0,Draig,F-Ryougi,2,1622915238
paddu,F-Nero,2,Draig,F-Ryougi,1,1622915489
paddu,F-Nero,2,Draig,F-Ryougi,1,1622915654
paddu,F-Nero,2,Draig,F-Ryougi,1,1622915809
paddu,F-Nero,2,Draig,F-Ryougi,0,1622915951
paddu,F-Nero,2,Draig,F-Ryougi,0,1622916096
paddu,F-Nero,0,Draig,F-Ryougi,2,1622916250
paddu,F-Nero,2,Draig,F-Ryougi,1,1622916409
paddu,F-Nero,0,Draig,F-Ryougi,2,1622916519
paddu,F-Nero,2,Draig,F-Ryougi,1,1622916662
paddu,F-Nero,2,Draig,F-Ryougi,0,1622916804
paddu,F-Nero,0,Draig,F-Ryougi,2,1622916944
paddu,F-Nero,0,Draig,F-Ryougi,2,1622917032
paddu,F-Nero,1,It's pronounced Ryo-gi,C-Ryougi,2,1622921555
paddu,F-Nero,2,It's pronounced Ryo-gi,C-Ryougi,0,1622921648
paddu,F-Nero,1,It's pronounced Ryo-gi,C-Ryougi,2,1622921854
paddu,F-Nero,2,It's pronounced Ryo-gi,C-Ryougi,0,1622921938
paddu,F-Nero,2,It's pronounced Ryo-gi,C-Ryougi,0,1622922045
paddu,F-Nero,2,It's pronounced Ryo-gi,C-Ryougi,1,1622922180
paddu,F-Nero,2,It's pronounced Ryo-gi,C-Ryougi,0,1622922307
paddu,F-Nero,1,It's pronounced Ryo-gi,C-Ryougi,2,1622922502
paddu,F-Nero,2,It's pronounced Ryo-gi,C-Ryougi,1,1622922717
paddu,F-Nero,2,It's pronounced Ryo-gi,C-Ryougi,0,1622922836
paddu,F-Nero,0,It's pronounced Ryo-gi,C-Ryougi,2,1622922973
paddu,F-Nero,2,It's pronounced Ryo-gi,C-Ryougi,1,1622923163
paddu,F-Nero,2,It's pronounced Ryo-gi,C-Ryougi,1,1622923329
paddu,F-Nero,1,It's pronounced Ryo-gi,C-Ryougi,2,1622923499
paddu,F-Nero,0,It's pronounced Ryo-gi,C-Ryougi,2,1622923619
paddu,F-Nero,2,It's pronounced Ryo-gi,C-Ryougi,1,1622923795
paddu,F-Nero,2,It's pronounced Ryo-gi,C-Ryougi,1,1622923954
paddu,F-Nero,2,It's pronounced Ryo-gi,C-Ryougi,1,1622924101
paddu,F-Nero,2,It's pronounced Ryo-gi,C-Ryougi,0,1622924223
paddu,F-Nero,2,It's pronounced Ryo-gi,C-Ryougi,0,1622924363
paddu,F-Nero,1,It's pronounced Ryo-gi,C-Ryougi,2,1622924521
paddu,F-Nero,0,It's pronounced Ryo-gi,C-Ryougi,2,1622924633
paddu,F-Nero,2,It's pronounced Ryo-gi,C-Ryougi,0,1622924765
paddu,F-Nero,2,It's pronounced Ryo-gi,C-Ryougi,0,1622924878
paddu,F-Nero,1,It's pronounced Ryo-gi,C-Ryougi,2,1622925074
paddu,F-Nero,2,It's pronounced Ryo-gi,C-Ryougi,0,1622925150
paddu,F-Nero,2,It's pronounced Ryo-gi,C-Ryougi,0,1622925285
paddu,F-Nero,2,It's pronounced Ryo-gi,C-Ryougi,1,1622925415
paddu,F-Nero,2,It's pronounced Ryo-gi,C-Ryougi,1,1622925590
paddu,F-Nero,2,Magemo,H-Hime,0,1622927319
paddu,F-Nero,2,Magemo,H-Hime,1,1622927486
paddu,F-Nero,2,Magemo,H-Hime,1,1622927624
paddu,F-Nero,0,Magemo,H-Hime,2,1622927741
paddu,F-Nero,2,Magemo,H-Hime,1,1622927920
paddu,F-Nero,2,Magemo,H-Hime,0,1622928030
paddu,F-Nero,2,Magemo,H-Hime,1,1622928184
paddu,F-Nero,2,Magemo,H-Hime,0,1622928297
paddu,F-Nero,2,Magemo,H-Hime,0,1622928406
paddu,F-Nero,1,Magemo,H-Hime,2,1622928593
paddu,F-Nero,2,Magemo,H-Hime,0,1622928690
paddu,F-Nero,2,Magemo,H-Hime,0,1622928788
paddu,C-Nero,0,enam,C-Kouma,2,1623096310
paddu,C-Nero,1,enam,C-Kouma,2,1623096437
paddu,C-Nero,1,enam,C-Kouma,2,1623096571
paddu,C-Nero,0,enam,C-Kouma,2,1623096663
paddu,C-Nero,1,enam,C-Kouma,2,1623096819
paddu,C-Nero,1,enam,C-Kouma,2,1623096956
paddu,C-Nero,2,enam,C-Kouma,0,1623097113
paddu,C-Nero,0,enam,C-Kouma,2,1623097259
paddu,C-Nero,0,enam,C-Kouma,2,1623097392
paddu,C-Nero,1,enam,C-Kouma,2,1623097534
paddu,C-Nero,1,enam,C-Kouma,2,1623097741
paddu,F-Nero,2,Mohd,F-Aoko,1,1623162620
paddu,F-Nero,2,Mohd,F-Aoko,0,1623162760
paddu,F-Nero,2,Mohd,F-Aoko,0,1623162855
paddu,F-Nero,2,Mohd,F-Aoko,0,1623162964
paddu,F-Nero,2,Mohd,F-Aoko,0,1623163071
paddu,C-Ryougi,2,Eleos,C-Roa,1,1623345100
paddu,C-Ryougi,2,Eleos,C-Roa,1,1623345292
paddu,C-Ryougi,0,Eleos,C-Roa,2,1623345430
paddu,C-Ryougi,0,Eleos,C-Roa,2,1623345527
paddu,C-Ryougi,0,Eleos,C-Roa,2,1623345637
paddu,C-Ryougi,0,Eleos,C-Roa,2,1623345734
paddu,C-Ryougi,0,Eleos,C-Roa,2,1623345843
paddu,F-Nero,2,Eleos,C-Roa,0,1623346302
paddu,F-Nero,2,Eleos,C-Roa,0,1623346417
paddu,F-Nero,2,Eleos,C-Roa,0,1623346508
paddu,F-Nero,1,Eleos,C-Roa,2,1623346684
paddu,F-Nero,2,Eleos,C-Roa,0,1623346821
paddu,F-Nero,2,Eleos,C-Roa,1,1623346995
paddu,F-Nero,2,Eleos,C-Roa,1,1623347169
paddu,F-Nero,2,Eleos,C-Roa,0,1623347258
paddu,F-Nero,2,Eleos,C-Roa,1,1623347474
paddu,F-Nero,2,Eleos,C-Roa,0,1623347579
paddu,F-Nero,2,Eleos,C-Roa,0,1623347686
paddu,C-Nero,2,Afro Viking,F-Nero,0,1623357676
paddu,C-Nero,2,Afro Viking,F-Nero,0,1623357833
paddu,C-Nero,2,Afro Viking,F-Nero,1,1623358038
paddu,C-Nero,2,Afro Viking,F-Nero,0,1623358166
paddu,C-Nero,2,Afro Viking,F-Nero,0,1623358284
paddu,C-Nero,1,Afro Viking,F-Nero,2,1623358486
paddu,C-Nero,2,Afro Viking,F-Nero,1,1623358684
paddu,C-Nero,2,Afro Viking,F-Nero,1,1623358833
paddu,C-Nero,2,Afro Viking,F-Nero,0,1623358982
paddu,C-Nero,2,Afro Viking,F-Nero,1,1623359177
paddu,C-Nero,2,Afro Viking,F-Nero,0,1623359289
paddu,C-Nero,2,Afro Viking,F-Nero,1,1623359513
paddu,C-Nero,2,Afro Viking,F-Nero,0,1623359629
paddu,C-Nero,1,Afro Viking,F-Nero,2,1623359843
paddu,F-Nero,2,Afro Viking,F-Nero,0,1623359944
paddu,F-Nero,2,Afro Viking,F-Nero,1,1623360133
paddu,F-Nero,2,Afro Viking,F-Nero,0,1623360237
paddu,F-Nero,0,Afro Viking,F-Nero,2,1623360385
paddu,F-Nero,2,Afro Viking,F-Nero,0,1623360494
paddu,F-Nero,2,Afro Viking,F-Nero,1,1623360653
paddu,F-Nero,2,Afro Viking,F-Nero,0,1623360747
paddu,C-Ryougi,2,Afro Viking,C-Nanaya,1,1623360910
paddu,C-Ryougi,2,Afro Viking,C-Nanaya,0,1623361023
paddu,C-Ryougi,2,Afro Viking,F-Nanaya,0,1623361127
paddu,C-Ryougi,0,Afro Viking,F-Nanaya,2,1623361220
paddu,C-Ryougi,2,Afro Viking,F-Nanaya,0,1623361326
paddu,C-Ryougi,2,Afro Viking,F-Nanaya,0,1623361418
paddu,C-Ryougi,2,Afro Viking,F-Nanaya,0,1623361536
paddu,C-Ryougi,2,Afro Viking,F-Nanaya,1,1623361712
paddu,C-Ryougi,2,Afro Viking,F-Nanaya,0,1623361806
paddu,C-Ryougi,0,Afro Viking,F-Nanaya,2,1623361931
paddu,C-Ryougi,2,Afro Viking,F-Nanaya,0,1623362036
paddu,C-Ryougi,2,Afro Viking,F-Nanaya,0,1623362127
paddu,C-Ryougi,2,Afro Viking,F-Nanaya,0,1623362226
paddu,C-Ryougi,2,Afro Viking,F-Nanaya,0,1623362346paddu,F-Nero,1,smo,C-Arc,2,1624484576
paddu,F-Nero,2,smo,C-Arc,0,1624484716
paddu,F-Nero,2,smo,C-Arc,1,1624484871
paddu,F-Nero,2,smo,C-Arc,1,1624485073
paddu,F-Nero,2,smo,C-Arc,0,1624485192
paddu,F-Nero,2,smo,C-Arc,1,1624485350
paddu,F-Ciel,1,Magemo,H-Arc,2,1624551382
paddu,F-Ciel,0,Magemo,H-Arc,2,1624551533
paddu,F-Ciel,1,Magemo,H-Arc,2,1624551679
paddu,F-Ciel,2,Magemo,H-Arc,0,1624551789
paddu,F-Ciel,1,Magemo,H-Arc,2,1624551960
paddu,F-Ciel,2,Magemo,H-Arc,0,1624552068
paddu,F-Ciel,2,Magemo,H-Arc,0,1624552179
paddu,F-Ciel,2,Magemo,H-Arc,0,1624552311
paddu,F-Ciel,2,Magemo,H-Arc,1,1624552489
paddu,F-Ciel,0,Magemo,H-Arc,2,1624552600
paddu,F-Ciel,2,Magemo,H-Arc,0,1624552744
paddu,F-Ciel,2,Magemo,H-Arc,1,1624552934
paddu,F-Ciel,1,Koval,F-Tohno,2,1624555642
paddu,F-Ciel,2,Koval,F-Tohno,1,1624555782
paddu,F-Ciel,2,Koval,F-Tohno,0,1624555874
paddu,F-Ciel,1,Koval,F-Tohno,2,1624556012
paddu,F-Ciel,2,Koval,F-Tohno,0,1624556128
paddu,F-Ciel,2,Koval,F-Tohno,0,1624556217
paddu,F-Ciel,2,Koval,F-Tohno,1,1624556341
paddu,F-Ciel,2,Koval,F-Tohno,0,1624556425
paddu,F-Ciel,2,Koval,F-Tohno,0,1624556547
paddu,F-Ciel,2,Koval,F-Tohno,0,1624556646
paddu,F-Ciel,2,Koval,F-Tohno,1,1624556816
paddu,F-Ciel,2,Koval,F-Tohno,0,1624556893
paddu,C-Ries,2,Afro Viking,F-Warc,1,1625261911
paddu,C-Ries,2,Afro Viking,F-Warc,1,1625262066
paddu,C-Ries,2,Afro Viking,F-Warc,0,1625262157
paddu,C-Ries,2,Afro Viking,F-Warc,0,1625262249
paddu,C-Ries,2,Afro Viking,F-Warc,1,1625262431
paddu,H-Arc,2,Afro Viking,C-S.Akiha,0,1625262893
paddu,H-Arc,1,Afro Viking,C-S.Akiha,2,1625263113
paddu,C-Arc,2,Afro Viking,C-S.Akiha,1,1625263335
paddu,C-Arc,2,Afro Viking,C-S.Akiha,0,1625263463
paddu,C-Arc,2,Afro Viking,C-S.Akiha,1,1625263654
paddu,C-Arc,2,Afro Viking,C-S.Akiha,0,1625263802
paddu,C-Arc,2,Afro Viking,C-S.Akiha,0,1625263941
paddu,C-Nero,2,Afro Viking,F-Nero,1,1625264107
paddu,C-Nero,2,Afro Viking,F-Nero,0,1625264229
paddu,C-Nero,2,Afro Viking,F-Nero,0,1625264351
paddu,C-Nero,2,Afro Viking,F-Nero,0,1625264471
paddu,C-Nero,2,Afro Viking,F-Nero,0,1625264603
paddu,C-Nero,2,Afro Viking,F-Nero,1,1625264795
paddu,C-Nero,2,Afro Viking,F-Nero,0,1625264911
paddu,C-Nero,2,Afro Viking,F-Nero,1,1625265109
paddu,C-Nero,2,Afro Viking,F-Nero,1,1625265299
paddu,C-Nero,2,Afro Viking,F-Nero,0,1625265410
paddu,C-Tohno,2,Change your name,C-Kouma,0,1626138299
paddu,C-Tohno,2,Change your name,C-Kouma,0,1626138434
paddu,C-Tohno,2,Change your name,C-Kouma,0,1626138563
paddu,C-Tohno,2,Change your name,C-Kouma,0,1626138668
paddu,C-Tohno,2,Change your name,C-Kouma,0,1626138802
paddu,C-Nero,2,Change your name,C-Kouma,0,1626138963
paddu,C-Nero,2,Change your name,C-Kouma,1,1626139114
paddu,C-Nero,2,Change your name,C-Kouma,0,1626139202
paddu,C-NekoMech,2,Change your name,C-Kouma,0,1626139338
paddu,C-NekoMech,2,Change your name,C-Kouma,0,1626139476
paddu,C-NekoMech,2,Change your name,C-Kouma,1,1626139650
paddu,C-Hisui,2,Change your name,C-Kouma,1,1626140077
paddu,C-Hisui,2,Change your name,C-Kouma,0,1626140226
paddu,C-Hisui,2,Change your name,C-Kouma,1,1626140473
paddu,C-Hisui,2,Change your name,C-Kouma,0,1626140599
paddu,C-Hisui,2,Change your name,C-Kouma,0,1626140744
paddu,C-Roa,2,Change your name,C-Kouma,0,1626140845
paddu,C-Roa,2,Change your name,C-Kouma,0,1626140928
paddu,C-Roa,2,Change your name,C-Kouma,0,1626141026
paddu,C-Aoko,2,Change your name,C-Kouma,0,1626141164
paddu,C-Aoko,2,Change your name,C-Kouma,1,1626141311
paddu,C-Aoko,2,Change your name,C-Kouma,0,1626141407
paddu,C-Aoko,0,Change your name,C-Kouma,2,1626141559
paddu,C-Aoko,2,Change your name,C-Kouma,0,1626141655
paddu,C-Aoko,2,Change your name,C-Kouma,0,1626141767
paddu,C-Aoko,2,Change your name,C-Kouma,1,1626141960
paddu,C-Warc,2,Change your name,C-Kouma,0,1626142076
paddu,C-Warc,2,Change your name,C-Kouma,0,1626142194
paddu,C-Warc,2,Change your name,C-Kouma,0,1626142317
paddu,C-Warc,2,Change your name,C-Kouma,0,1626142416
paddu,C-Warc,2,Change your name,C-Kouma,0,1626142511
paddu,C-Kohaku,2,Change your name,C-Kouma,1,1626142731
paddu,C-Kohaku,2,Change your name,C-Kouma,0,1626142835
paddu,C-Kohaku,2,Change your name,C-Kouma,1,1626142983
paddu,C-Kohaku,1,Change your name,C-Kouma,2,1626143129
paddu,C-Kohaku,2,Change your name,C-Kouma,1,1626143331
paddu,C-Nero,2,Change your name,C-Aoko,0,1626274887
paddu,C-Nero,2,Change your name,C-Aoko,0,1626274995
paddu,C-Nero,2,Change your name,C-Aoko,0,1626275093
paddu,C-Nero,2,Change your name,C-Aoko,0,1626275184
paddu,C-Nero,2,Change your name,C-Aoko,0,1626275311
paddu,C-Nero,2,Change your name,C-Aoko,0,1626275444
paddu,C-Nero,2,Change your name,C-Aoko,0,1626275534
paddu,C-Nero,2,Change your name,C-Aoko,0,1626275648
paddu,C-Nero,2,Change your name,C-Aoko,0,1626275783
paddu,C-Nero,2,Change your name,C-Aoko,0,1626275893
paddu,C-NekoMech,2,Change your name,C-Aoko,0,1626276024
paddu,C-NekoMech,2,Change your name,C-Aoko,0,1626276117
paddu,C-NekoMech,2,Change your name,C-Aoko,0,1626276213
paddu,C-NekoMech,2,Change your name,C-Aoko,0,1626276334
paddu,C-NekoMech,2,Change your name,C-Aoko,0,1626276415
paddu,C-NekoMech,2,Change your name,C-Aoko,0,1626276515
paddu,C-NekoMech,2,Change your name,C-Aoko,0,1626276653
paddu,C-NekoMech,2,Change your name,C-Aoko,0,1626276792
paddu,C-NekoMech,2,Change your name,C-Aoko,1,1626276983
paddu,C-NekoMech,2,Change your name,C-Aoko,0,1626277119
paddu,C-Aoko,2,Change your name,C-Aoko,1,1626277316
paddu,C-Aoko,2,Change your name,C-Aoko,0,1626277444
paddu,C-Aoko,2,Change your name,C-Aoko,0,1626277539
paddu,C-Aoko,2,Change your name,C-Aoko,0,1626277649
paddu,C-Aoko,2,Change your name,C-Aoko,1,1626277834
paddu,C-Aoko,2,Change your name,C-Aoko,1,1626278030
paddu,C-Aoko,2,Change your name,C-Aoko,0,1626278095
paddu,C-Aoko,2,Change your name,C-Aoko,0,1626278211
paddu,C-Aoko,2,Change your name,C-Aoko,0,1626278317
paddu,C-Aoko,2,Change your name,C-Aoko,0,1626278450
paddu,H-Len,2,Change your name,F-Tohno,0,1626298543
paddu,H-Len,2,Change your name,F-Tohno,0,1626298652
paddu,H-Len,2,Change your name,F-Tohno,0,1626298755
paddu,H-Len,2,Change your name,F-Tohno,0,1626298879
paddu,H-Len,2,Change your name,F-Tohno,0,1626298985
paddu,H-Len,2,Change your name,F-Tohno,0,1626299073
paddu,H-Len,2,Change your name,F-Tohno,0,1626299178
paddu,H-Len,2,Change your name,F-Tohno,0,1626299285
paddu,H-Len,2,Change your name,F-Tohno,1,1626299459
paddu,H-Len,2,Change your name,F-Tohno,0,1626299582
paddu,C-W.Len,2,Change your name,F-Tohno,0,1626299741
paddu,C-W.Len,2,Change your name,F-Tohno,0,1626299843
paddu,C-W.Len,2,Change your name,F-Tohno,0,1626299943
paddu,C-W.Len,2,Change your name,F-Tohno,0,1626300044
paddu,C-W.Len,2,Change your name,F-Tohno,0,1626300127
paddu,C-W.Len,2,Change your name,F-Tohno,0,1626300240
paddu,C-W.Len,2,Change your name,F-Tohno,0,1626300368
paddu,C-W.Len,1,Change your name,F-Tohno,2,1626300579
paddu,C-W.Len,2,Change your name,F-Tohno,0,1626300665
paddu,C-W.Len,2,Change your name,F-Tohno,0,1626300755
paddu,C-W.Len,2,Change your name,F-Tohno,1,1626300928
paddu,F-Roa,2,Change your name,C-Wara,0,1626301102
paddu,F-Roa,2,Change your name,C-Wara,0,1626301218
paddu,F-Roa,2,Change your name,C-Wara,0,1626301300
paddu,F-Roa,2,Change your name,C-Wara,0,1626301446
paddu,F-Roa,2,Change your name,C-Wara,1,1626301664
paddu,F-Roa,2,Change your name,C-Wara,0,1626301776
paddu,F-P.Ciel,0,Change your name,F-Tohno,2,1626301940
paddu,F-P.Ciel,2,Change your name,F-Tohno,0,1626302051
paddu,F-P.Ciel,2,Change your name,F-Tohno,1,1626302176
paddu,F-P.Ciel,2,Change your name,F-Tohno,0,1626302309
paddu,F-P.Ciel,2,Change your name,F-Tohno,0,1626302466
paddu,C-Akiha,2,Change your name,F-Tohno,1,1626302690
paddu,C-Akiha,2,Change your name,F-Tohno,0,1626302768
paddu,C-Akiha,2,Change your name,F-Tohno,0,1626302867
paddu,C-Akiha,2,Change your name,F-Tohno,0,1626302966
paddu,C-Akiha,2,Change your name,F-Tohno,0,1626303058
paddu,C-Akiha,0,Change your name,F-Tohno,2,1626303180
paddu,C-Akiha,2,Change your name,F-Tohno,0,1626303314
paddu,C-Akiha,2,Change your name,F-Tohno,0,1626303462
paddu,F-Hime,2,Change your name,F-Tohno,0,1626303659
paddu,F-Hime,2,Change your name,F-Tohno,0,1626303741
paddu,F-Hime,2,Change your name,F-Tohno,0,1626303852
paddu,F-Hime,2,Change your name,F-Tohno,1,1626303975
paddu,F-Hime,2,Change your name,F-Tohno,0,1626304054
paddu,F-Hime,2,Change your name,F-Tohno,0,1626304183
paddu,C-Satsuki,2,Change your name,F-Tohno,0,1626304361
paddu,C-Satsuki,2,Change your name,F-Tohno,1,1626304523
paddu,C-Satsuki,2,Change your name,F-Tohno,0,1626304624
paddu,C-Satsuki,2,Change your name,F-Tohno,0,1626304706
paddu,C-Satsuki,2,Change your name,F-Tohno,0,1626304796
paddu,C-Miyako,2,Change your name,F-Tohno,0,1626304926
paddu,C-Miyako,2,Change your name,F-Tohno,0,1626305043
paddu,C-Miyako,2,Change your name,F-Tohno,1,1626305178
paddu,C-Miyako,2,Change your name,F-Tohno,1,1626305358
paddu,C-Miyako,2,Change your name,F-Tohno,1,1626305491
paddu,C-Arc,2,Change your name,F-Tohno,0,1626305625
paddu,C-Arc,2,Change your name,F-Tohno,1,1626305763
paddu,C-Arc,2,Change your name,F-Tohno,1,1626305914
paddu,C-Arc,2,Change your name,F-Tohno,0,1626306017
paddu,C-Arc,2,Change your name,F-Tohno,0,1626306121
paddu,C-Arc,2,Change your name,F-Tohno,0,1626306268
paddu,C-Arc,2,Change your name,F-Tohno,0,1626306372
paddu,C-Arc,2,Change your name,F-Tohno,0,1626306490
paddu,H-Nero,2,Change your name,F-Tohno,0,1626306629
paddu,H-Nero,2,Change your name,F-Tohno,0,1626306728
paddu,H-Nero,2,Change your name,F-Tohno,0,1626306847
paddu,H-Nero,2,Change your name,F-Tohno,0,1626306982
paddu,H-Nero,2,Change your name,F-Tohno,0,1626307093
paddu,H-Nero,2,Change your name,F-Tohno,0,1626307196
paddu,C-M.Hisui,2,Change your name,F-Tohno,0,1626307312
paddu,C-M.Hisui,2,Change your name,F-Tohno,0,1626307385
paddu,C-M.Hisui,2,Change your name,F-Tohno,0,1626307478
paddu,C-M.Hisui,2,Change your name,F-Tohno,0,1626307579
paddu,C-M.Hisui,2,Change your name,F-Tohno,0,1626307651
paddu,C-M.Hisui,2,Change your name,F-Tohno,0,1626307768
paddu,C-M.Hisui,2,Change your name,F-Tohno,0,1626307862
paddu,H-Ryougi,2,Change your name,F-Tohno,1,1626308090
paddu,H-Ryougi,2,Change your name,F-Tohno,0,1626308177
paddu,H-Ryougi,2,Change your name,F-Tohno,0,1626308277
paddu,H-Ryougi,2,Change your name,F-Tohno,0,1626308423
paddu,H-Ryougi,2,Change your name,F-Tohno,0,1626308525
paddu,H-Ryougi,2,Change your name,F-Tohno,1,1626308670
paddu,H-Ryougi,2,Change your name,F-Tohno,1,1626308796
paddu,H-Ryougi,2,Change your name,F-Tohno,0,1626308915
paddu,F-V.Akiha,2,Change your name,F-Tohno,1,1626309134
paddu,F-V.Akiha,2,Change your name,F-Tohno,0,1626309221
paddu,F-V.Akiha,2,Change your name,F-Tohno,0,1626309288
paddu,C-Nero,2,Hatsune Miku fan,C-Akiha,0,1626361719
paddu,C-Nero,2,Hatsune Miku fan,C-Akiha,0,1626361830
paddu,C-Nero,2,Hatsune Miku fan,C-Akiha,0,1626361956
paddu,C-Nero,2,Hatsune Miku fan,C-Akiha,0,1626362071
paddu,C-Nero,2,Hatsune Miku fan,C-Akiha,1,1626362301
paddu,C-Nero,2,Hatsune Miku fan,C-Akiha,0,1626362425
paddu,C-Nero,2,Hatsune Miku fan,C-Akiha,0,1626362567
paddu,C-Nero,2,Hatsune Miku fan,C-Akiha,0,1626362674
paddu,C-Nero,2,Hatsune Miku fan,C-Akiha,0,1626362789
paddu,C-Nero,2,Hatsune Miku fan,C-Akiha,0,1626362909
paddu,C-Nero,2,Hatsune Miku fan,C-Akiha,0,1626363064
paddu,C-Nero,2,Hatsune Miku fan,C-Akiha,0,1626363195
paddu,C-Nero,2,Hatsune Miku fan,C-Akiha,0,1626363363
paddu,C-Nero,2,Hatsune Miku fan,C-Akiha,0,1626363465
paddu,C-Nero,2,Hatsune Miku fan,C-Akiha,0,1626363578
paddu,C-Nero,2,Hatsune Miku fan,C-Akiha,0,1626363703
paddu,C-Nero,2,Hatsune Miku fan,C-Akiha,0,1626363826
paddu,C-Nero,2,Hatsune Miku fan,C-Akiha,0,1626363955
paddu,C-Nero,2,Hatsune Miku fan,C-Akiha,0,1626364096
paddu,C-Nero,2,Hatsune Miku fan,C-Akiha,1,1626364286
paddu,F-Nanaya,2,isloudas,F-Aoko,0,1626394698
paddu,F-Nanaya,2,isloudas,F-Aoko,0,1626394821
paddu,F-Nanaya,2,isloudas,F-Aoko,0,1626394923
paddu,F-Nanaya,2,isloudas,F-Aoko,1,1626395071
paddu,F-Nanaya,2,isloudas,F-Aoko,0,1626395189
paddu,F-Nanaya,2,isloudas,F-Aoko,0,1626395266
paddu,F-Nanaya,2,isloudas,F-Aoko,0,1626395393
paddu,F-Nanaya,2,isloudas,F-Aoko,0,1626395489
paddu,F-Nanaya,2,isloudas,F-Aoko,0,1626395617
paddu,F-Nanaya,2,isloudas,F-Aoko,0,1626395688
paddu,F-Nanaya,2,isloudas,F-Aoko,0,1626395786
paddu,F-Nanaya,2,isloudas,F-Aoko,0,1626395894
paddu,F-Nanaya,2,isloudas,F-Aoko,0,1626396007
paddu,F-Nanaya,2,isloudas,F-Aoko,1,1626396144
paddu,F-Aoko,2,isloudas,F-Tohno,0,1626396301
paddu,F-Aoko,2,isloudas,F-Tohno,0,1626396380
paddu,F-Aoko,2,isloudas,F-Tohno,0,1626396452
paddu,F-Aoko,2,isloudas,F-Tohno,1,1626396606
paddu,F-Aoko,2,isloudas,F-Tohno,0,1626396680
paddu,F-Aoko,2,isloudas,F-Tohno,0,1626396783
paddu,F-Aoko,2,isloudas,F-Tohno,0,1626396887
paddu,C-Arc,2,isloudas,F-Aoko,0,1626397012
paddu,C-Arc,2,isloudas,F-Aoko,0,1626397114
paddu,C-Arc,2,isloudas,F-Aoko,1,1626397253
paddu,C-Arc,2,isloudas,F-Aoko,0,1626397328
paddu,C-Arc,2,isloudas,F-Aoko,1,1626397456
paddu,F-Nanaya,0,isloudas,F-Aoko,2,1626397631
paddu,F-Nanaya,2,isloudas,F-Aoko,1,1626397793
paddu,F-Nanaya,2,isloudas,F-Aoko,1,1626397910
paddu,F-Nanaya,2,isloudas,F-Aoko,0,1626398026
paddu,F-Nanaya,2,isloudas,F-Aoko,0,1626398116
paddu,F-Nanaya,2,isloudas,F-Aoko,0,1626398221
paddu,F-Nanaya,2,isloudas,F-Aoko,1,1626398411
paddu,F-Nanaya,2,isloudas,F-Aoko,0,1626398502
paddu,F-Nanaya,2,isloudas,F-Aoko,0,1626398612
paddu,F-Nanaya,2,isloudas,F-Aoko,1,1626398741
paddu,F-Nanaya,2,isloudas,F-Aoko,0,1626398859
paddu,C-S.Akiha,0,isloudas,F-Aoko,2,1626399900
paddu,C-S.Akiha,2,isloudas,F-Aoko,0,1626400021
paddu,C-S.Akiha,2,isloudas,F-Aoko,0,1626400136
paddu,C-S.Akiha,2,isloudas,F-Aoko,0,1626400227
paddu,C-S.Akiha,2,isloudas,F-Aoko,0,1626400316
paddu,C-S.Akiha,2,isloudas,F-Aoko,0,1626400406
paddu,C-S.Akiha,2,Change your name,F-Ryougi,1,1626444858
paddu,C-S.Akiha,2,Change your name,F-Ryougi,0,1626445017
paddu,C-S.Akiha,2,Change your name,F-Ryougi,0,1626445121
paddu,C-S.Akiha,2,Change your name,F-Ryougi,0,1626445240
paddu,C-S.Akiha,2,Change your name,F-Ryougi,0,1626445332
paddu,C-S.Akiha,2,Change your name,F-Ryougi,0,1626445466
paddu,C-S.Akiha,2,Change your name,F-Ryougi,0,1626445572
paddu,F-Nero,2,Change your name,F-Ryougi,1,1626445765
paddu,F-Nero,2,Change your name,F-Ryougi,0,1626445869
paddu,F-Nero,2,Change your name,F-Ryougi,0,1626445965
paddu,F-Nero,2,Change your name,F-Ryougi,0,1626446066
paddu,F-Nero,2,Change your name,F-Ryougi,0,1626446149
paddu,F-Nero,2,Change your name,F-Ryougi,0,1626446249
paddu,F-Nero,2,Change your name,F-Ryougi,0,1626446348
paddu,F-Nero,2,Change your name,F-Ryougi,0,1626446429
paddu,F-Nero,2,Change your name,F-Ryougi,1,1626446591
paddu,F-Nero,2,Change your name,F-Ryougi,0,1626446672
paddu,F-Nero,2,Change your name,F-Ryougi,0,1626446760
paddu,C-Nero,2,Koval,F-Tohno,0,1626457494
paddu,C-Nero,2,Koval,F-Tohno,1,1626457626
paddu,C-Nero,2,Koval,F-Tohno,0,1626457726
paddu,C-Nero,2,Koval,F-Tohno,0,1626457808
paddu,C-Nero,2,Koval,F-Tohno,0,1626457893
paddu,C-Nero,2,Koval,F-Tohno,0,1626457974
paddu,C-Nero,2,Koval,F-Tohno,0,1626458069
paddu,C-Nero,2,Koval,F-Tohno,0,1626458192
paddu,C-Nero,2,Koval,F-Tohno,0,1626458270
paddu,C-Nero,2,Koval,F-Tohno,0,1626458355
paddu,C-Nero,2,Koval,F-Tohno,0,1626458450
paddu,C-Nero,2,Koval,F-Tohno,0,1626458540
paddu,C-Nero,2,Koval,F-Tohno,0,1626458636
paddu,C-Nero,2,Koval,F-Tohno,0,1626458722
paddu,C-Nero,2,Koval,F-Tohno,0,1626458815
paddu,C-Nero,2,Koval,F-Tohno,0,1626458936
paddu,C-Nero,2,Magemo,H-Hime,0,1626528352
paddu,C-Nero,2,Magemo,H-Hime,1,1626528549
paddu,C-Nero,2,Magemo,H-Hime,0,1626528694
paddu,C-Nero,2,Magemo,H-Hime,0,1626528856
paddu,C-Nero,2,Magemo,H-Hime,1,1626529035
paddu,C-Nero,2,Magemo,H-Hime,1,1626529222
paddu,C-Nero,0,Magemo,H-Hime,2,1626529350
paddu,C-Nero,2,Magemo,H-Hime,0,1626529439
paddu,C-Nero,2,Magemo,H-Hime,0,1626529555
paddu,C-Nero,2,Magemo,H-Hime,0,1626529677
paddu,C-Nero,2,Magemo,H-Hime,0,1626529808
paddu,C-Nero,2,Shirou Emiya's big fat honkers,F-Tohno,0,1626530627
paddu,C-Nero,2,Shirou Emiya's big fat honkers,F-Tohno,0,1626530717
paddu,C-Nero,2,Shirou Emiya's big fat honkers,F-Tohno,0,1626530811
paddu,C-Nero,2,Shirou Emiya's big fat honkers,F-Tohno,0,1626530941
paddu,C-Nero,2,Shirou Emiya's big fat honkers,F-Tohno,0,1626531042
paddu,C-Nero,2,Shirou Emiya's big fat honkers,F-Tohno,0,1626531157
paddu,C-Nero,2,Shirou Emiya's big fat honkers,F-Tohno,0,1626531248
paddu,C-Nero,2,Shirou Emiya's big fat honkers,F-Tohno,0,1626531346
paddu,C-Nero,2,Shirou Emiya's big fat honkers,F-Tohno,0,1626531447
paddu,C-Nero,2,Shirou Emiya's big fat honkers,F-Tohno,0,1626531548
paddu,C-Nero,2,Shirou Emiya's big fat honkers,F-Tohno,0,1626531631
paddu,C-Nero,2,Shirou Emiya's big fat honkers,F-Tohno,0,1626531707
paddu,C-Nero,2,Shirou Emiya's big fat honkers,F-Tohno,0,1626531795
paddu,C-Nero,2,Hayyel,F-Roa,0,1626547846
paddu,C-Nero,2,Hayyel,F-Roa,1,1626548055
paddu,F-Nero,2,Westfield Baitouts,H-V.Akiha,0,1626548751
paddu,F-Nero,2,Westfield Baitouts,H-V.Akiha,1,1626548919
paddu,H-Nanaya,2,Magemo,H-Nanaya,0,1626552062
paddu,H-Nanaya,2,Magemo,H-Nanaya,1,1626552207
paddu,H-Nanaya,2,Magemo,H-Nanaya,0,1626552336
paddu,F-Hime,0,Magemo,F-Hime,2,1626554935
paddu,F-Hime,0,Magemo,F-Hime,2,1626555040
paddu,H-Nanaya,2,Magemo,F-Hime,0,1626555168
paddu,H-Nanaya,2,Magemo,H-Nanaya,0,1626555276
paddu,H-Nanaya,2,Magemo,H-Nanaya,1,1626555453
paddu,H-Nanaya,2,agu,C-Aoko,0,1626559829
paddu,H-Nanaya,2,agu,C-Aoko,0,1626559931
paddu,H-Nanaya,2,agu,C-Aoko,1,1626560098
paddu,H-Nanaya,2,agu,C-Aoko,0,1626560233
paddu,H-Nanaya,2,agu,C-Aoko,0,1626560361
paddu,H-Nanaya,2,agu,C-Aoko,0,1626560481
paddu,H-Nanaya,0,agu,C-Aoko,2,1626560593
paddu,H-Nanaya,2,agu,C-Aoko,1,1626560748
paddu,H-Nanaya,2,agu,C-Aoko,0,1626560853
paddu,H-Nanaya,2,agu,C-Aoko,1,1626560989
paddu,H-Nanaya,2,agu,C-Aoko,1,1626561184
paddu,H-Nanaya,2,agu,C-Aoko,1,1626561383
paddu,H-Nanaya,2,agu,C-Aoko,0,1626561513
paddu,H-Nanaya,2,agu,C-Aoko,1,1626561681
paddu,H-Nanaya,2,agu,C-Aoko,1,1626561825
paddu,H-Nanaya,2,agu,C-Aoko,1,1626561981
paddu,H-Nanaya,2,agu,C-Aoko,0,1626562090
paddu,H-Nanaya,2,agu,C-Aoko,1,1626562239
paddu,H-Nanaya,2,agu,C-Aoko,1,1626562435
paddu,H-Nanaya,2,agu,C-Aoko,1,1626562627
paddu,H-Nanaya,2,agu,C-Aoko,0,1626562720
paddu,H-Nanaya,2,12" Margherita,C-S.Akiha,1,1626618592
paddu,H-Nanaya,2,12" Margherita,C-S.Akiha,1,1626618778
paddu,H-Nanaya,2,12" Margherita,C-S.Akiha,0,1626618914
paddu,H-Nanaya,2,12" Margherita,C-S.Akiha,1,1626619125
paddu,H-Nanaya,2,12" Margherita,C-S.Akiha,0,1626619221
paddu,C-Nero,2,12" Margherita,C-S.Akiha,0,1626619364
paddu,C-S.Akiha,2,12" Margherita,C-S.Akiha,0,1626619881
paddu,C-S.Akiha,2,12" Margherita,C-S.Akiha,0,1626620009
paddu,C-S.Akiha,2,12" Margherita,C-S.Akiha,1,1626620214
paddu,C-S.Akiha,2,12" Margherita,C-S.Akiha,0,1626620350
paddu,C-S.Akiha,2,12" Margherita,C-S.Akiha,0,1626620492
paddu,C-Aoko,2,12" Margherita,C-S.Akiha,0,1626620637
paddu,C-Aoko,2,12" Margherita,C-S.Akiha,0,1626620786
paddu,C-Aoko,2,12" Margherita,C-S.Akiha,0,1626620920
paddu,C-Aoko,2,12" Margherita,C-S.Akiha,0,1626621044
paddu,C-Aoko,2,12" Margherita,C-S.Akiha,0,1626621162
paddu,C-Aoko,2,12" Margherita,C-S.Akiha,0,1626621260
paddu,C-Wara,1,Afro Viking,H-Satsuki,2,1626886960
paddu,C-Wara,2,Afro Viking,H-Satsuki,0,1626887054
paddu,C-Wara,1,Afro Viking,H-Satsuki,2,1626887243
paddu,C-Wara,0,Afro Viking,H-Satsuki,2,1626887389
paddu,F-Wara,1,Afro Viking,H-Satsuki,2,1626887563
paddu,H-Nanaya,2,Afro Viking,H-Satsuki,1,1626887725
paddu,H-Nanaya,2,Afro Viking,H-Satsuki,0,1626887827
paddu,H-Nanaya,2,Afro Viking,H-Satsuki,1,1626888006
paddu,F-Nero,2,Afro Viking,H-Satsuki,0,1626888116
paddu,F-Nero,2,Afro Viking,H-Satsuki,0,1626888210
paddu,F-Nero,2,Afro Viking,H-Satsuki,0,1626888299
paddu,F-Nero,2,Afro Viking,H-Satsuki,0,1626888420
paddu,F-Nero,2,Afro Viking,H-Satsuki,0,1626888532
paddu,F-Nero,2,Afro Viking,H-Satsuki,0,1626888615
paddu,F-Nero,2,Afro Viking,H-Satsuki,0,1626888743
paddu,F-Nero,2,Afro Viking,H-Satsuki,1,1626888940
paddu,F-Nero,2,Afro Viking,H-Satsuki,0,1626889055
paddu,F-Nero,2,Afro Viking,H-Satsuki,0,1626889181
paddu,F-Nero,2,Afro Viking,H-Satsuki,0,1626889303
paddu,F-Nero,2,Afro Viking,H-Satsuki,0,1626889419
paddu,F-Nero,2,Afro Viking,H-Satsuki,0,1626889529
paddu,F-Nero,2,Afro Viking,H-Satsuki,0,1626889640
paddu,F-Nero,2,Afro Viking,H-Satsuki,0,1626889788
paddu,F-Nero,2,Afro Viking,H-Satsuki,1,1626889945
paddu,F-Nero,2,Afro Viking,H-Satsuki,0,1626890048
paddu,F-Nero,2,Afro Viking,H-Satsuki,0,1626890151
paddu,F-Nero,2,Afro Viking,H-Satsuki,0,1626890244
paddu,F-Nero,1,Afro Viking,H-Satsuki,2,1626890429
paddu,F-Nero,2,Afro Viking,H-Satsuki,0,1626890539
paddu,F-Nero,2,Afro Viking,H-Satsuki,1,1626890702
paddu,F-Nero,2,Afro Viking,H-Satsuki,0,1626890812
paddu,F-Nero,2,Afro Viking,H-Satsuki,1,1626891006
paddu,F-P.Ciel,1,Afro Viking,H-Satsuki,2,1626891300
paddu,C-Nero,0,Afro Viking,C-Nero,2,1626891551
paddu,H-Nero,2,Afro Viking,C-Nero,0,1626891891
paddu,H-Nero,2,Afro Viking,C-Nero,1,1626892119
paddu,H-Nero,2,Afro Viking,C-Nero,1,1626892281
paddu,C-NAC,1,Afro Viking,C-NekoMech,2,1626892519
paddu,C-NAC,2,Afro Viking,C-NekoMech,0,1626892659
paddu,C-NekoMech,2,Afro Viking,C-NekoMech,0,1626892746
paddu,C-NekoMech,2,Afro Viking,C-NekoMech,0,1626892873
paddu,C-NekoMech,2,Afro Viking,C-NekoMech,1,1626893045
paddu,C-NekoMech,2,Afro Viking,C-NekoMech,0,1626893171
paddu,C-NekoMech,2,Afro Viking,C-NekoMech,1,1626893314
paddu,F-Nanaya,2,Afro Viking,F-Roa,1,1626893524
paddu,F-Nanaya,2,Afro Viking,F-Roa,0,1626893618
paddu,F-Nanaya,2,Afro Viking,F-Roa,0,1626893705
paddu,F-Nanaya,2,Afro Viking,F-Roa,0,1626893777
paddu,F-Roa,2,Afro Viking,F-Nanaya,0,1626893883
paddu,F-Roa,2,Afro Viking,F-Nanaya,1,1626894054
paddu,F-Roa,2,Afro Viking,F-Nanaya,1,1626894219
paddu,H-Roa,1,Afro Viking,H-Roa,2,1626894417
paddu,H-Roa,2,Afro Viking,H-Roa,1,1626894588
paddu,H-Roa,2,Afro Viking,H-Roa,0,1626894700
paddu,C-Nero,2,Shorakyn,H-M.Hisui,0,1627233935
paddu,C-Nero,2,Shorakyn,H-M.Hisui,1,1627234116
paddu,C-Nero,2,Shorakyn,H-M.Hisui,0,1627234240
paddu,C-Nero,1,Shorakyn,H-M.Hisui,2,1627234425
paddu,C-Nero,2,Shorakyn,H-M.Hisui,0,1627234541
paddu,C-Nero,2,Shorakyn,H-M.Hisui,0,1627234642
paddu,C-Nero,2,Shorakyn,H-M.Hisui,1,1627234802
paddu,C-Nero,2,Shorakyn,H-M.Hisui,0,1627234921
paddu,C-Nero,2,Shorakyn,H-M.Hisui,0,1627235105
paddu,C-Nero,2,Shorakyn,H-M.Hisui,0,1627235198
paddu,C-Nero,2,Shorakyn,H-M.Hisui,0,1627235290
paddu,C-Nero,2,agu,C-Aoko,0,1627237030
paddu,C-Nero,2,agu,C-Aoko,0,1627237127
paddu,C-Nero,2,Fantomu,F-Hime,0,1627238192
paddu,C-Nero,2,Fantomu,F-Hime,0,1627238337
paddu,C-Nero,2,Draig,F-Ryougi,1,1627240222
paddu,C-Nero,0,Draig,F-Ryougi,2,1627240313
paddu,C-Nero,0,Draig,F-Ryougi,2,1627240437
paddu,H-Nero,2,Change your name,F-Nero,0,1627241726
paddu,H-Nero,2,Change your name,F-Nero,0,1627241858
paddu,C-Nero,2,smo,C-Arc,0,1627243655
paddu,C-Nero,2,smo,C-Arc,1,1627243920
paddu,F-Nero,1,Draig,F-Ryougi,2,1627244170
paddu,F-Nero,0,Draig,F-Ryougi,2,1627244288
paddu,H-Nero,1,Draig,F-Ryougi,2,1627244477
paddu,H-Kouma,2,Magemo,C-Maids,1,1627335177
paddu,H-Kouma,0,Magemo,C-Maids,2,1627335313
paddu,H-Kouma,2,Magemo,C-Maids,1,1627335468
paddu,H-Kouma,2,Magemo,C-Maids,1,1627335676
paddu,H-Kouma,2,Magemo,C-Maids,0,1627335791
paddu,H-Kouma,1,Magemo,C-Maids,2,1627336002
paddu,H-Kouma,2,Magemo,C-Maids,1,1627336121
paddu,H-Kouma,2,agu,C-Aoko,1,1627337736
paddu,H-Kouma,2,agu,C-Aoko,1,1627337925
paddu,H-Kouma,2,agu,C-Aoko,0,1627338025
paddu,H-Kouma,2,agu,C-Aoko,1,1627338167
paddu,H-Kouma,2,agu,C-Aoko,0,1627338288
paddu,H-Kouma,2,agu,C-Aoko,0,1627338413
paddu,H-Kouma,0,agu,C-Aoko,2,1627338565
paddu,H-Kouma,2,agu,C-Aoko,0,1627338681
paddu,H-Kouma,2,agu,C-Aoko,1,1627338874
paddu,H-Kouma,1,agu,C-Aoko,2,1627339058
paddu,H-Kouma,2,agu,C-Aoko,0,1627339208
paddu,H-Kouma,2,agu,C-Aoko,1,1627339377
paddu,H-Kouma,0,Dai,C-Aoko,2,1627339700
paddu,H-Kouma,1,Dai,C-Aoko,2,1627339892
paddu,C-W.Len,2,Dai,C-Aoko,0,1627340071
paddu,C-W.Len,2,Dai,C-Aoko,1,1627340262
paddu,C-W.Len,2,Dai,C-Aoko,1,1627340483
paddu,F-Arc,2,Mega,C-Arc,0,1627340704
paddu,F-Arc,2,Mega,C-Arc,0,1627340828
paddu,F-Arc,2,Mega,C-Arc,0,1627340953
paddu,H-Kouma,2,isloudas,C-Tohno,0,1627341316
paddu,H-Kouma,2,isloudas,C-Tohno,1,1627341471
paddu,H-Kouma,2,isloudas,C-Tohno,0,1627341575
paddu,F-Arc,2,Alexiad,F-Hime,1,1627341974
paddu,F-Arc,2,Alexiad,F-Hime,0,1627342068
paddu,F-Arc,2,Alexiad,F-Hime,1,1627342256
paddu,F-Hime,2,Alexiad,F-Hime,0,1627342387
paddu,F-Kouma,2,isloudas,C-Kouma,1,1627343272
paddu,F-Kouma,2,isloudas,C-Kouma,0,1627343368
paddu,F-Kouma,2,isloudas,C-Kouma,1,1627343504
paddu,F-Nero,2,Mega,C-Arc,0,1627343718
paddu,F-Nero,2,Mega,C-Arc,0,1627343830
paddu,F-Nero,2,Mega,C-Arc,0,1627343926
paddu,H-Nanaya,1,Dai,C-Nanaya,2,1627344325
paddu,H-Nanaya,2,Dai,C-Nanaya,0,1627344408
paddu,F-Nanaya,2,Dai,C-Nanaya,1,1627344571
paddu,F-Nanaya,2,Dai,C-Nanaya,1,1627344734
paddu,C-Nero,2,LoftyWords,H-Len,0,1627400149
paddu,C-Nero,2,LoftyWords,H-Len,0,1627400240
paddu,C-Nero,2,LoftyWords,H-Len,0,1627400304
paddu,C-Nero,2,LoftyWords,H-Len,0,1627400384
paddu,C-Nero,2,LoftyWords,H-Len,0,1627400461
paddu,C-Sion,2,isloudas,C-Wara,0,1627860413
paddu,C-Sion,0,isloudas,C-Wara,2,1627860567
paddu,C-Sion,2,isloudas,C-Wara,0,1627860632
paddu,C-Sion,2,isloudas,C-Wara,0,1627860739
paddu,C-Sion,1,isloudas,C-Wara,2,1627860926
paddu,C-Sion,2,isloudas,C-Wara,1,1627861098
paddu,C-Sion,2,isloudas,C-Wara,0,1627861186
paddu,C-Sion,2,isloudas,C-Wara,1,1627861331
paddu,C-Sion,2,isloudas,C-Wara,0,1627861418
paddu,C-Sion,2,isloudas,C-Wara,1,1627861563
paddu,C-Sion,2,isloudas,C-Wara,1,1627861742
paddu,C-Sion,2,isloudas,C-Wara,0,1627861813
paddu,F-Wara,2,isloudas,C-Wara,1,1627861986
paddu,F-Wara,2,isloudas,C-Wara,1,1627862144
paddu,F-Wara,2,isloudas,C-Wara,1,1627862329
paddu,F-Wara,2,isloudas,C-Wara,0,1627862429
paddu,F-Wara,2,isloudas,C-Wara,0,1627862542
paddu,F-Wara,1,isloudas,C-Wara,2,1627862675
paddu,F-Wara,1,isloudas,C-Wara,2,1627862802
paddu,F-Akiha,2,isloudas,C-Wara,1,1627863055
paddu,F-Akiha,1,isloudas,C-Wara,2,1627863226
paddu,F-Akiha,2,isloudas,C-Wara,1,1627863440
paddu,F-Akiha,2,isloudas,C-Wara,1,1627863663
paddu,F-Akiha,2,isloudas,C-Wara,0,1627863778
paddu,F-Akiha,2,isloudas,C-Wara,0,1627863891
paddu,F-Akiha,2,isloudas,C-Wara,0,1627863999
paddu,F-Akiha,2,isloudas,C-Wara,0,1627864114
paddu,F-Akiha,2,isloudas,C-Wara,1,1627864301
paddu,F-Akiha,2,isloudas,C-Wara,0,1627864400
paddu,C-W.Len,2,isloudas,C-Wara,1,1627864622
paddu,C-W.Len,2,isloudas,C-Wara,0,1627864772
paddu,C-W.Len,2,isloudas,C-Wara,0,1627864897
paddu,C-W.Len,2,isloudas,C-Wara,0,1627865001
paddu,C-W.Len,2,isloudas,C-Wara,1,1627865217
paddu,C-Nero,2,isloudas,C-Wara,0,1627865353
paddu,C-Nero,2,isloudas,C-Wara,0,1627865442
paddu,C-Nero,2,isloudas,C-Wara,0,1627865525
paddu,C-Sion,0,Dai,C-Aoko,2,1627934281
paddu,C-Sion,0,Dai,C-Aoko,2,1627934411
paddu,C-Sion,0,Dai,C-Aoko,2,1627934538
paddu,F-S.Akiha,0,Dai,C-Aoko,2,1627934692
paddu,F-S.Akiha,2,Dai,C-Aoko,0,1627934837
paddu,F-S.Akiha,0,Dai,C-Aoko,2,1627934970
paddu,F-S.Akiha,2,Dai,C-Aoko,0,1627935084
paddu,F-S.Akiha,1,Dai,C-Aoko,2,1627935294
paddu,F-Nero,2,Dai,C-Aoko,0,1627935407
paddu,F-Nero,2,Dai,C-Aoko,0,1627935515
paddu,F-Nero,2,Dai,C-Aoko,0,1627935644
paddu,F-Nero,2,Dai,C-Aoko,1,1627935840
paddu,F-Maids,0,isloudas,C-Wara,2,1627936040
paddu,F-Maids,2,isloudas,C-Wara,1,1627936188
paddu,F-Maids,2,isloudas,C-Wara,1,1627936358
paddu,F-Maids,0,isloudas,C-Wara,2,1627936470
paddu,F-Maids,0,isloudas,C-Wara,2,1627936606
paddu,C-Aoko,0,Dai,C-Aoko,2,1627937552
paddu,C-Aoko,2,Dai,C-Aoko,1,1627937705
paddu,C-Aoko,1,Dai,C-Aoko,2,1627937932
paddu,C-Roa,2,Dai,C-Aoko,0,1627938080
paddu,F-W.Len,2,isloudas,C-Wara,0,1627938239
paddu,F-W.Len,2,isloudas,C-Wara,0,1627938333
paddu,F-W.Len,2,isloudas,C-Wara,1,1627938523
paddu,F-W.Len,1,McN,C-S.Akiha,2,1627938980
paddu,F-W.Len,0,McN,C-S.Akiha,2,1627939094
paddu,F-Nero,2,McN,C-S.Akiha,0,1627939175
paddu,F-Nero,2,McN,C-S.Akiha,1,1627939310
paddu,F-Nero,2,McN,C-S.Akiha,1,1627939510
paddu,C-Warc,2,Dai,C-Aoko,0,1627939733
paddu,C-Warc,0,Dai,C-Aoko,2,1627939856
paddu,H-Nero,2,Dai,C-Aoko,1,1627940123
paddu,H-Nero,2,Dai,C-Aoko,1,1627940330
paddu,F-P.Ciel,2,isloudas,C-Wara,1,1627940591
paddu,F-P.Ciel,2,isloudas,C-Wara,1,1627940763
paddu,F-P.Ciel,1,isloudas,C-Wara,2,1627940912
paddu,C-Ries,0,isloudas,C-Wara,2,1627941030
paddu,C-Satsuki,2,isloudas,C-Wara,0,1627941166
paddu,C-Satsuki,2,McN,C-Roa,0,1627941457
paddu,C-Satsuki,2,McN,C-Roa,0,1627941598
paddu,C-Satsuki,0,Dai,C-Aoko,2,1627942064
paddu,C-Satsuki,1,Dai,C-Aoko,2,1627942319
paddu,C-Satsuki,2,Dai,C-Aoko,1,1627942545
paddu,C-Satsuki,0,Dai,C-Aoko,2,1627942689
paddu,F-Maids,2,isloudas,C-Wara,0,1628019867
paddu,F-Maids,0,isloudas,C-Wara,2,1628020009
paddu,F-Maids,2,isloudas,C-Wara,0,1628020104
paddu,F-Maids,2,isloudas,C-Wara,0,1628020218
paddu,C-Wara,0,McN,C-S.Akiha,2,1628020561
paddu,F-Hime,2,McN,C-S.Akiha,0,1628020695
paddu,F-Hime,1,McN,C-S.Akiha,2,1628020894
paddu,H-W.Len,1,isloudas,C-Wara,2,1628021764
paddu,H-W.Len,2,isloudas,C-Wara,0,1628021920
paddu,H-W.Len,0,isloudas,C-Wara,2,1628022103
paddu,H-W.Len,2,isloudas,C-Wara,0,1628022199
paddu,H-W.Len,2,isloudas,C-Wara,0,1628022335
paddu,H-Nero,2,McN,C-S.Akiha,1,1628022759
paddu,C-Nero,2,McN,C-S.Akiha,1,1628023253
paddu,C-Nero,2,McN,C-S.Akiha,0,1628023350
paddu,C-Nero,2,McN,C-S.Akiha,0,1628023473
paddu,F-Maids,2,isloudas,C-Wara,1,1628024198
paddu,F-Maids,2,isloudas,C-Wara,0,1628024270
paddu,F-Maids,1,isloudas,C-Wara,2,1628024410
paddu,F-Maids,2,isloudas,C-Wara,0,1628024545
paddu,C-Roa,2,McN,C-S.Akiha,0,1628024713
paddu,C-Roa,2,McN,C-S.Akiha,0,1628024810
paddu,C-Roa,2,McN,C-S.Akiha,0,1628024971
paddu,F-Maids,2,isloudas,C-Wara,0,1628104582
paddu,F-Maids,1,isloudas,C-Wara,2,1628104754
paddu,F-Maids,2,isloudas,C-Wara,0,1628104855
paddu,F-Maids,2,isloudas,C-Wara,0,1628104987
paddu,F-Maids,2,isloudas,C-Wara,0,1628105106
paddu,F-Maids,2,Stimoro,C-W.Len,0,1628105589
paddu,F-Maids,2,Stimoro,C-W.Len,0,1628105772
paddu,F-Maids,2,Stimoro,C-W.Len,0,1628105898
paddu,F-Maids,1,Stimoro,C-W.Len,2,1628106122
paddu,F-Maids,2,Stimoro,C-W.Len,0,1628106270
paddu,F-Maids,2,Stimoro,C-W.Len,0,1628106368
paddu,F-Maids,2,Stimoro,C-W.Len,1,1628106629
paddu,F-Maids,2,Stimoro,C-W.Len,0,1628106781
paddu,F-Maids,2,Stimoro,C-W.Len,0,1628106902
paddu,F-Maids,2,Stimoro,C-W.Len,1,1628107085
paddu,F-Maids,2,Stimoro,C-W.Len,0,1628107243
paddu,H-Nero,2,Stimoro,C-W.Len,0,1628107427
paddu,H-Nero,2,Stimoro,C-W.Len,0,1628107579
paddu,H-Nero,2,Stimoro,C-W.Len,0,1628107752
paddu,H-Nero,2,Stimoro,C-W.Len,0,1628107892
paddu,H-W.Len,2,Stimoro,C-W.Len,0,1628108052
paddu,H-W.Len,1,Stimoro,C-W.Len,2,1628108259
paddu,H-W.Len,2,Stimoro,C-W.Len,0,1628108360
paddu,H-W.Len,2,Stimoro,C-W.Len,1,1628108544
paddu,H-W.Len,1,Stimoro,C-W.Len,2,1628108715
paddu,H-W.Len,1,Stimoro,C-W.Len,2,1628108946
paddu,F-Hime,2,Stimoro,C-W.Len,0,1628109089
paddu,F-Hime,2,Stimoro,C-W.Len,0,1628109221
paddu,F-Hime,2,Stimoro,C-W.Len,1,1628109369
paddu,C-Satsuki,2,Stimoro,C-W.Len,0,1628109533
paddu,C-Satsuki,0,Stimoro,C-W.Len,2,1628109679
paddu,C-Satsuki,2,Stimoro,C-W.Len,0,1628109857
paddu,C-Satsuki,0,Stimoro,C-W.Len,2,1628110009
paddu,C-Satsuki,2,Stimoro,C-W.Len,0,1628110132
paddu,C-Nero,2,Dstands4Debil,C-Roa,0,1628123296
paddu,C-Nero,2,Dstands4Debil,C-Roa,0,1628123386
paddu,C-Nero,2,Dstands4Debil,C-Roa,0,1628123474
paddu,C-Nero,2,Dstands4Debil,C-Roa,0,1628123566
paddu,C-Nero,2,Dstands4Debil,C-Roa,0,1628123666
paddu,C-Nero,2,Draig,F-Ryougi,0,1628123818
paddu,C-Nero,2,Draig,F-Ryougi,1,1628124043
paddu,C-Nero,1,Draig,F-Ryougi,2,1628124253
paddu,C-Nero,0,Draig,F-Ryougi,2,1628124350
paddu,C-Nero,0,Draig,F-Ryougi,2,1628124498
paddu,C-Nero,1,Draig,F-Ryougi,2,1628124662
paddu,C-Nero,2,Draig,F-Ryougi,1,1628124790
paddu,C-Nero,2,Draig,F-Ryougi,0,1628124902
paddu,C-Nero,2,Draig,F-Ryougi,0,1628125003
paddu,C-Nero,0,Draig,F-Ryougi,2,1628125178
paddu,C-Nero,2,Draig,F-Ryougi,1,1628125359
paddu,C-Nero,2,Draig,F-Ryougi,0,1628125490
paddu,C-Nero,2,Draig,F-Ryougi,1,1628125633
paddu,C-Nero,0,Draig,F-Ryougi,2,1628125752
paddu,C-Nero,1,Draig,F-Ryougi,2,1628125947
paddu,C-Nero,2,Draig,F-Ryougi,1,1628126091
paddu,C-Nero,2,Draig,F-Ryougi,0,1628126177
paddu,C-Kohaku,2,agu,C-Aoko,0,1628203494
paddu,C-Kohaku,0,agu,C-Aoko,2,1628203613
paddu,C-Kohaku,2,agu,C-Aoko,1,1628203769
paddu,C-Kohaku,1,agu,C-Aoko,2,1628203972
paddu,C-Kohaku,2,agu,C-Aoko,0,1628204078
paddu,C-Kohaku,1,agu,C-Aoko,2,1628204199
paddu,C-Kohaku,1,agu,C-Aoko,2,1628204376
paddu,C-Kohaku,2,agu,C-Aoko,1,1628204599
paddu,C-Kohaku,1,agu,C-Aoko,2,1628204837
paddu,C-Nero,2,agu,C-Aoko,0,1628204946
paddu,C-Nero,2,agu,C-Aoko,0,1628205037
paddu,C-Nero,2,agu,C-Aoko,0,1628205134
paddu,C-Nero,2,agu,C-Aoko,0,1628205246
paddu,C-Nero,2,agu,C-Aoko,0,1628205398
paddu,C-Nero,2,agu,C-Aoko,0,1628205467
paddu,C-Nero,2,agu,C-Aoko,0,1628205603
paddu,C-Nero,2,agu,C-Aoko,0,1628205732
paddu,C-Nero,2,agu,C-Aoko,0,1628205834
paddu,C-Nero,2,agu,C-Aoko,0,1628205934
paddu,C-Kohaku,2,Deviance,F-Akiha,0,1628354001
paddu,C-Kohaku,2,Deviance,F-Akiha,0,1628354110
paddu,C-Kohaku,2,Deviance,F-Akiha,1,1628354320
paddu,C-Kohaku,2,Deviance,F-Akiha,0,1628354437
paddu,F-Ries,2,Deviance,F-Akiha,1,1628354620
paddu,F-Ries,2,Deviance,F-Akiha,1,1628354823
paddu,F-Ries,2,Deviance,F-Akiha,0,1628354942
paddu,F-Ries,2,Deviance,F-Akiha,0,1628354998
paddu,F-Ries,2,Deviance,F-Akiha,1,1628355225
paddu,F-Ries,2,Deviance,F-Akiha,0,1628355316
paddu,F-Ries,2,Deviance,F-Akiha,1,1628355473
paddu,F-Ries,2,Deviance,F-Akiha,1,1628355719
paddu,C-Nero,2,Deviance,F-Akiha,0,1628355864
paddu,C-Nero,2,Deviance,F-Akiha,0,1628355989
paddu,C-Nero,2,Deviance,F-Akiha,0,1628356070
paddu,C-Nero,2,Deviance,F-Akiha,0,1628356199
paddu,C-Nero,2,Deviance,F-Akiha,0,1628356327
paddu,C-Nero,2,Deviance,F-Akiha,0,1628356416
paddu,C-Nero,2,Deviance,F-Akiha,0,1628356566
paddu,C-Nero,2,Deviance,F-Akiha,0,1628356647
paddu,C-Nero,2,Deviance,F-Akiha,0,1628356765
paddu,C-Nero,2,Deviance,F-Akiha,0,1628356879
paddu,C-Nero,2,Deviance,F-Akiha,0,1628356980
paddu,C-Nero,2,Deviance,F-Akiha,0,1628357065
paddu,C-Nero,2,Deviance,F-Akiha,0,1628357172
paddu,C-Nero,2,Deviance,F-Akiha,0,1628357279
paddu,C-Nero,2,Deviance,F-Akiha,0,1628357367
paddu,C-Nero,2,Deviance,F-Akiha,0,1628357505
paddu,F-Nero,2,Deviance,F-Akiha,0,1628357643
paddu,F-Nero,2,Deviance,F-Akiha,0,1628357725
paddu,F-Nero,2,Deviance,F-Akiha,0,1628357853
paddu,F-Nero,2,Deviance,F-Akiha,0,1628357964
paddu,F-Nero,2,Deviance,F-Akiha,0,1628358065
paddu,F-Nero,2,Deviance,F-Akiha,0,1628358166
paddu,F-Nero,2,Deviance,F-Akiha,0,1628358351
paddu,F-Nero,2,Deviance,F-Akiha,0,1628358440
paddu,F-Nero,2,Deviance,F-Akiha,0,1628358526
paddu,F-Nero,2,Deviance,F-Akiha,0,1628358649
paddu,F-Nero,2,Deviance,F-Akiha,0,1628358762
paddu,F-Nero,2,Deviance,F-Akiha,0,1628358878
paddu,F-Nero,2,Deviance,F-Akiha,0,1628358996
paddu,F-Nero,2,Deviance,F-Akiha,0,1628359097
paddu,F-Nero,2,Deviance,F-Akiha,0,1628359215
paddu,F-Nero,2,Deviance,F-Akiha,0,1628359322
paddu,C-S.Akiha,2,Deviance,F-Akiha,0,1628359685
paddu,C-S.Akiha,2,Deviance,F-Akiha,0,1628359837
paddu,C-S.Akiha,2,Deviance,F-Akiha,0,1628359942
paddu,C-S.Akiha,2,Deviance,F-Akiha,1,1628360128
paddu,F-Maids,2,Deviance,F-Akiha,0,1628360271
paddu,F-Maids,1,Deviance,F-Akiha,2,1628360439
paddu,F-Maids,2,Deviance,F-Akiha,0,1628360573
paddu,F-Maids,2,Deviance,F-Akiha,1,1628360738
paddu,F-Maids,2,Deviance,F-Akiha,0,1628360835
paddu,F-Maids,2,Deviance,F-Akiha,0,1628360926
paddu,F-Maids,2,Deviance,F-Akiha,0,1628361029
paddu,F-Maids,2,Deviance,F-Akiha,0,1628361152
paddu,F-Maids,2,Deviance,F-Akiha,0,1628361277
paddu,F-Maids,2,Deviance,F-Akiha,0,1628361405
paddu,F-Maids,2,Deviance,F-Akiha,0,1628361515
paddu,C-Roa,2,Deviance,F-Akiha,0,1628361643
paddu,C-Roa,2,Deviance,F-Akiha,0,1628361761
paddu,F-Nero,2,isloudas,C-Wara,0,1628371766
paddu,F-Nero,2,isloudas,C-Wara,0,1628371871
paddu,F-Nero,2,isloudas,C-Wara,0,1628371970
paddu,F-Nero,2,isloudas,C-Wara,0,1628372054
paddu,F-Nero,2,isloudas,C-Wara,1,1628372230
paddu,F-Nero,2,isloudas,C-Wara,0,1628372307
paddu,F-Nero,2,isloudas,C-Wara,0,1628372440
paddu,F-Nero,2,isloudas,C-Wara,1,1628372595
paddu,F-Nero,2,isloudas,C-Wara,0,1628372688
paddu,F-Nero,2,isloudas,C-Wara,0,1628372805
paddu,F-Nero,2,isloudas,C-Wara,0,1628372890
paddu,F-Nero,2,isloudas,C-Wara,0,1628372961
paddu,F-Nero,2,isloudas,C-Wara,0,1628373122
paddu,F-Nero,2,isloudas,C-Wara,0,1628373223
paddu,F-Nero,2,isloudas,C-Wara,0,1628373343
paddu,F-Nero,2,isloudas,C-Wara,0,1628373455
paddu,F-Nero,2,isloudas,C-Wara,0,1628373557
paddu,F-Nero,2,isloudas,C-Wara,0,1628373663
paddu,C-Nero,2,Cat Elnuk,C-Arc,0,1628422554
paddu,C-Nero,2,Cat Elnuk,C-Arc,0,1628422701
paddu,C-Nero,2,Cat Elnuk,C-Arc,1,1628422852
paddu,C-Nero,0,Cat Elnuk,C-Arc,2,1628423000
paddu,C-Nero,1,Cat Elnuk,C-Arc,2,1628423165
paddu,C-Nero,2,Cat Elnuk,C-Arc,0,1628423282
paddu,C-Nero,2,Cat Elnuk,C-Arc,0,1628423410
paddu,C-Nero,2,Cat Elnuk,C-Arc,0,1628423532
paddu,C-Nero,2,Cat Elnuk,C-Arc,0,1628423641
paddu,C-Nero,2,Cat Elnuk,C-Arc,1,1628423831
paddu,C-Nero,0,Cat Elnuk,C-Arc,2,1628423940
paddu,C-Nero,2,Cat Elnuk,C-Arc,1,1628424118
paddu,C-Nero,2,Cat Elnuk,C-Arc,0,1628424256
paddu,C-Nero,2,Cat Elnuk,C-Arc,1,1628424408
paddu,C-Nero,2,Cat Elnuk,C-Arc,1,1628424578
paddu,C-Nero,2,Cat Elnuk,C-Arc,0,1628424719
paddu,C-Nero,2,Cat Elnuk,C-Arc,0,1628424842
paddu,C-Nero,1,Cat Elnuk,C-Arc,2,1628425001
paddu,C-Nero,2,Cat Elnuk,C-Arc,0,1628425115
paddu,C-Nero,2,Cat Elnuk,C-Arc,0,1628425261
paddu,C-Nero,2,Cat Elnuk,C-Arc,0,1628425414
paddu,C-Nero,2,Cat Elnuk,C-Arc,1,1628425598
paddu,C-Nero,2,Cat Elnuk,C-Arc,0,1628425696
paddu,C-Nero,2,Cat Elnuk,C-Arc,0,1628425818
paddu,F-Nero,2,Koval,F-Tohno,1,1628446873
paddu,C-Nero,2,Ikanistea,C-Hisui,0,1628448228
paddu,C-Nero,1,Ikanistea,C-Hisui,2,1628448432
paddu,C-Nero,2,Ikanistea,C-Hisui,0,1628448555
paddu,C-Nero,2,Draig,F-Ryougi,0,1628449215
paddu,C-Nero,0,Draig,F-Ryougi,2,1628449355
paddu,C-Nero,1,Draig,F-Ryougi,2,1628449532
paddu,H-Nero,2,Shorakyn,C-Ries,0,1628451520
paddu,H-Nero,0,Shorakyn,C-Ries,2,1628451646
paddu,C-Nero,2,Shorakyn,C-Ries,0,1628451768
paddu,C-Nero,0,Smo,C-Arc,2,1628453133
paddu,C-Nero,2,Smo,C-Arc,1,1628453302
paddu,C-Nero,2,Smo,C-Arc,1,1628453482
paddu,C-Nero,0,Draig,F-Ryougi,2,1628453788
paddu,C-Nero,0,Draig,F-Ryougi,2,1628453927
paddu,F-Nero,1,Draig,F-Ryougi,2,1628454088
paddu,C-Nero,1,Afro Viking,H-Satsuki,2,1628533513
paddu,C-Nero,2,Afro Viking,H-Satsuki,0,1628533639
paddu,C-Nero,2,Afro Viking,H-Satsuki,0,1628533767
paddu,C-Nero,2,Afro Viking,H-Satsuki,0,1628533902
paddu,C-Nero,2,Afro Viking,H-Satsuki,0,1628534025
paddu,C-Nero,2,Afro Viking,H-Satsuki,0,1628534151
paddu,C-Nero,2,Afro Viking,H-Satsuki,0,1628534257
paddu,C-Nero,2,Afro Viking,H-Satsuki,0,1628534382
paddu,C-Nero,2,Afro Viking,H-Satsuki,0,1628534471
paddu,C-Nero,2,Afro Viking,H-Satsuki,1,1628534682
paddu,C-Nero,2,Afro Viking,H-Satsuki,0,1628534814
paddu,C-Nero,0,Afro Viking,H-Satsuki,2,1628534964
paddu,C-Nero,2,Afro Viking,H-Satsuki,0,1628535068
paddu,C-Nero,1,Afro Viking,H-Satsuki,2,1628535280
paddu,C-Nero,2,Afro Viking,H-Satsuki,0,1628535383
paddu,C-Nero,2,Afro Viking,H-Satsuki,0,1628535500
paddu,C-Nero,2,Afro Viking,H-Satsuki,1,1628535662
paddu,C-Nero,1,Afro Viking,H-Satsuki,2,1628614778
paddu,C-Nero,2,Afro Viking,H-Satsuki,1,1628614925
paddu,C-Nero,2,Afro Viking,H-Satsuki,1,1628615095
paddu,C-Nero,0,Afro Viking,H-Satsuki,2,1628615191
paddu,C-Nero,2,Afro Viking,H-Satsuki,0,1628615336
paddu,C-Nero,2,Afro Viking,H-Satsuki,1,1628615542
paddu,C-Nero,2,Afro Viking,H-Satsuki,0,1628615667
paddu,C-Nero,2,Afro Viking,H-Satsuki,0,1628615771
paddu,C-Nero,2,Afro Viking,H-Satsuki,0,1628615877
paddu,C-Nero,2,Afro Viking,H-Satsuki,0,1628615972
paddu,C-Nero,2,Afro Viking,H-Satsuki,0,1628616071
paddu,C-Nero,2,Afro Viking,H-Satsuki,0,1628616154
paddu,C-Nero,2,Afro Viking,H-Satsuki,0,1628616269
paddu,C-Nero,2,Afro Viking,H-Satsuki,0,1628616388
paddu,C-Nero,2,Afro Viking,H-Satsuki,0,1628616509
paddu,C-Nero,2,Afro Viking,H-Satsuki,1,1628616694
paddu,C-Nero,2,Afro Viking,H-Satsuki,1,1628616898
paddu,C-Nero,2,Afro Viking,H-Satsuki,0,1628617040
paddu,C-Nero,2,Afro Viking,H-Satsuki,0,1628617147
paddu,F-Nero,2,Afro Viking,H-Satsuki,0,1628617237
paddu,F-Nero,2,Afro Viking,H-Satsuki,1,1628617388
paddu,F-Nero,2,Afro Viking,H-Satsuki,0,1628617507
paddu,F-Nero,2,Afro Viking,H-Satsuki,0,1628617600
paddu,F-Nero,2,Afro Viking,H-Satsuki,0,1628617727
paddu,F-Nero,2,Afro Viking,H-Satsuki,0,1628617808
paddu,F-Nero,2,Afro Viking,H-Satsuki,0,1628617913
paddu,F-Nero,2,Afro Viking,H-Satsuki,1,1628618061
paddu,F-Nero,2,Afro Viking,H-Satsuki,1,1628618216
paddu,F-Nero,2,Afro Viking,H-Satsuki,0,1628618349
paddu,F-Nero,2,Afro Viking,H-Satsuki,0,1628618476
paddu,F-Nero,2,Afro Viking,H-Satsuki,0,1628618597
paddu,F-V.Akiha,2,Afro Viking,F-Ryougi,0,1628618778
paddu,F-V.Akiha,2,Afro Viking,F-Ryougi,1,1628618912
paddu,F-V.Akiha,1,Afro Viking,F-Ryougi,2,1628619036
paddu,F-V.Akiha,2,Afro Viking,F-Ryougi,0,1628619111
paddu,F-V.Akiha,2,Afro Viking,F-Ryougi,0,1628619219
paddu,F-V.Akiha,2,Afro Viking,F-Ryougi,0,1628619330
paddu,F-Arc,2,Afro Viking,C-Hisui,1,1628619553
paddu,C-Nero,2,Smo,C-Arc,0,1628699511
paddu,C-Nero,1,Smo,C-Arc,2,1628699695
paddu,C-Nero,1,Smo,C-Arc,2,1628699882
paddu,C-Nero,2,Smo,C-Arc,1,1628700125
paddu,C-Nero,2,Smo,C-Arc,0,1628700234
paddu,C-Nero,0,Smo,C-Arc,2,1628700398
paddu,C-Nero,1,Smo,C-Arc,2,1628700557
paddu,C-Nero,0,Smo,C-Arc,2,1628700701
paddu,C-Nero,2,Smo,C-Arc,0,1628700848
paddu,C-Nero,2,Smo,C-Arc,0,1628700956
paddu,C-Nero,2,Smo,C-Arc,0,1628701076
paddu,C-Nero,2,Smo,C-Arc,1,1628701234
paddu,C-Nero,1,Smo,C-Arc,2,1628701432
paddu,C-Nero,2,Smo,C-Arc,0,1628701550
paddu,C-Nero,1,Smo,C-Arc,2,1628701722
paddu,C-Nero,0,Smo,C-Arc,2,1628701853
paddu,C-Nero,2,Smo,C-Arc,1,1628702056
paddu,C-Nero,2,Smo,C-Arc,0,1628702181
paddu,C-Nero,2,Marghny,F-V.Akiha,0,1628703453
paddu,C-Nero,2,Marghny,F-V.Akiha,0,1628703521
paddu,C-Nero,2,Marghny,F-V.Akiha,0,1628703635
paddu,C-Nero,2,Marghny,F-V.Akiha,0,1628703716
paddu,C-Nero,2,Marghny,F-V.Akiha,0,1628703803
paddu,C-Nero,2,Marghny,F-V.Akiha,0,1628703892
paddu,C-Nero,2,Marghny,F-V.Akiha,0,1628703984
paddu,C-Nero,2,Marghny,F-V.Akiha,0,1628704066
paddu,C-Nero,2,Marghny,F-V.Akiha,0,1628704144
paddu,C-Nero,2,Marghny,F-V.Akiha,0,1628704228
paddu,C-Nero,2,Sand,H-V.Sion,0,1628765443
paddu,C-Nero,2,Sand,H-V.Sion,0,1628765538
paddu,C-Nero,2,Sand,H-V.Sion,0,1628765632
paddu,C-Nero,2,Sand,H-V.Sion,0,1628765724
paddu,C-Nero,2,Sand,H-V.Sion,0,1628765812
paddu,C-Nero,2,Sand,H-V.Sion,0,1628765899
paddu,C-Nero,2,Sand,H-V.Sion,0,1628765994
paddu,C-Nero,2,Sand,H-V.Sion,0,1628766093
paddu,C-Nero,2,Sand,H-V.Sion,0,1628766168
paddu,C-Nero,2,Sand,H-V.Sion,0,1628766291
paddu,C-Nero,2,Dai,C-Aoko,1,1628766954
paddu,C-Nero,2,Dai,C-Aoko,0,1628767091
paddu,C-Nero,2,Dai,C-Aoko,0,1628767196
paddu,C-Nero,2,Dai,C-Aoko,1,1628767426
paddu,C-Nero,2,Dai,C-Aoko,0,1628767581
paddu,C-Nero,2,Alexiad,F-Hime,0,1628778671
paddu,C-Nero,2,Alexiad,F-Hime,0,1628778799
paddu,C-Nero,2,Alexiad,F-Hime,0,1628778881
paddu,C-Nero,2,Alexiad,F-Hime,0,1628778978
paddu,C-Nero,2,Alexiad,F-Hime,1,1628779172
paddu,C-Nero,2,Alexiad,F-Hime,0,1628779270
paddu,C-Nero,2,Alexiad,F-Hime,0,1628779388
paddu,C-Nero,2,Alexiad,F-Hime,0,1628779473
paddu,C-Nero,2,Alexiad,F-Hime,0,1628779588
paddu,C-Nero,2,Alexiad,F-Hime,0,1628779710
paddu,C-Nero,2,Alexiad,F-Hime,0,1628779805
paddu,C-Nero,2,Alexiad,F-Hime,0,1628779905
paddu,C-Nero,2,Alexiad,F-Hime,0,1628780022
paddu,C-Nero,2,Alexiad,F-Hime,0,1628780126
paddu,C-Nero,2,Alexiad,F-Hime,0,1628780218
paddu,C-Nero,2,Alexiad,F-Hime,0,1628780352
paddu,C-Nero,2,Alexiad,F-Hime,0,1628780490
paddu,C-Nero,2,Alexiad,F-Hime,0,1628780596
paddu,C-Nero,2,Alexiad,F-Hime,0,1628781310
paddu,C-Nero,2,Alexiad,F-Hime,0,1628781446
paddu,C-Nero,2,Alexiad,F-Hime,0,1628781551
paddu,C-Nero,2,Alexiad,F-Hime,0,1628781647
paddu,C-Nero,2,Alexiad,F-Hime,0,1628781750
paddu,C-Nero,2,Alexiad,F-Hime,0,1628781848
paddu,C-Nero,2,Alexiad,F-Hime,0,1628781962
paddu,C-Nero,2,Alexiad,F-Hime,0,1628782130
paddu,C-Nero,2,Alexiad,F-Hime,0,1628782252
paddu,C-Nero,2,Alexiad,F-Hime,0,1628782406
paddu,C-Nero,2,Alexiad,F-Hime,0,1628782529
paddu,C-Nero,2,Alexiad,F-Hime,0,1628782659
paddu,C-Nero,2,Alexiad,F-Hime,0,1628782799
paddu,C-Nero,2,Alexiad,F-Hime,0,1628783012
paddu,C-Nero,2,Mariox,C-Kohaku,1,1628786857
paddu,C-Nero,2,Mariox,C-Kohaku,0,1628786957
paddu,C-Nero,2,Mariox,C-Kohaku,0,1628787260
paddu,C-Nero,2,Mariox,C-Kohaku,0,1628787333
paddu,C-Nero,2,Mariox,C-Kohaku,0,1628787434
paddu,C-Nero,2,Mariox,C-Kohaku,0,1628787560
paddu,C-Nero,2,Mariox,C-Kohaku,0,1628787667
paddu,C-Nero,2,Mariox,C-Kohaku,1,1628787812
paddu,C-Nero,2,Mariox,C-Kohaku,0,1628787898
paddu,C-Nero,2,Deviance,F-Akiha,0,1628810086
paddu,C-Nero,2,Deviance,F-Akiha,0,1628810177
paddu,C-Nero,2,Deviance,F-Akiha,1,1628810344
paddu,C-Nero,2,Deviance,F-Akiha,0,1628810453
paddu,C-Nero,2,Deviance,F-Akiha,0,1628810566
paddu,C-Nero,2,Deviance,F-Akiha,0,1628810667
paddu,C-Nero,2,Deviance,F-Akiha,0,1628810770
paddu,C-Nero,2,Deviance,F-Akiha,0,1628810899
paddu,C-Nero,2,Deviance,F-Akiha,0,1628810990
paddu,C-Nero,2,Deviance,F-Akiha,0,1628811124
paddu,C-Nero,2,Deviance,F-Akiha,0,1628811278
paddu,C-Nero,2,Deviance,F-Akiha,0,1628811395
paddu,C-Nero,2,Deviance,F-Akiha,0,1628811517
paddu,C-Nero,2,Deviance,F-Akiha,0,1628811626
paddu,C-Nero,2,Deviance,F-Akiha,0,1628811718
paddu,C-Nero,2,Deviance,F-Akiha,0,1628811807
paddu,C-Nero,2,Deviance,F-Akiha,0,1628811929
paddu,C-Nero,2,Deviance,F-Akiha,0,1628812046
paddu,C-Nero,2,Deviance,F-Akiha,0,1628812168
paddu,C-Nero,2,Deviance,F-Akiha,0,1628812302
paddu,C-Nero,2,Deviance,F-Akiha,0,1628812458
paddu,C-Nero,2,Deviance,F-Akiha,1,1628812625
paddu,C-Nero,2,Deviance,F-Akiha,0,1628812705
paddu,C-Nero,2,Deviance,F-Akiha,0,1628812816
paddu,C-Nero,2,Deviance,F-Akiha,1,1628813004
paddu,C-Nero,2,Deviance,F-Akiha,0,1628813132
paddu,C-Nero,2,Deviance,F-Akiha,0,1628813258
paddu,C-Nero,2,Deviance,F-Akiha,0,1628813344
paddu,C-Nero,2,Deviance,F-Akiha,0,1628813450
paddu,C-Nero,2,Deviance,F-Akiha,0,1628813551
paddu,C-Nero,2,Deviance,F-Akiha,0,1628813655
paddu,C-Nero,2,Deviance,F-Akiha,0,1628813777
paddu,C-Nero,2,Deviance,F-Akiha,0,1628813899
paddu,C-Nero,2,Deviance,F-Akiha,0,1628814021
paddu,C-Nero,2,Deviance,F-Akiha,0,1628814177
paddu,C-Nero,2,Deviance,F-Akiha,0,1628814292
paddu,C-Nero,2,EWGF,F-Roa,0,1628818642
paddu,C-Nero,2,EWGF,F-Roa,0,1628818728
paddu,C-Nero,2,EWGF,F-Roa,0,1628818833
paddu,C-Nero,2,EWGF,F-Roa,0,1628818949
paddu,C-Nero,2,EWGF,F-Roa,0,1628819042
paddu,C-Nero,2,EWGF,F-Roa,0,1628819144
paddu,C-Nero,2,EWGF,F-Roa,0,1628819230
paddu,C-Nero,2,EWGF,F-Roa,0,1628819327
paddu,C-Nero,2,EWGF,F-Roa,0,1628819411
paddu,C-Nero,2,EWGF,F-Roa,0,1628819501
paddu,C-Nero,2,Sevs,F-M.Hisui,0,1628819775
paddu,C-Nero,2,Sevs,F-M.Hisui,0,1628819854
paddu,C-Nero,2,Sevs,F-M.Hisui,0,1628819967
paddu,C-Nero,2,Sevs,F-M.Hisui,0,1628820035
paddu,C-Nero,2,Sevs,F-M.Hisui,0,1628820122
paddu,C-Nero,2,Sevs,F-M.Hisui,0,1628820218
paddu,C-Nero,2,Sevs,F-M.Hisui,0,1628820323
paddu,C-Nero,2,Sevs,F-M.Hisui,0,1628820418
paddu,C-Nero,2,Sevs,F-M.Hisui,0,1628820525
paddu,C-Nero,2,Sevs,F-M.Hisui,0,1628820606
paddu,C-Nero,2,Cat Elnuk,C-Kohaku,0,1628858325
paddu,C-Nero,2,Cat Elnuk,C-Kohaku,1,1628858498
paddu,C-Nero,2,Cat Elnuk,C-Kohaku,0,1628858587
paddu,C-Nero,2,Cat Elnuk,C-Kohaku,0,1628858689
paddu,C-Nero,2,Cat Elnuk,C-Kohaku,1,1628858854
paddu,C-Nero,2,Cat Elnuk,C-Kohaku,1,1628859028
paddu,C-Nero,2,Cat Elnuk,C-Kohaku,0,1628859160
paddu,C-Nero,2,Cat Elnuk,C-Kohaku,1,1628859331
paddu,C-Nero,2,Cat Elnuk,C-Kohaku,0,1628859421
paddu,C-Nero,2,Cat Elnuk,C-Kohaku,1,1628859630
paddu,C-Nero,2,Cat Elnuk,C-Kohaku,0,1628859758
paddu,C-Nero,2,Cat Elnuk,C-Kohaku,0,1628859867
paddu,C-Nero,2,Cat Elnuk,C-Kohaku,0,1628859944
paddu,C-Nero,2,Cat Elnuk,C-Kohaku,0,1628860039
paddu,C-Nero,2,Cat Elnuk,C-Kohaku,0,1628860123
paddu,C-Nero,2,Cat Elnuk,C-Kohaku,0,1628860210
paddu,C-Nero,2,Cat Elnuk,C-Kohaku,0,1628860344
paddu,C-Nero,2,Cat Elnuk,C-Kohaku,0,1628860472
paddu,C-Nero,2,Cat Elnuk,C-Kohaku,0,1628860578
paddu,C-Nero,2,Cat Elnuk,C-Kohaku,1,1628860746
paddu,C-Nero,2,KamilTheDwarf,C-Warc,0,1628868117
paddu,C-Nero,2,KamilTheDwarf,C-Warc,0,1628868208
paddu,C-Nero,2,KamilTheDwarf,C-Warc,0,1628868315
paddu,C-Nero,2,KamilTheDwarf,C-Warc,0,1628868410
paddu,C-Nero,2,KamilTheDwarf,C-Warc,0,1628868516
paddu,C-Nero,2,KamilTheDwarf,C-Warc,0,1628868619
paddu,C-Nero,2,KamilTheDwarf,C-Warc,0,1628868701
paddu,C-Nero,2,KamilTheDwarf,C-Warc,0,1628868799
paddu,C-Nero,2,KamilTheDwarf,C-Warc,0,1628868898
paddu,C-Nero,2,KamilTheDwarf,C-Warc,0,1628868982
paddu,C-Nero,2,LockNod,F-Nero,0,1628873801
paddu,C-Nero,2,LockNod,F-Nero,0,1628873909
paddu,C-Nero,2,LockNod,F-Nero,0,1628874009
paddu,C-Nero,2,LockNod,F-Nero,0,1628874095
paddu,C-Nero,2,LockNod,F-Nero,0,1628874194
paddu,C-Nero,2,LockNod,F-Nero,0,1628874287
paddu,C-Nero,2,LockNod,F-Nero,0,1628874370
paddu,C-Nero,2,Poktamor,H-Kouma,0,1628874708
paddu,C-Nero,2,Poktamor,H-Kouma,0,1628874810
paddu,C-Nero,2,Poktamor,H-Kouma,0,1628874932
paddu,C-Nero,2,Poktamor,H-Kouma,0,1628875011
paddu,C-Nero,2,Poktamor,H-Kouma,0,1628875104
paddu,C-Nero,2,Poktamor,H-Kouma,1,1628875253
paddu,C-Nero,2,Poktamor,H-Kouma,0,1628875349
paddu,C-Nero,2,Poktamor,H-Kouma,0,1628875450
paddu,C-Nero,2,Poktamor,H-Kouma,0,1628875563
paddu,F-Ryougi,2,Draig,C-Nero,0,1628876130
paddu,F-Ryougi,2,Draig,C-Nero,1,1628876300
paddu,F-Ryougi,2,Draig,C-Nero,1,1628876464
paddu,F-Ryougi,2,Draig,C-Nero,1,1628876637
paddu,F-Ryougi,2,Draig,C-Nero,0,1628876759
paddu,C-Nero,2,Shorakyn,C-Ries,0,1628896782
paddu,C-Nero,2,Shorakyn,C-Ries,0,1628896903
paddu,C-Nero,2,Shorakyn,C-Ries,0,1628897027
paddu,C-Nero,2,Shorakyn,C-Ries,1,1628897204
paddu,C-Nero,2,Shorakyn,C-Ries,0,1628897311
paddu,C-Nero,2,Shorakyn,C-Ries,0,1628897396
paddu,C-Nero,2,Shorakyn,C-Ries,0,1628897523
paddu,C-Nero,2,Shorakyn,C-Ries,0,1628897611
paddu,C-Nero,2,Shorakyn,C-Ries,0,1628897706
paddu,C-Nero,1,Shorakyn,C-Ries,2,1628897873
paddu,C-Nero,2,Shorakyn,C-Ries,0,1628897979
paddu,C-Nero,2,Shorakyn,C-Ries,1,1628898138
paddu,C-Nero,2,Shorakyn,C-Ries,0,1628898244
paddu,C-Nero,2,Shorakyn,C-Ries,0,1628898383
paddu,C-Nero,2,Shorakyn,C-Ries,0,1628898472
paddu,C-Nero,2,Shorakyn,C-Ries,1,1628898689
paddu,C-Nero,2,Shorakyn,C-Ries,0,1628898838
paddu,C-Nero,2,Shorakyn,C-Ries,0,1628898918
paddu,C-Nero,2,Shorakyn,C-Ries,1,1628899051
paddu,C-Nero,2,Shorakyn,C-Ries,1,1628899218
paddu,C-Nero,2,Shorakyn,C-Ries,1,1628899377
paddu,C-Nero,2,Shorakyn,C-Ries,0,1628899453
paddu,C-Nero,2,Shorakyn,C-Ries,1,1628899668
paddu,C-Nero,0,Shorakyn,C-Ries,2,1628899830
paddu,C-Nero,2,Shorakyn,C-Ries,0,1628899941
paddu,C-Nero,2,Shorakyn,C-Ries,1,1628900114
paddu,C-Nero,2,Shorakyn,C-Ries,0,1628900215
paddu,C-Nero,2,Shorakyn,C-Ries,1,1628900384
paddu,C-Nero,2,Shorakyn,C-Ries,0,1628900505
paddu,C-Nero,2,Shorakyn,C-Ries,0,1628900649
paddu,C-Nero,2,Shorakyn,C-Ries,0,1628900752
paddu,C-Nero,2,Shorakyn,C-Ries,0,1628900876
paddu,C-Nero,2,mikotozakkuh,C-Warc,0,1628961046
paddu,C-Nero,2,mikotozakkuh,C-Warc,0,1628961141
paddu,C-Nero,2,mikotozakkuh,C-Warc,0,1628961248
paddu,C-Nero,2,mikotozakkuh,C-Warc,0,1628961334
paddu,C-Nero,2,mikotozakkuh,C-Warc,0,1628961420
paddu,C-Nero,2,mikotozakkuh,C-Warc,0,1628961520
paddu,C-Nero,2,mikotozakkuh,C-Warc,0,1628961655
paddu,C-Nero,2,mikotozakkuh,C-Warc,0,1628961768
paddu,C-Nero,2,mikotozakkuh,C-Warc,0,1628961867
paddu,C-Nero,2,mikotozakkuh,C-Warc,0,1628961973
paddu,C-Nero,2,Milord's Servant,F-Ryougi,0,1628965869
paddu,C-Nero,2,Milord's Servant,F-Ryougi,0,1628965981
paddu,C-Nero,2,Milord's Servant,F-Ryougi,0,1628966053
paddu,C-Nero,2,Milord's Servant,F-Ryougi,0,1628966154
paddu,C-Nero,2,Milord's Servant,F-Ryougi,0,1628966223
paddu,C-Nero,2,Milord's Servant,F-Ryougi,0,1628966308
paddu,C-Nero,2,Milord's Servant,F-Ryougi,0,1628966419
paddu,C-Nero,2,Milord's Servant,F-Ryougi,0,1628966533
paddu,C-Nero,2,Milord's Servant,F-Ryougi,0,1628966630
paddu,C-Nero,2,Milord's Servant,F-Ryougi,0,1628966709
paddu,F-Nero,2,Deviance,F-Akiha,1,1629074641
paddu,F-Nero,2,Deviance,F-Akiha,0,1629074742
paddu,F-Nero,0,Deviance,F-Akiha,2,1629074869
paddu,F-Nero,2,Deviance,F-Akiha,0,1629074957
paddu,F-Nero,1,Deviance,F-Akiha,2,1629075144
paddu,F-Nero,2,Deviance,F-Akiha,0,1629075260
paddu,F-Nero,2,Deviance,F-Akiha,0,1629075365
paddu,F-Nero,1,Deviance,F-Akiha,2,1629075521
paddu,F-Nero,2,Deviance,F-Akiha,1,1629075699
paddu,F-Nero,2,Deviance,F-Akiha,0,1629075816
paddu,F-Nero,2,Deviance,F-Akiha,0,1629075926
paddu,F-Nero,2,Deviance,F-Akiha,0,1629076039
paddu,F-Nero,2,Deviance,F-Akiha,0,1629076180
paddu,C-Nero,2,Deviance,F-Akiha,0,1629076294
paddu,C-Nero,2,Stimoro,C-W.Len,0,1629146737
paddu,C-Nero,2,Stimoro,C-W.Len,0,1629146884
paddu,C-Nero,2,Stimoro,C-W.Len,0,1629147032
paddu,C-Nero,2,Stimoro,C-W.Len,0,1629147135
paddu,C-Nero,2,Stimoro,C-W.Len,1,1629147304
paddu,C-Nero,0,Stimoro,C-W.Len,2,1629147512
paddu,C-Nero,2,Stimoro,C-W.Len,1,1629147663
paddu,C-Nero,2,Stimoro,C-W.Len,0,1629147800
paddu,C-Nero,2,Stimoro,C-W.Len,0,1629147937
paddu,C-Nero,2,Stimoro,C-W.Len,0,1629148083
paddu,C-Nero,2,Stimoro,C-W.Len,0,1629148194
paddu,C-Nero,2,Stimoro,C-W.Len,0,1629148280
paddu,C-Nero,2,Stimoro,C-W.Len,0,1629148406
paddu,C-Nero,2,Stimoro,C-W.Len,0,1629148585
paddu,C-Nero,2,Stimoro,C-W.Len,0,1629148706
paddu,C-Nero,2,Stimoro,C-W.Len,0,1629148871
paddu,C-Nero,2,Stimoro,C-W.Len,0,1629148946
paddu,C-Nero,2,Stimoro,C-W.Len,0,1629149055
paddu,C-Nero,2,Stimoro,C-W.Len,0,1629149179
paddu,C-Nero,2,Stimoro,C-W.Len,0,1629149351
paddu,C-Nero,2,Stimoro,C-W.Len,0,1629149495
paddu,C-Nero,2,Stimoro,C-W.Len,1,1629149701
paddu,C-Nero,2,Stimoro,C-W.Len,0,1629149824
paddu,C-Nero,2,Stimoro,C-W.Len,0,1629149962
paddu,C-Nero,2,Stimoro,C-W.Len,0,1629150121
paddu,C-Nero,2,Stimoro,C-W.Len,0,1629150220
paddu,C-Nero,2,Stimoro,C-W.Len,0,1629150318
paddu,C-Nero,2,Stimoro,C-W.Len,0,1629150450
paddu,C-Nero,2,Stimoro,C-W.Len,1,1629150691
paddu,C-Nero,2,Stimoro,C-W.Len,1,1629150847
paddu,C-Nero,2,Stimoro,C-W.Len,0,1629151011
paddu,C-Nero,2,KymPrecision,C-Nero,0,1629305145
paddu,C-Nero,2,KymPrecision,C-Nero,0,1629305268
paddu,C-Nero,2,KymPrecision,C-Nero,0,1629305428
paddu,C-Nero,2,KymPrecision,C-Nero,0,1629305579
paddu,C-Nero,2,KymPrecision,C-Nero,0,1629305669
paddu,C-Nero,2,KymPrecision,C-Nero,0,1629305782
paddu,C-Nero,2,KymPrecision,C-Nero,0,1629305898
paddu,C-Nero,2,KymPrecision,C-Nero,0,1629306018
paddu,C-Nero,2,KymPrecision,C-Nero,0,1629306106
paddu,C-Nero,2,KymPrecision,C-Nero,0,1629306214
paddu,C-Nero,2,KymPrecision,C-Nero,0,1629306360
paddu,C-Nero,2,KymPrecision,C-Nero,0,1629306477
paddu,C-Nero,2,KymPrecision,C-Nero,0,1629306573
paddu,C-Nero,2,KymPrecision,C-Nero,0,1629306660
paddu,C-Nero,2,KymPrecision,C-Nero,0,1629306753
paddu,C-Nero,2,KymPrecision,C-Nero,0,1629306857
paddu,C-Nero,2,KymPrecision,C-Nero,0,1629307008
paddu,C-Nero,2,KymPrecision,C-Nero,0,1629307098
paddu,C-Nero,2,KymPrecision,C-Nero,0,1629307176
paddu,C-Nero,2,KymPrecision,C-Nero,0,1629307306
paddu,C-Nero,2,KymPrecision,C-Nero,0,1629307436
paddu,C-Nero,2,KymPrecision,C-Nero,0,1629307516
paddu,C-Nero,2,KymPrecision,C-Nero,1,1629307723
paddu,C-Nero,2,KymPrecision,C-Nero,0,1629307821
paddu,C-Nero,2,KymPrecision,C-Nero,0,1629307916
paddu,C-Nero,2,KymPrecision,C-Nero,0,1629307992
paddu,C-Nero,2,KymPrecision,C-Nero,0,1629308138
paddu,C-Nero,2,KymPrecision,C-Nero,0,1629308275
paddu,C-Nero,2,KymPrecision,C-Nero,0,1629308385
paddu,C-Nero,2,KymPrecision,C-Nero,0,1629308505
paddu,C-Nero,2,KymPrecision,C-Nero,0,1629308620
paddu,C-Kouma,2,KymPrecision,C-Nero,0,1629308744
paddu,C-Kouma,2,KymPrecision,C-Nero,1,1629308943
paddu,C-Kouma,2,KymPrecision,C-Nero,0,1629309033
paddu,C-Kouma,2,KymPrecision,C-Nero,0,1629309171
paddu,C-Kouma,2,KymPrecision,C-Nero,0,1629309298
paddu,C-Kouma,2,KymPrecision,C-Nero,1,1629309463
paddu,C-Kouma,2,KymPrecision,C-Nero,1,1629309654
paddu,C-Kouma,0,KymPrecision,C-Nero,2,1629309797
paddu,C-Kouma,1,KymPrecision,C-Nero,2,1629310006
paddu,C-Kouma,2,KymPrecision,C-Nero,0,1629310116
paddu,C-Kouma,2,KymPrecision,C-Nero,1,1629310309
paddu,C-Kouma,2,KymPrecision,C-Nero,0,1629310407
paddu,C-Kouma,2,KymPrecision,C-Nero,1,1629310617
paddu,C-Kouma,2,KymPrecision,C-Nero,1,1629310787
paddu,C-Kouma,2,KymPrecision,C-Nero,0,1629310930
paddu,C-Kouma,2,KymPrecision,C-Nero,0,1629311046
paddu,C-Kouma,2,KymPrecision,C-Nero,1,1629311232
paddu,C-Kouma,2,KymPrecision,C-Nero,1,1629311429
paddu,C-Nero,2,Tiramisu,C-Ries,0,1629402820
paddu,C-Nero,2,Tiramisu,C-Ries,0,1629402914
paddu,C-Nero,2,Tiramisu,F-Ries,0,1629403033
paddu,C-Nero,2,Tiramisu,F-Ries,0,1629403125
paddu,C-Nero,2,Tiramisu,F-Ries,0,1629403228
paddu,C-Nero,2,Tiramisu,F-Ries,1,1629403393
paddu,C-Nero,2,Tiramisu,F-Ries,0,1629403483
paddu,C-Nero,0,Draig,F-Ryougi,2,1629485430
paddu,C-Nero,0,Draig,F-Ryougi,2,1629485529
paddu,C-Nero,1,Draig,F-Ryougi,2,1629485700
paddu,C-Nero,1,Draig,F-Ryougi,2,1629485889
paddu,C-Nero,2,Simperheve,F-Hime,1,1629489082
paddu,C-Nero,2,Simperheve,F-Hime,0,1629489200
paddu,C-Nero,2,Simperheve,F-Hime,0,1629489277
paddu,C-Nero,2,Simperheve,F-Hime,0,1629489399
paddu,C-Nero,2,Simperheve,F-Hime,0,1629489525
paddu,C-Nero,2,Simperheve,F-Hime,0,1629489635
paddu,C-Nero,2,Simperheve,F-Hime,0,1629489713
paddu,C-Nero,2,Simperheve,F-Hime,0,1629489795
paddu,C-Nero,2,Simperheve,F-Hime,0,1629489900
paddu,C-Nero,2,Simperheve,F-Hime,0,1629489981
paddu,C-Nero,2,Simperheve,F-Hime,0,1629490071
paddu,C-Nero,2,Simperheve,F-Hime,1,1629490229
paddu,C-Nero,2,Simperheve,F-Hime,0,1629490304
paddu,C-Nero,2,Simperheve,F-Hime,0,1629490394
paddu,C-Nero,2,Simperheve,F-Hime,0,1629490521
paddu,C-Nero,2,Simperheve,F-Hime,0,1629490637
paddu,C-Nero,2,Simperheve,F-Hime,0,1629490718
paddu,C-Nero,2,Simperheve,F-Hime,1,1629490859
paddu,C-Nero,2,Simperheve,F-Hime,0,1629490936
paddu,C-Nero,2,Simperheve,F-Hime,0,1629491023
paddu,C-Nero,2,Simperheve,F-Hime,1,1629491187
paddu,C-Nero,2,Simperheve,F-Hime,0,1629491273
paddu,C-Nero,2,Simperheve,F-Hime,1,1629491402
paddu,C-Nero,2,Simperheve,F-Hime,0,1629491502
paddu,C-Nero,2,Simperheve,F-Hime,0,1629491580
paddu,C-Nero,2,Simperheve,F-Hime,1,1629491729
paddu,C-Kouma,2,Simperheve,F-Hime,1,1629491886
paddu,C-Kouma,2,Simperheve,F-Hime,0,1629491970
paddu,C-Kouma,2,Simperheve,F-Hime,1,1629492108
paddu,C-Kouma,2,Simperheve,F-Hime,1,1629492252
paddu,C-Kouma,2,Simperheve,F-Hime,1,1629492418
paddu,C-Kouma,2,Simperheve,F-Hime,0,1629492480
paddu,C-Kouma,2,Simperheve,F-Hime,1,1629492630
paddu,C-Kouma,2,Simperheve,F-Hime,0,1629492732
paddu,C-Kouma,2,Simperheve,F-Hime,1,1629492894
paddu,C-Kouma,2,Simperheve,F-Hime,1,1629493085
paddu,C-Kouma,2,Simperheve,F-Hime,0,1629493168
paddu,C-Kouma,2,Simperheve,F-Hime,0,1629493259
paddu,C-Kouma,2,Simperheve,F-Hime,0,1629493383
paddu,C-Nero,0,cc.,H-Akiha,2,1629553122
paddu,C-Nero,0,cc.,H-Akiha,2,1629553226
paddu,C-Nero,0,cc.,H-Akiha,2,1629553350
paddu,C-Nero,2,cc.,H-Akiha,0,1629553484
paddu,C-Nero,1,cc.,H-Akiha,2,1629553738
paddu,C-Nero,2,cc.,H-Akiha,0,1629553856
paddu,C-Nero,2,cc.,H-Akiha,1,1629554044
paddu,C-Nero,1,cc.,H-Akiha,2,1629554229
paddu,C-Nero,0,cc.,H-Akiha,2,1629554327
paddu,C-Nero,2,cc.,H-Akiha,0,1629554410
paddu,C-Nero,0,cc.,H-Akiha,2,1629554519
paddu,C-Nero,0,cc.,H-Akiha,2,1629554653
paddu,C-Nero,0,cc.,H-Akiha,2,1629554797
paddu,C-Nero,1,cc.,H-Akiha,2,1629554996
paddu,C-Nero,2,cc.,H-Akiha,0,1629555163
paddu,H-Nero,0,cc.,C-P.Ciel,2,1629555280
paddu,H-Nero,0,cc.,C-P.Ciel,2,1629555387
paddu,C-Aoko,0,cc.,C-P.Ciel,2,1629555560
paddu,C-Aoko,0,cc.,C-P.Ciel,2,1629555674
paddu,C-Aoko,1,cc.,C-P.Ciel,2,1629555825
paddu,C-Aoko,1,cc.,C-P.Ciel,2,1629556009
paddu,F-P.Ciel,2,cc.,C-P.Ciel,1,1629556240
paddu,C-Hisui,1,cc.,C-Hisui,2,1629556430
paddu,C-Hisui,0,cc.,C-Hisui,2,1629556549
paddu,F-Maids,0,cc.,C-Hisui,2,1629556714
paddu,F-Maids,1,cc.,C-Hisui,2,1629556928
paddu,F-Maids,0,cc.,C-Hisui,2,1629557044
paddu,F-Maids,1,cc.,C-Hisui,2,1629557247
paddu,F-V.Akiha,1,cc.,C-S.Akiha,2,1629557449
paddu,F-V.Akiha,0,cc.,C-S.Akiha,2,1629557564
paddu,F-V.Akiha,0,cc.,C-S.Akiha,2,1629557684
paddu,C-Wara,1,cc.,H-Arc,2,1629557900
paddu,C-Wara,0,cc.,H-Arc,2,1629557986
paddu,C-Nero,2,charge blade player,C-Kouma,1,1629564188
paddu,C-Nero,1,charge blade player,C-Kouma,2,1629564310
paddu,C-Nero,2,charge blade player,C-Kouma,1,1629564460
paddu,C-Nero,2,Kaz,C-S.Akiha,0,1629565048
paddu,C-Nero,2,Kaz,C-S.Akiha,0,1629565157
paddu,C-Nero,2,Au: Verity,C-Kohaku,0,1629565372
paddu,C-Nero,2,Au: Verity,C-Kohaku,0,1629565450
paddu,C-Nero,1,Smo,C-Arc,2,1629566922
paddu,C-Nero,1,Smo,C-Arc,2,1629567129
paddu,C-Nero,2,M-AS,F-Hime,0,1629569727
paddu,C-Nero,0,OnionLust,H-Satsuki,2,1629570645
paddu,C-Nero,0,Nightmare in a Damaged Brain,C-Nero,2,1629577365
paddu,C-Nero,0,Nightmare in a Damaged Brain,C-Nero,2,1629577512
paddu,C-Nero,2,Nightmare in a Damaged Brain,C-Nero,1,1629577770
paddu,C-Nero,0,Nightmare in a Damaged Brain,C-Nero,2,1629577895
paddu,C-Nero,2,Nightmare in a Damaged Brain,C-Nero,1,1629578067
paddu,C-Nero,0,Nightmare in a Damaged Brain,C-Nero,2,1629578169
paddu,C-Nero,0,Nightmare in a Damaged Brain,C-Nero,2,1629578325
paddu,C-Aoko,0,Nightmare in a Damaged Brain,C-Nero,2,1629578565
paddu,C-Aoko,0,Nightmare in a Damaged Brain,C-Nero,2,1629578666
paddu,C-Aoko,0,Nightmare in a Damaged Brain,C-Nero,2,1629578818
paddu,C-Aoko,0,Nightmare in a Damaged Brain,C-Nero,2,1629578925
paddu,C-Aoko,0,Nightmare in a Damaged Brain,C-Nero,2,1629579030
paddu,C-Wara,0,Nightmare in a Damaged Brain,C-Nero,2,1629579207
paddu,C-Wara,0,Nightmare in a Damaged Brain,C-Nero,2,1629579312
paddu,C-Wara,0,Nightmare in a Damaged Brain,C-Nero,2,1629579404
paddu,C-Wara,1,Nightmare in a Damaged Brain,C-Nero,2,1629579630
paddu,C-Wara,0,Nightmare in a Damaged Brain,C-Nero,2,1629579767
paddu,C-Arc,0,Nightmare in a Damaged Brain,C-Nero,2,1629579889
paddu,C-Arc,1,Nightmare in a Damaged Brain,C-Nero,2,1629580127
paddu,C-Nero,1,Nightmare in a Damaged Brain,C-Wara,2,1629580349
paddu,C-Nero,2,Nightmare in a Damaged Brain,C-Wara,0,1629580446
paddu,C-Nero,2,Nightmare in a Damaged Brain,C-Wara,1,1629580609
paddu,C-Nero,2,Nightmare in a Damaged Brain,C-Wara,0,1629580750
paddu,C-Nero,2,Nightmare in a Damaged Brain,C-Wara,1,1629580965
paddu,C-Nero,0,Nightmare in a Damaged Brain,C-Wara,2,1629581086
paddu,C-Nero,2,Nightmare in a Damaged Brain,C-Wara,0,1629581193
paddu,C-Nero,2,Nightmare in a Damaged Brain,H-Nanaya,0,1629581379
paddu,C-Nero,2,Nightmare in a Damaged Brain,H-Nanaya,0,1629581503
paddu,C-Nero,2,Nightmare in a Damaged Brain,H-Nanaya,0,1629581609
paddu,C-Nero,2,Nightmare in a Damaged Brain,H-Nanaya,1,1629581793
paddu,C-Nero,1,Nightmare in a Damaged Brain,H-Nanaya,2,1629581968
paddu,C-Nero,2,Nightmare in a Damaged Brain,H-Nanaya,0,1629582077
paddu,F-Nanaya,1,Deviance,F-Akiha,2,1629590476
paddu,F-Nanaya,2,Deviance,F-Akiha,0,1629590622
paddu,F-Nanaya,2,Deviance,F-Akiha,1,1629590757
paddu,F-Nanaya,2,Deviance,F-Akiha,0,1629590853
paddu,F-Nanaya,1,Deviance,F-Akiha,2,1629591008
paddu,F-Nanaya,2,Deviance,F-Akiha,0,1629591132
paddu,F-Nanaya,0,Deviance,F-Akiha,2,1629591282
paddu,F-Nanaya,2,Deviance,F-Akiha,0,1629591396
paddu,H-Len,2,Deviance,F-Akiha,1,1629591617
paddu,H-Len,1,Deviance,F-Akiha,2,1629591790
paddu,H-Len,2,Deviance,F-Akiha,0,1629591912
paddu,H-Len,2,Deviance,F-Akiha,1,1629592047
paddu,H-Len,2,Deviance,F-Akiha,1,1629592318
paddu,H-Len,2,Deviance,F-Akiha,0,1629592414
paddu,C-Akiha,2,Deviance,F-Akiha,1,1629592670
paddu,C-Akiha,2,Deviance,F-Akiha,1,1629592886
paddu,C-Akiha,2,Deviance,F-Akiha,0,1629593044
paddu,C-Nero,1,Draig,F-Ryougi,2,1629643362
paddu,C-Nero,2,Draig,F-Ryougi,0,1629643473
paddu,C-Nero,0,Draig,F-Ryougi,2,1629643602
paddu,C-Nero,1,Draig,F-Ryougi,2,1629643799
paddu,C-Nero,2,Draig,F-Ryougi,1,1629643976
paddu,C-Nero,2,Draig,F-Ryougi,0,1629644055
paddu,C-Nero,1,Draig,F-Ryougi,2,1629644267
paddu,C-Nero,0,Draig,F-Ryougi,2,1629644395
paddu,C-Nero,0,Draig,F-Ryougi,2,1629644518
paddu,C-Nero,2,Draig,F-Ryougi,0,1629644627
paddu,C-Nero,2,Draig,F-Ryougi,0,1629644746
paddu,C-Nero,2,Draig,F-Ryougi,1,1629644924
paddu,C-Nero,2,Draig,F-Ryougi,0,1629644998
paddu,C-Nero,2,Draig,F-Ryougi,0,1629645087
paddu,C-Nero,2,Draig,F-Ryougi,1,1629645244
paddu,C-Nero,2,Draig,F-Ryougi,0,1629645333
paddu,H-Nero,2,Draig,F-Kohaku,0,1629645492
paddu,F-Nanaya,1,Draig,F-Kohaku,2,1629645701
paddu,F-Nanaya,1,Draig,F-Kohaku,2,1629645805
paddu,F-Nanaya,0,Draig,F-Kohaku,2,1629645927
paddu,C-Kohaku,2,Draig,F-Kohaku,1,1629646104
paddu,C-Kohaku,0,Draig,F-Kohaku,2,1629646211
paddu,C-Kohaku,0,Draig,F-Kohaku,2,1629646334
paddu,C-Kohaku,1,Draig,F-Kohaku,2,1629646496
paddu,C-Kohaku,1,Draig,F-Kohaku,2,1629646663
paddu,C-Kohaku,2,Draig,F-Kohaku,1,1629646838
paddu,C-Arc,1,Draig,F-Kohaku,2,1629646981
paddu,C-Arc,2,Draig,F-Kohaku,0,1629647114
paddu,F-Arc,2,Draig,F-Kohaku,1,1629647262
paddu,F-Arc,2,Draig,F-Kohaku,1,1629647392
paddu,F-Arc,0,Draig,F-Kohaku,2,1629647499
paddu,F-Arc,1,Draig,F-Kohaku,2,1629647656
paddu,F-Arc,2,Draig,F-Kohaku,1,1629647853
paddu,F-Arc,0,Draig,F-Kohaku,2,1629647956
paddu,C-Nero,2,Milord's Servant,F-Ryougi,0,1629656350
paddu,C-Nero,2,Milord's Servant,F-Ryougi,0,1629656421
paddu,C-Nero,2,Shorakyn,C-Nanaya,0,1629658904
paddu,C-Nero,2,Shorakyn,C-Nanaya,0,1629659002
paddu,C-Nero,2,Nightmare in a Damaged Brain,C-Nero,0,1629661350
paddu,C-Nero,0,Nightmare in a Damaged Brain,C-Nero,2,1629661493
paddu,C-Nero,0,Nightmare in a Damaged Brain,C-Nero,2,1629661661
paddu,C-Nero,2,Berschko,C-Hisui,1,1629663134
paddu,C-Nero,2,Berschko,C-Hisui,0,1629663228
paddu,C-Nero,2,Draig,F-Ryougi,1,1629664885
paddu,C-Nero,0,Draig,F-Ryougi,2,1629665055
paddu,C-Nero,0,Draig,F-Ryougi,2,1629665195
paddu,C-Nero,2,nana,F-Nero,0,1629725680
paddu,C-Nero,2,nana,F-Nero,0,1629725827
paddu,C-Nero,2,nana,F-Nero,0,1629725918
paddu,C-Nero,2,nana,F-Nero,1,1629726115
paddu,C-Nero,2,nana,F-Nero,0,1629726289
paddu,C-Nero,0,nana,F-Nero,2,1629726401
paddu,C-Nero,1,nana,F-Nero,2,1629726580
paddu,C-Nero,0,nana,F-Nero,2,1629726667
paddu,C-Nero,2,nana,F-Nero,0,1629726773
paddu,C-Nero,0,nana,F-Nero,2,1629726906
paddu,C-Nero,2,nana,F-Nero,0,1629727041
paddu,C-Nero,2,nana,F-Nero,0,1629727202
paddu,C-Nero,2,nana,F-Nero,0,1629727321
paddu,C-Nero,2,nana,F-Nero,1,1629727496
paddu,C-Wara,2,KymPrecision,C-Wara,0,1629739595
paddu,C-Wara,2,KymPrecision,C-Wara,0,1629739692
paddu,C-Wara,2,KymPrecision,C-Wara,0,1629739793
paddu,C-Wara,0,KymPrecision,C-Wara,2,1629739914
paddu,C-Wara,2,KymPrecision,C-Wara,1,1629740063
paddu,C-Wara,1,KymPrecision,C-Wara,2,1629740265
paddu,C-Wara,2,KymPrecision,C-Wara,1,1629740416
paddu,C-Nero,2,KymPrecision,C-Wara,0,1629740524
paddu,C-Nero,2,KymPrecision,C-Wara,0,1629740602
paddu,C-Nero,2,KymPrecision,C-Wara,0,1629740718
paddu,C-Nero,2,KymPrecision,C-Wara,0,1629740829
paddu,C-Nero,2,KymPrecision,C-Wara,0,1629740922
paddu,C-Nero,2,KymPrecision,C-Wara,0,1629741041
paddu,C-V.Akiha,2,KymPrecision,C-Wara,1,1629741225
paddu,C-V.Akiha,0,KymPrecision,C-Wara,2,1629741344
paddu,C-V.Akiha,2,KymPrecision,C-Wara,1,1629741552
paddu,F-Arc,2,KymPrecision,C-Wara,1,1629741707
paddu,F-Arc,2,KymPrecision,C-Wara,0,1629741812
paddu,F-Arc,2,KymPrecision,C-Wara,1,1629741959
paddu,F-Arc,2,KymPrecision,C-Wara,0,1629742025
paddu,F-Arc,2,KymPrecision,C-Wara,1,1629742206
paddu,F-Arc,2,KymPrecision,C-Wara,1,1629742354
paddu,F-Arc,2,KymPrecision,C-Wara,0,1629742440
paddu,F-Arc,2,KymPrecision,C-Wara,1,1629742601
paddu,F-Arc,2,KymPrecision,C-Wara,1,1629742741
paddu,F-Arc,1,Magemo,C-Hime,2,1629744399
paddu,F-Arc,2,Magemo,C-Hime,0,1629744475
paddu,F-Arc,2,Magemo,C-Hime,1,1629744685
paddu,F-Arc,2,Magemo,C-Hime,0,1629744791
paddu,F-Arc,2,Magemo,C-Hime,1,1629744917
paddu,F-Arc,2,Magemo,C-Hime,0,1629745053
paddu,F-Arc,0,Magemo,C-Hime,2,1629745157
paddu,F-Arc,2,Magemo,C-Hime,0,1629745259
paddu,F-Arc,2,Magemo,C-Hime,0,1629745383
paddu,F-Arc,2,Magemo,C-Hime,1,1629745543
paddu,F-Arc,0,Magemo,C-Hime,2,1629745650
paddu,F-Arc,2,Magemo,C-Hime,0,1629745744
paddu,F-Arc,2,Magemo,C-Hime,0,1629745845
paddu,C-Nero,2,Shorakyn,C-Ries,0,1629749296
paddu,C-Nero,2,Shorakyn,C-Ries,0,1629749415
paddu,C-Nero,1,Shorakyn,C-Ries,2,1629749601
paddu,C-Nero,2,Shorakyn,C-Ries,1,1629749785
paddu,C-Nero,2,Shorakyn,C-Ries,0,1629749893
paddu,C-Nero,2,Shorakyn,C-Ries,0,1629750009
paddu,C-Nero,2,Shorakyn,C-Ries,0,1629750142
paddu,C-Nero,1,Shorakyn,C-Ries,2,1629750331
paddu,C-Nero,2,Shorakyn,C-Ries,1,1629750471
paddu,C-Nero,2,Shorakyn,C-Ries,1,1629750664
paddu,C-Nero,2,Shorakyn,C-Ries,0,1629750796
paddu,C-Nero,2,Shorakyn,C-Ries,1,1629750975
paddu,F-Arc,2,Hatsune Miku fan,C-Akiha,1,1629762809
paddu,F-Arc,2,Hatsune Miku fan,C-Akiha,0,1629762942
paddu,F-Arc,2,Hatsune Miku fan,C-Akiha,0,1629763056
paddu,F-Arc,2,Hatsune Miku fan,C-Akiha,0,1629763212
paddu,F-Arc,2,Hatsune Miku fan,C-Akiha,0,1629763308
paddu,F-Arc,2,Hatsune Miku fan,C-Akiha,0,1629763422
paddu,F-Arc,2,Hatsune Miku fan,C-Akiha,0,1629763561
paddu,C-Nero,2,Durke,C-S.Akiha,0,1629826170
paddu,C-Nero,2,Durke,C-S.Akiha,0,1629826242
paddu,C-Nero,2,Durke,H-Satsuki,0,1629826352
paddu,C-Nero,2,Durke,H-Satsuki,0,1629826454
paddu,C-Nero,2,Durke,H-Satsuki,0,1629826541
paddu,C-Nero,0,Nightmare in a Damaged Brain,C-Nero,2,1629828480
paddu,C-Nero,1,Nightmare in a Damaged Brain,C-Nero,2,1629828695
paddu,C-Nero,2,Nightmare in a Damaged Brain,C-Nero,0,1629828787
paddu,C-Nero,2,Nightmare in a Damaged Brain,C-Nero,0,1629828964
paddu,C-Nero,2,Nightmare in a Damaged Brain,C-Nero,0,1629829075
paddu,C-Nero,2,Nightmare in a Damaged Brain,C-Nero,0,1629829244
paddu,C-Nero,2,Nightmare in a Damaged Brain,C-Nero,0,1629829425
paddu,C-Nero,2,Nightmare in a Damaged Brain,C-Nero,0,1629829603
paddu,C-Nero,1,Nightmare in a Damaged Brain,C-Nero,2,1629829791
paddu,C-Nero,2,Nightmare in a Damaged Brain,C-Nero,0,1629829911
paddu,C-Nero,0,Nightmare in a Damaged Brain,C-Nero,2,1629830036
paddu,C-Nero,2,Nightmare in a Damaged Brain,C-Nero,1,1629830258
paddu,C-Nero,0,Nightmare in a Damaged Brain,C-Nero,2,1629830406
paddu,C-Nero,2,Nightmare in a Damaged Brain,C-Nero,0,1629830543
paddu,C-Nero,2,Nightmare in a Damaged Brain,C-Nero,0,1629830705
paddu,C-Nero,2,Leapfrog,C-Satsuki,0,1629831564
paddu,C-Nero,2,Leapfrog,C-Satsuki,0,1629831636
paddu,C-Nero,2,Leapfrog,C-Satsuki,0,1629831722
paddu,C-Nero,2,Leapfrog,C-Satsuki,0,1629831807
paddu,C-Nero,2,Leapfrog,C-Satsuki,0,1629831881
paddu,C-Nero,2,Leapfrog,C-Satsuki,0,1629831968
paddu,C-Nero,2,Leapfrog,C-Satsuki,0,1629832075
paddu,C-Nero,2,Leapfrog,C-Satsuki,0,1629832158
paddu,C-Nero,2,Leapfrog,C-Satsuki,0,1629832233
paddu,C-Nero,2,Leapfrog,C-Satsuki,0,1629832338
paddu,C-Nero,2,Leapfrog,C-Satsuki,0,1629832432
paddu,C-Nero,1,cc.,H-Akiha,2,1629837765
paddu,C-Nero,0,cc.,H-Akiha,2,1629837891
paddu,C-Nero,1,cc.,H-Akiha,2,1629838042
paddu,C-Nero,2,cc.,H-Akiha,0,1629838173
paddu,C-Nero,0,cc.,H-Akiha,2,1629838283
paddu,C-Nero,0,cc.,H-Akiha,2,1629838382
paddu,F-Arc,0,Draig,F-Kohaku,2,1629838727
paddu,F-Arc,0,Draig,F-Kohaku,2,1629838844
paddu,F-Arc,0,Draig,F-Kohaku,2,1629838926
paddu,F-Arc,1,Draig,F-Kohaku,2,1629839057
paddu,F-Arc,2,Draig,F-Kohaku,0,1629839155
paddu,F-Arc,0,Draig,F-Kohaku,2,1629839281
paddu,F-Arc,1,Draig,F-Kohaku,2,1629839429
paddu,F-Arc,1,Draig,F-Kohaku,2,1629839582
paddu,F-Arc,2,Draig,F-Kohaku,0,1629839679
paddu,F-Arc,1,Draig,F-Kohaku,2,1629839843
paddu,F-Arc,0,Draig,F-Kohaku,2,1629839963
paddu,F-Arc,2,Draig,F-Kohaku,1,1629840160
paddu,F-Arc,2,Draig,F-Kohaku,0,1629840237
paddu,F-Arc,1,Draig,F-Kohaku,2,1629840382
paddu,F-Arc,2,Draig,F-Kohaku,0,1629840489
paddu,H-Roa,1,Tiramisu,C-Ries,2,1629924467
paddu,H-Roa,2,Tiramisu,C-Ries,0,1629924561
paddu,H-Roa,2,Tiramisu,C-Ries,0,1629924686
paddu,H-Roa,2,Tiramisu,C-Ries,0,1629924793
paddu,H-Roa,2,Tiramisu,C-Ries,0,1629924902
paddu,H-Roa,2,Tiramisu,C-Ries,0,1629925010
paddu,H-Roa,2,Tiramisu,C-Ries,0,1629925125
paddu,H-Roa,2,Tiramisu,C-Ries,1,1629925354
paddu,H-Roa,2,Tiramisu,C-Ries,0,1629925432
paddu,H-Roa,2,Tiramisu,C-Ries,0,1629925515
paddu,H-Roa,2,Tiramisu,C-Ries,0,1629925626
paddu,H-Roa,0,Magemo,C-Hime,2,1629984827
paddu,H-Roa,1,Magemo,C-Hime,2,1629984964
paddu,H-Roa,2,Magemo,C-Hime,1,1629985108
paddu,H-Roa,1,Magemo,C-Hime,2,1629985280
paddu,H-Roa,2,Magemo,C-Hime,1,1629985443
paddu,H-Roa,2,Magemo,C-Hime,0,1629985537
paddu,H-Roa,2,Magemo,C-Hime,1,1629985716
paddu,H-Roa,1,Magemo,C-Hime,2,1629985879
paddu,H-Roa,1,Magemo,C-Hime,2,1629986038
paddu,H-Roa,2,Mordrehr,F-Miyako,1,1630009056
paddu,H-Roa,2,Mordrehr,F-Miyako,0,1630009165
paddu,H-Roa,2,Mordrehr,F-Miyako,1,1630009285
paddu,H-Roa,2,Mordrehr,F-Miyako,0,1630009349
paddu,H-Roa,2,Mordrehr,F-Miyako,0,1630009440
paddu,H-Roa,2,Mordrehr,F-Miyako,0,1630009516
paddu,H-Roa,2,Mordrehr,F-Miyako,0,1630009617
paddu,H-Roa,2,Mordrehr,F-Miyako,1,1630009775
paddu,H-Roa,2,Mordrehr,F-Miyako,0,1630009888
paddu,H-Roa,2,Mordrehr,F-Miyako,1,1630010033
paddu,H-Roa,2,Mordrehr,F-Miyako,0,1630010111
paddu,H-Roa,2,Mordrehr,F-Miyako,0,1630010201
paddu,H-Roa,2,Mordrehr,F-Miyako,1,1630010375
paddu,H-Roa,2,Mordrehr,F-Miyako,0,1630010495
paddu,H-Roa,2,Mordrehr,F-Miyako,0,1630010614
paddu,H-Roa,2,Mordrehr,F-Miyako,0,1630010709
paddu,H-Roa,2,Mordrehr,F-Miyako,0,1630010826
paddu,H-Roa,2,Mordrehr,F-Miyako,0,1630010920
paddu,H-Roa,2,Mordrehr,F-Miyako,0,1630011022
paddu,H-Roa,2,Mordrehr,F-Miyako,0,1630011141
paddu,H-Roa,2,Draig,C-Miyako,1,1630011909
paddu,H-Roa,2,Draig,C-Miyako,0,1630012029
paddu,H-Roa,1,Draig,C-Miyako,2,1630012178
paddu,H-Roa,2,Draig,C-Miyako,0,1630012267
paddu,H-Roa,2,Draig,C-Miyako,0,1630012355
paddu,H-Roa,0,Draig,C-Miyako,2,1630012522
paddu,H-Roa,2,Draig,C-Miyako,0,1630012610
paddu,H-Roa,2,Draig,C-Miyako,0,1630012687
paddu,H-Roa,1,Draig,C-Miyako,2,1630012837
paddu,H-Roa,1,Draig,C-Miyako,2,1630013010
paddu,H-Roa,0,Draig,C-Miyako,2,1630013143
paddu,H-Roa,2,Draig,C-Miyako,1,1630013258
paddu,H-Roa,2,Draig,C-Miyako,1,1630013378
paddu,H-Roa,2,Draig,C-Miyako,0,1630013487
paddu,H-Roa,2,Draig,C-Miyako,1,1630013639
paddu,C-Nero,2,Eleos,C-Roa,0,1630014180
paddu,C-Nero,2,Eleos,C-Roa,0,1630014294
paddu,C-Nero,0,Eleos,C-Roa,2,1630014405
paddu,C-Nero,2,Eleos,C-Roa,1,1630014568
paddu,C-Nero,2,Eleos,C-Roa,1,1630014745
paddu,C-Nero,2,Eleos,C-Roa,0,1630014830
paddu,C-Nero,2,Eleos,C-Roa,0,1630014968
paddu,C-Nero,2,Eleos,C-Roa,0,1630015073
paddu,C-Nero,2,Eleos,C-Roa,0,1630015207
paddu,C-Nero,2,Eleos,C-Roa,0,1630015341
paddu,C-Nero,2,Eleos,C-Roa,1,1630015526
paddu,H-Roa,1,Deviance,F-Akiha,2,1630093193
paddu,H-Roa,2,Deviance,F-Akiha,0,1630093277
paddu,H-Roa,2,Deviance,F-Akiha,1,1630093399
paddu,H-Roa,2,Deviance,F-Akiha,0,1630093509
paddu,H-Roa,2,Deviance,F-Akiha,1,1630093655
paddu,H-Roa,2,Deviance,F-Akiha,1,1630093910
paddu,H-Roa,2,Deviance,F-Akiha,1,1630094110
paddu,H-Roa,2,Deviance,F-Akiha,0,1630094261
paddu,H-Roa,2,Deviance,F-Akiha,0,1630094388
paddu,H-Roa,2,Deviance,F-Akiha,1,1630094573
paddu,H-Roa,1,Deviance,F-Akiha,2,1630094742
paddu,H-Roa,2,Deviance,F-Akiha,0,1630094868
paddu,C-NekoMech,2,Deviance,F-Akiha,1,1630095080
paddu,C-NekoMech,2,Deviance,F-Akiha,0,1630095193
paddu,C-NekoMech,2,Deviance,F-Akiha,1,1630095407
paddu,C-NekoMech,2,Deviance,F-Akiha,1,1630095595
paddu,C-NekoMech,1,Deviance,F-Akiha,2,1630095792
paddu,C-NekoMech,2,Deviance,F-Akiha,0,1630095918
paddu,C-NekoMech,2,Deviance,F-Akiha,1,1630096047
paddu,C-NekoMech,2,Deviance,F-Akiha,1,1630096257
paddu,C-NekoMech,0,Deviance,F-Akiha,2,1630096396
paddu,C-NekoMech,0,Deviance,F-Akiha,2,1630096524
paddu,C-NekoMech,2,Deviance,F-Akiha,0,1630096633
paddu,C-NekoMech,2,Deviance,F-Akiha,1,1630096785
paddu,C-Sion,2,Deviance,F-Akiha,1,1630173685
paddu,C-Sion,2,Deviance,F-Akiha,0,1630173776
paddu,C-Sion,2,Deviance,F-Akiha,1,1630174017
paddu,C-Sion,2,Deviance,F-Akiha,1,1630174180
paddu,C-Sion,1,Deviance,F-Akiha,2,1630174583
paddu,C-Sion,2,Deviance,F-Akiha,1,1630174708
paddu,C-Sion,2,Deviance,F-Akiha,1,1630174873
paddu,C-Sion,2,Deviance,F-Akiha,1,1630175029
paddu,C-Sion,2,Deviance,F-Akiha,0,1630175173
paddu,C-Sion,2,Deviance,F-Akiha,0,1630175366
paddu,C-Sion,2,Deviance,F-Akiha,1,1630175543
paddu,C-Sion,2,Deviance,F-Akiha,0,1630175658
paddu,C-Sion,2,Deviance,F-Akiha,0,1630175743
paddu,C-Sion,0,Deviance,F-Akiha,2,1630175879
paddu,C-Sion,0,Deviance,F-Akiha,2,1630175992
paddu,C-Sion,2,Deviance,F-Akiha,0,1630176134
paddu,C-Sion,2,Deviance,F-Akiha,0,1630176243
paddu,C-Sion,1,Deviance,F-Akiha,2,1630176432
paddu,C-Arc,2,Deviance,F-Akiha,0,1630176586
paddu,C-Arc,1,Deviance,F-Akiha,2,1630176806
paddu,C-Arc,0,Deviance,F-Akiha,2,1630176946
paddu,C-Arc,1,Deviance,F-Akiha,2,1630177158
paddu,C-Satsuki,2,Deviance,F-Akiha,1,1630177367
paddu,C-Satsuki,2,Deviance,F-Akiha,0,1630177493
paddu,C-Satsuki,2,Deviance,F-Akiha,0,1630177635
paddu,C-Satsuki,2,Deviance,F-Akiha,0,1630177770
paddu,C-Satsuki,2,Deviance,F-Akiha,0,1630177926
paddu,C-Satsuki,2,Deviance,F-Akiha,0,1630178068
paddu,C-Satsuki,2,Deviance,F-Akiha,0,1630178209
paddu,C-Satsuki,2,Deviance,F-Akiha,0,1630178370
paddu,C-Satsuki,0,Deviance,F-Akiha,2,1630178492
paddu,C-Satsuki,2,Deviance,F-Akiha,0,1630178614
paddu,C-Satsuki,0,Deviance,F-Akiha,2,1630178752
paddu,C-Satsuki,2,Deviance,F-Akiha,0,1630178883
paddu,C-Satsuki,2,Deviance,F-Akiha,0,1630178998
paddu,C-Satsuki,2,Deviance,F-Akiha,0,1630179080
paddu,C-Satsuki,1,Deviance,F-Akiha,2,1630179377
paddu,C-Satsuki,2,Deviance,F-Akiha,0,1630179487
paddu,C-Satsuki,2,Deviance,F-Akiha,0,1630179614
paddu,C-Satsuki,2,Deviance,F-Akiha,1,1630179814
paddu,C-Nero,2,Neufmarche,F-NekoMech,0,1630240792
paddu,C-Nero,2,Neufmarche,F-NekoMech,0,1630240857
paddu,C-Nero,2,Neufmarche,F-NekoMech,0,1630240942
paddu,C-Nero,2,Neufmarche,F-NekoMech,0,1630241042
paddu,C-Nero,2,Neufmarche,F-NekoMech,0,1630241107
paddu,C-Nero,2,Neufmarche,F-NekoMech,0,1630241205
paddu,C-Nero,2,Neufmarche,F-NekoMech,0,1630241303
paddu,C-Nero,2,Neufmarche,F-NekoMech,0,1630241369
paddu,C-Nero,2,Neufmarche,F-NekoMech,0,1630241457
paddu,C-Nero,2,Neufmarche,F-NekoMech,0,1630241548
paddu,C-Sion,2,Neufmarche,F-NekoMech,0,1630241631
paddu,C-Sion,2,Neufmarche,F-NekoMech,0,1630241717
paddu,C-Sion,1,Neufmarche,F-NekoMech,2,1630241843
paddu,C-Sion,2,Neufmarche,F-NekoMech,0,1630241945
paddu,C-Sion,2,Neufmarche,F-NekoMech,0,1630242036
paddu,C-Sion,2,Neufmarche,F-NekoMech,0,1630242127
paddu,C-Sion,1,Neufmarche,F-NekoMech,2,1630242273
paddu,C-Sion,2,Neufmarche,F-NekoMech,1,1630242423
paddu,C-Sion,2,Neufmarche,F-NekoMech,0,1630242502
paddu,C-Sion,2,Neufmarche,F-NekoMech,1,1630242653
paddu,C-Sion,2,Neufmarche,F-NekoMech,1,1630242783
paddu,C-Sion,2,Neufmarche,F-NekoMech,0,1630242880
paddu,C-Nero,2,KymPrecision,C-Nero,1,1630260865
paddu,C-Nero,2,KymPrecision,C-Nero,1,1630261034
paddu,C-Nero,2,KymPrecision,C-Nero,1,1630261249
paddu,C-Nero,2,KymPrecision,C-Nero,0,1630261366
paddu,C-Nero,2,KymPrecision,C-Nero,1,1630261567
paddu,C-Nero,2,KymPrecision,C-Nero,0,1630261704
paddu,C-Nero,2,KymPrecision,C-Nero,0,1630261846
paddu,C-Nero,2,KymPrecision,C-Nero,0,1630261936
paddu,C-Nero,2,KymPrecision,C-Nero,0,1630262056
paddu,C-Nero,2,KymPrecision,C-Nero,0,1630262168
paddu,C-Nero,2,KymPrecision,C-Nero,0,1630262264
paddu,C-Nero,2,KymPrecision,C-Nero,1,1630262429
paddu,C-Nero,2,KymPrecision,C-Nero,1,1630262619
paddu,C-Nero,2,KymPrecision,C-Nero,0,1630262765
paddu,C-Nero,2,Milord's Servant,F-Ryougi,0,1630264529
paddu,C-Nero,2,Milord's Servant,F-Ryougi,0,1630264614
paddu,C-Nero,0,Smo,C-Arc,2,1630265580
paddu,C-Nero,2,Smo,C-Arc,1,1630265761
paddu,C-Nero,2,Smo,C-Arc,1,1630265888
paddu,C-Nero,2,Ikanistea,C-Hisui,0,1630268917
paddu,C-Nero,2,Ikanistea,C-Hisui,0,1630269016
paddu,C-Nero,0,Ikanistea,C-Hisui,2,1630269164
paddu,C-Nero,2,Ikanistea,C-Hisui,0,1630269281
paddu,C-Nero,2,Ikanistea,C-Hisui,1,1630271086
paddu,C-Nero,1,Ikanistea,C-Hisui,2,1630271293
paddu,C-Nero,2,Ikanistea,C-Hisui,0,1630271420
paddu,C-Nero,2,Ikanistea,C-Hisui,0,1630271588
paddu,F-Hime,2,Maka,C-Kouma,0,1630278300
paddu,F-Hime,2,Maka,C-Kouma,0,1630278406
paddu,F-Hime,2,Maka,C-Kouma,0,1630278536
paddu,H-Tohno,2,Maka,C-Aoko,0,1630278653
paddu,H-Tohno,2,Maka,C-Aoko,0,1630278753
paddu,H-Tohno,2,Maka,C-Aoko,1,1630278894
paddu,F-P.Ciel,2,Maka,C-Sion,0,1630279007
paddu,F-P.Ciel,2,Maka,C-Sion,0,1630279144
paddu,F-P.Ciel,2,Maka,C-Sion,1,1630279293
paddu,C-Sion,2,Maka,H-W.Len,1,1630279474
paddu,C-Sion,2,Maka,H-W.Len,0,1630279581
paddu,C-Sion,2,Maka,H-W.Len,0,1630279661
paddu,C-NAC,2,Maka,F-Neko,0,1630279823
paddu,C-NAC,1,Maka,F-Neko,2,1630280013
paddu,H-NAC,2,Maka,C-Neko,0,1630280127
paddu,H-NAC,2,Maka,C-Neko,0,1630280220
paddu,F-Arc,2,Maka,C-Nanaya,0,1630280302
paddu,F-Arc,2,Maka,C-Nanaya,0,1630280384
paddu,C-Arc,2,Maka,C-Nanaya,0,1630280497
paddu,C-Aoko,2,Maka,C-Miyako,0,1630280596
paddu,C-Aoko,2,Maka,C-Miyako,0,1630280684
paddu,C-Aoko,2,Maka,C-Miyako,0,1630280804
paddu,C-W.Len,2,Maka,F-Akiha,0,1630280926
paddu,C-M.Hisui,2,Maka,C-Hime,1,1630281097
paddu,C-M.Hisui,2,Maka,C-Hime,0,1630281200
paddu,C-M.Hisui,2,Maka,C-Hime,0,1630281303
paddu,H-V.Sion,2,Maka,C-Nero,0,1630281392
paddu,H-V.Sion,2,Maka,C-Nero,0,1630281499
paddu,H-V.Sion,2,Maka,C-Nero,0,1630281627
paddu,F-Nanaya,2,Maka,C-Wara,0,1630281770
paddu,F-Nanaya,2,Maka,C-Wara,0,1630281847
paddu,F-Nanaya,2,Maka,C-Wara,0,1630281928
paddu,C-Satsuki,2,Maka,F-Aoko,0,1630282042
paddu,C-Satsuki,2,Maka,F-Aoko,1,1630282216
paddu,C-Satsuki,2,Maka,F-Aoko,0,1630282344
paddu,F-Sion,2,Megurine Luka Fan,C-Akiha,0,1630350060
paddu,F-Sion,1,Megurine Luka Fan,C-Akiha,2,1630350228
paddu,F-Sion,0,Megurine Luka Fan,C-Akiha,2,1630350367
paddu,F-Sion,0,Megurine Luka Fan,C-Akiha,2,1630350487
paddu,C-Satsuki,2,Megurine Luka Fan,C-Akiha,1,1630350756
paddu,C-Satsuki,2,Megurine Luka Fan,C-Akiha,0,1630350954
paddu,C-Satsuki,2,Megurine Luka Fan,C-Akiha,1,1630351154
paddu,C-Satsuki,0,Megurine Luka Fan,C-Akiha,2,1630351265
paddu,C-Satsuki,1,Megurine Luka Fan,C-Akiha,2,1630351498
paddu,C-Nero,2,Megurine Luka Fan,C-Akiha,0,1630351661
paddu,C-Nero,2,Megurine Luka Fan,C-Akiha,0,1630351769
paddu,C-Nero,2,Megurine Luka Fan,H-Akiha,0,1630351900
paddu,C-Nero,2,Megurine Luka Fan,H-Akiha,0,1630352011
paddu,C-Nero,2,Megurine Luka Fan,H-Akiha,0,1630352133
paddu,C-Nero,2,Megurine Luka Fan,H-Akiha,0,1630352296
paddu,C-Nero,2,Megurine Luka Fan,H-Akiha,0,1630352422
paddu,C-Nero,2,Megurine Luka Fan,H-Akiha,0,1630352540
paddu,C-Nero,2,Megurine Luka Fan,H-Akiha,0,1630352649
paddu,C-Nero,2,Megurine Luka Fan,H-Akiha,0,1630352741
paddu,C-Nero,2,Megurine Luka Fan,H-Akiha,0,1630352850
paddu,C-Nero,2,amputee loli,C-Kohaku,0,1630362605
paddu,C-Nero,2,amputee loli,C-Kohaku,1,1630362725
paddu,C-Nero,2,amputee loli,C-Kohaku,0,1630362808
paddu,C-Nero,2,amputee loli,C-Kohaku,1,1630362951
paddu,C-Nero,2,amputee loli,C-Kohaku,0,1630363042
paddu,C-Nero,2,amputee loli,C-Kohaku,0,1630363144
paddu,C-Nero,2,amputee loli,C-Kohaku,0,1630363236
paddu,C-Nero,2,amputee loli,C-Kohaku,0,1630363350
paddu,C-Nero,2,amputee loli,C-Kohaku,0,1630363433
paddu,C-Nero,2,amputee loli,C-Kohaku,0,1630363518
paddu,C-Ciel,0,Deviance,F-Akiha,2,1630435118
paddu,C-Ciel,2,Deviance,F-Akiha,1,1630435312
paddu,C-Ciel,2,Deviance,F-Akiha,0,1630435472
paddu,C-Ciel,2,Deviance,F-Akiha,1,1630435669
paddu,C-Ciel,1,Deviance,F-Akiha,2,1630435852
paddu,C-Ciel,2,Deviance,F-Akiha,1,1630436039
paddu,C-Ciel,2,Deviance,F-Akiha,0,1630436138
paddu,C-Ciel,2,Deviance,F-Akiha,0,1630436240
paddu,C-Ciel,2,Deviance,F-Akiha,1,1630436413
paddu,C-Ciel,2,Deviance,F-Akiha,1,1630436589
paddu,C-Ciel,2,Deviance,F-Akiha,0,1630436730
paddu,C-Ciel,1,Deviance,F-Akiha,2,1630436923
paddu,C-Ciel,2,KymPrecision,C-Nero,1,1630443495
paddu,C-Ciel,2,KymPrecision,C-Nero,1,1630443680
paddu,C-Ciel,2,KymPrecision,C-Nero,0,1630443781
paddu,C-Ciel,2,KymPrecision,C-Nero,1,1630443920
paddu,C-Ciel,0,KymPrecision,C-Nero,2,1630444069
paddu,C-Ciel,2,KymPrecision,C-Nero,0,1630444186
paddu,C-Ciel,2,KymPrecision,C-Nero,1,1630444381
paddu,C-Ciel,1,KymPrecision,C-Nero,2,1630444562
paddu,C-Ciel,2,KymPrecision,C-Nero,0,1630444726
paddu,C-Ciel,2,KymPrecision,C-Nero,1,1630444961
paddu,C-Ciel,2,KymPrecision,C-Nero,1,1630445121
paddu,C-Ciel,2,KymPrecision,C-Nero,0,1630445211
paddu,C-Ciel,2,KymPrecision,C-Nero,0,1630445358
paddu,C-Ciel,2,KymPrecision,C-Nero,1,1630445551
paddu,C-Ciel,1,KymPrecision,C-Nero,2,1630445759
paddu,C-Ciel,2,KymPrecision,C-Nero,1,1630445960
paddu,C-Ciel,2,KymPrecision,C-Nero,0,1630446100
paddu,C-Ciel,2,KymPrecision,C-Nero,1,1630446261
paddu,C-Ciel,1,KymPrecision,C-Nero,2,1630446483
paddu,C-Ciel,2,KymPrecision,C-Nero,1,1630446681
paddu,C-Ciel,2,KymPrecision,C-Nero,0,1630446800
paddu,C-Ciel,2,KymPrecision,C-Nero,0,1630446927
paddu,C-Ciel,1,KymPrecision,C-Nero,2,1630447077
paddu,C-Ciel,2,KymPrecision,C-Nero,0,1630447190
paddu,C-Ciel,2,KymPrecision,C-Nero,0,1630447270
paddu,C-Ciel,2,KymPrecision,C-Nero,1,1630447495
paddu,C-Ciel,1,Gamer,C-Roa,2,1630490859
paddu,C-Ciel,2,Gamer,C-Roa,0,1630490963
paddu,C-Ciel,2,Gamer,C-Roa,1,1630491170
paddu,C-Ciel,2,Gamer,C-Roa,0,1630491316
paddu,C-Ciel,2,Gamer,C-Aoko,0,1630491503
paddu,C-Ciel,2,Gamer,C-Aoko,1,1630491722
paddu,C-Ciel,1,Gamer,C-Aoko,2,1630491881
paddu,C-Ciel,0,Gamer,C-Aoko,2,1630492038
paddu,C-Ciel,2,Gamer,C-Aoko,0,1630492204
paddu,C-Ciel,2,Gamer,C-Aoko,0,1630492348
paddu,C-Ciel,1,Gamer,C-Aoko,2,1630492547
paddu,C-Ciel,2,Gamer,C-Aoko,1,1630492750
paddu,C-Ciel,2,Saikyo,F-Wara,1,1630510796
paddu,C-Ciel,2,Saikyo,F-Wara,0,1630510878
paddu,C-Ciel,1,Saikyo,F-Wara,2,1630511039
paddu,C-Ciel,2,Saikyo,F-Wara,1,1630511216
paddu,C-Ciel,2,Saikyo,F-Wara,0,1630511315
paddu,C-Ciel,2,Saikyo,F-Wara,0,1630511422
paddu,C-Ciel,0,Saikyo,F-Wara,2,1630511541
paddu,C-Ciel,2,Saikyo,F-Wara,0,1630511668
paddu,C-Ciel,2,Saikyo,F-Wara,0,1630511784
paddu,C-Ciel,2,Saikyo,F-Wara,1,1630511936
paddu,C-Ciel,2,Saikyo,F-Wara,0,1630512061
paddu,C-Ciel,2,Saikyo,F-Wara,1,1630512236
paddu,C-Nero,2,Saikyo,F-Wara,0,1630512374
paddu,C-Nero,2,Saikyo,F-Wara,0,1630512464
paddu,C-Nero,2,Saikyo,F-Wara,1,1630512608
paddu,C-Nero,2,Saikyo,F-Wara,0,1630512702
paddu,C-Nero,2,Saikyo,F-Wara,0,1630512822
paddu,C-Nero,2,Saikyo,F-Wara,0,1630512946
paddu,C-Nero,2,Saikyo,F-Wara,0,1630513061
paddu,C-Nero,2,Saikyo,F-Wara,0,1630513165
paddu,C-Nero,2,Saikyo,F-Wara,0,1630513260
paddu,C-Ciel,2,Magemo,F-Nero,0,1630532808
paddu,C-Ciel,2,Magemo,F-Nero,0,1630532928
paddu,C-Ciel,2,Magemo,F-Nero,0,1630533048
paddu,C-Ciel,2,Magemo,F-Nero,0,1630533171
paddu,C-Ciel,2,Magemo,F-Nero,0,1630533298
paddu,C-Ciel,2,Magemo,F-Nero,0,1630533432
paddu,C-Ciel,2,Magemo,F-Nero,0,1630533569
paddu,C-Ciel,2,Magemo,F-Nero,1,1630533719
paddu,C-Ciel,2,Magemo,F-Nero,0,1630533841
paddu,C-Ciel,2,Magemo,F-Nero,0,1630533955
paddu,C-Nero,2,Smo,C-Arc,0,1630596245
paddu,C-Nero,2,Smo,C-Arc,1,1630596431
paddu,C-Nero,2,Smo,C-Arc,1,1630596646
paddu,C-Nero,0,Smo,C-Arc,2,1630596783
paddu,C-Nero,2,Smo,C-Arc,1,1630596995
paddu,C-Nero,2,Smo,C-Arc,1,1630597157
paddu,C-Nero,1,Smo,C-Arc,2,1630597406
paddu,C-Nero,2,Smo,C-Arc,0,1630597525
paddu,C-Nero,0,Smo,C-Arc,2,1630597687
paddu,C-Nero,2,Smo,C-Arc,1,1630597830
paddu,C-Nero,2,Smo,C-Arc,0,1630597945
paddu,C-Nero,2,Smo,C-Arc,1,1630598148
paddu,C-Nero,2,Smo,C-Arc,0,1630598264
paddu,C-Nero,2,Dragoi,C-Roa,0,1630614550
paddu,C-Nero,2,Dragoi,C-Roa,1,1630614738
paddu,C-Nero,2,Dragoi,C-Roa,1,1630614866
paddu,C-Nero,2,Dragoi,C-Roa,1,1630615051
paddu,C-Nero,2,Dragoi,C-Roa,0,1630615142
paddu,C-Nero,2,Dragoi,C-Roa,0,1630615270
paddu,C-Nero,2,Dragoi,C-Roa,0,1630615392
paddu,C-Nero,2,Dragoi,C-Roa,0,1630615490
paddu,C-Nero,2,Dragoi,C-Roa,0,1630615573
paddu,C-Nero,2,Dragoi,C-Roa,0,1630615718
paddu,C-Nero,2,Dragoi,C-Roa,0,1630615807
paddu,C-Nero,2,Dragoi,C-Roa,0,1630615948
paddu,C-Nero,2,Dragoi,C-Roa,0,1630616071
paddu,C-Nero,2,Dragoi,C-Roa,0,1630616163
paddu,C-Nero,2,Dragoi,C-Roa,0,1630616285
paddu,C-Nero,2,Dragoi,C-Roa,1,1630616423
paddu,C-Nero,2,Dragoi,C-Roa,0,1630616530
paddu,C-Nero,2,Dragoi,C-Roa,0,1630616619
paddu,C-Nero,2,Dragoi,C-Roa,0,1630616705
paddu,C-Nero,2,Dragoi,C-Roa,1,1630616895
paddu,C-Nero,2,FantastGRD,C-Nanaya,0,1630622138
paddu,C-Nero,2,FantastGRD,C-Nanaya,0,1630622218
paddu,C-Nero,2,FantastGRD,C-Nanaya,0,1630622308
paddu,C-Nero,2,FantastGRD,C-Nanaya,0,1630622423
paddu,C-Nero,2,FantastGRD,C-Nanaya,0,1630622484
paddu,C-Nero,2,FantastGRD,C-Nanaya,0,1630622608
paddu,C-Nero,2,FantastGRD,C-Nanaya,0,1630622699
paddu,C-Nero,2,FantastGRD,C-Nanaya,0,1630622786
paddu,C-Nero,2,FantastGRD,C-Nanaya,0,1630622918
paddu,C-Nero,2,FantastGRD,C-Nanaya,0,1630623057
paddu,C-Nero,2,FantastGRD,C-Nanaya,0,1630623129
paddu,C-Nero,2,FantastGRD,C-Nanaya,1,1630623287
paddu,C-Nero,2,FantastGRD,C-Nanaya,0,1630623383
paddu,C-Nero,2,FantastGRD,C-Nanaya,0,1630623489
paddu,C-Nero,2,FantastGRD,C-Nanaya,0,1630623584
paddu,C-Nero,2,FantastGRD,C-Nanaya,0,1630623657
paddu,C-Nero,2,FantastGRD,C-Nanaya,0,1630623751
paddu,C-Nero,2,FantastGRD,C-Nanaya,0,1630623849
paddu,C-Nero,2,FantastGRD,C-Nanaya,0,1630623963
paddu,C-Nero,2,FantastGRD,C-Nanaya,0,1630624080
paddu,C-Nero,1,Deviance,F-Akiha,2,1630629106
paddu,C-Nero,2,Deviance,F-Akiha,0,1630629225
paddu,C-Nero,2,Deviance,F-Akiha,0,1630629311
paddu,C-Nero,2,Deviance,F-Akiha,0,1630629449
paddu,C-Nero,2,Deviance,F-Akiha,0,1630629562
paddu,C-Nero,2,Deviance,F-Akiha,0,1630629681
paddu,F-Arc,2,Fershoe,F-Wara,0,1630712445
paddu,F-Arc,2,Fershoe,F-Wara,1,1630712644
paddu,F-Arc,2,Fershoe,F-Wara,0,1630712759
paddu,F-Arc,2,Fershoe,F-Wara,0,1630712892
paddu,F-Arc,2,Fershoe,F-Wara,0,1630713008
paddu,F-Arc,2,Fershoe,F-Wara,0,1630713108
paddu,F-Arc,2,Fershoe,F-Wara,1,1630713331
paddu,F-Arc,2,Fershoe,F-Wara,1,1630713490
paddu,F-Arc,2,Fershoe,F-Wara,1,1630713672
paddu,F-Arc,2,Fershoe,F-Wara,0,1630713856
paddu,C-Sion,2,Fershoe,F-Wara,0,1630713980
paddu,C-Sion,1,Fershoe,F-Wara,2,1630714147
paddu,C-Sion,2,Fershoe,F-Wara,1,1630714333
paddu,C-Sion,2,Fershoe,F-Wara,0,1630714468
paddu,C-Sion,2,Fershoe,F-Wara,1,1630714630
paddu,C-Sion,2,Fershoe,F-Wara,0,1630714765
paddu,C-Nero,2,Fershoe,F-Wara,0,1630714873
paddu,C-Nero,2,Fershoe,F-Wara,0,1630714953
paddu,C-Nero,2,Fershoe,F-Wara,0,1630715124
paddu,C-Nero,2,Fershoe,F-Wara,0,1630715229
paddu,C-Nero,2,Fershoe,F-Wara,0,1630715336
paddu,C-Nero,2,Fershoe,F-Wara,0,1630715438
paddu,C-Nero,2,Fershoe,F-Wara,0,1630715550
paddu,C-Nero,2,Fershoe,F-Wara,0,1630715657
paddu,C-Nero,2,Fershoe,F-Wara,0,1630715787
paddu,C-Nero,2,Fershoe,F-Wara,0,1630715875
paddu,C-Nero,1,Draig,F-Ryougi,2,1630758964
paddu,C-Nero,2,Draig,F-Ryougi,0,1630759047
paddu,C-Nero,0,Draig,F-Ryougi,2,1630759184
paddu,C-Nero,2,Draig,F-Ryougi,0,1630759282
paddu,C-Nero,2,Draig,F-Ryougi,0,1630759389
paddu,C-Nero,2,Draig,F-Ryougi,1,1630759582
paddu,C-Nero,2,Draig,F-Ryougi,1,1630759691
paddu,C-Nero,2,Draig,F-Ryougi,0,1630759778
paddu,C-Nero,2,Draig,F-Ryougi,0,1630759876
paddu,C-Nero,2,Draig,F-Ryougi,1,1630760042
paddu,C-Nero,1,Draig,F-Ryougi,2,1630760262
paddu,C-Nero,2,Draig,F-Ryougi,0,1630760368
paddu,C-Nero,2,Draig,F-Ryougi,1,1630760509
paddu,C-Nero,0,Draig,F-Ryougi,2,1630760652
paddu,C-Nero,2,Draig,F-Ryougi,0,1630760788
paddu,C-Nero,0,Draig,F-Ryougi,2,1630760909
paddu,C-Nero,1,Draig,F-Ryougi,2,1630761117
paddu,C-Nero,2,Draig,F-Ryougi,1,1630761321
paddu,C-Nero,2,Draig,F-Ryougi,0,1630761423
paddu,C-Nero,0,Draig,F-Ryougi,2,1630761546
paddu,C-Nero,0,Draig,F-Ryougi,2,1630761651
paddu,C-Nero,2,Draig,F-Ryougi,0,1630761749
paddu,C-Nero,2,Draig,F-Ryougi,0,1630761843
paddu,C-Nero,2,Draig,F-Ryougi,1,1630761997
paddu,C-Nero,2,Draig,F-Ryougi,1,1630762146
paddu,C-Nero,2,Draig,F-Ryougi,0,1630762267
paddu,C-Nero,1,Draig,F-Ryougi,2,1630762457
paddu,C-Nero,2,Draig,F-Ryougi,1,1630762612
paddu,C-Nero,2,Draig,F-Ryougi,0,1630762761
paddu,C-Nero,2,Eleos,C-Roa,0,1630780581
paddu,C-Nero,2,Eleos,C-Roa,0,1630780725
paddu,C-Nero,2,Eleos,C-Roa,0,1630780859
paddu,C-Nero,2,Eleos,C-Roa,1,1630781089
paddu,C-Nero,2,Eleos,C-Roa,0,1630781223
paddu,C-Nero,2,Eleos,C-Roa,0,1630781315
paddu,C-Nero,2,Eleos,C-Roa,1,1630781514
paddu,C-Nero,2,Eleos,C-Roa,1,1630781678
paddu,C-Nero,2,Eleos,C-Roa,1,1630781885
paddu,C-Nero,2,Eleos,C-Roa,0,1630782017
paddu,C-Nero,2,Eleos,C-Roa,1,1630782218
paddu,C-Nero,2,Eleos,C-Roa,0,1630782327
paddu,C-Nero,2,Eleos,C-Roa,0,1630782440
paddu,C-Nero,2,Eleos,C-Roa,0,1630782557
paddu,C-Nero,2,Eleos,C-Roa,0,1630782710
paddu,C-Nero,2,Eleos,C-Roa,0,1630782803
paddu,C-Nero,2,Eleos,C-Roa,0,1630782921
paddu,C-Nero,2,Eleos,C-Roa,0,1630783032
paddu,C-Nero,2,Eleos,C-Roa,1,1630783237
paddu,C-Nero,2,Eleos,C-Roa,0,1630783388
paddu,C-Nero,2,Eleos,C-Roa,0,1630783505
paddu,C-Nero,2,Eleos,C-Roa,0,1630783623
paddu,C-Nero,2,Eleos,C-Roa,0,1630783738
paddu,C-Nero,2,Eleos,C-Roa,1,1630783922
paddu,C-Nero,2,Eleos,C-Roa,1,1630784121
paddu,C-Nero,2,Eleos,C-Roa,1,1630784301
paddu,C-Nero,2,Eleos,C-Roa,0,1630784453
paddu,C-Nero,2,Eleos,C-Roa,0,1630784553
paddu,C-Nero,2,Eleos,C-Roa,1,1630784775
paddu,C-Nero,2,Aioli,C-Ryougi,0,1630793668
paddu,C-Nero,2,Aioli,C-Ryougi,0,1630793752
paddu,C-Nero,2,Aioli,C-Ryougi,0,1630793843
paddu,C-Nero,2,Aioli,C-Ryougi,0,1630793976
paddu,C-Nero,2,Aioli,C-Ryougi,0,1630794077
paddu,C-Nero,2,Aioli,C-Ryougi,0,1630794152
paddu,C-Nero,2,Aioli,C-Ryougi,0,1630794264
paddu,C-Nero,2,Aioli,C-Ryougi,0,1630794390
paddu,C-Nero,2,Aioli,C-Ryougi,0,1630794518
paddu,C-Nero,2,Aioli,C-Ryougi,0,1630794603
paddu,C-Nero,2,Aioli,C-Ryougi,1,1630794818
paddu,C-Nero,2,Aioli,C-Ryougi,1,1630794991
paddu,C-Nero,2,Aioli,C-Ryougi,1,1630795181
paddu,C-Nero,2,Aioli,C-Ryougi,0,1630795301
paddu,C-Nero,2,Aioli,C-Ryougi,0,1630795377
paddu,C-Nero,2,Aioli,C-Ryougi,0,1630795469
paddu,C-Nero,2,Aioli,C-Ryougi,0,1630795599
paddu,C-Nero,2,Aioli,C-Ryougi,0,1630795741
paddu,C-Nero,2,Aioli,C-Ryougi,0,1630795865
paddu,C-Nero,2,Aioli,C-Ryougi,0,1630795984
paddu,C-Nero,0,cc.,H-Akiha,2,1630842105
paddu,C-Nero,1,cc.,H-Akiha,2,1630842283
paddu,C-Nero,2,cc.,H-Akiha,1,1630842445
paddu,C-Nero,2,cc.,H-Akiha,0,1630842554
paddu,C-Nero,2,cc.,H-Akiha,1,1630842745
paddu,C-Nero,1,cc.,H-Akiha,2,1630842954
paddu,C-Nero,2,cc.,H-Akiha,1,1630843150
paddu,C-Nero,0,cc.,H-Akiha,2,1630843292
paddu,C-Nero,2,cc.,H-Akiha,0,1630843423
paddu,C-Nero,2,cc.,H-Akiha,0,1630843566
paddu,C-Nero,1,cc.,H-Akiha,2,1630843761
paddu,C-Nero,2,cc.,H-Akiha,0,1630843864
paddu,C-Nero,2,cc.,H-Akiha,1,1630844059
paddu,C-Nero,2,cc.,H-Akiha,0,1630844196
paddu,C-Nero,2,cc.,H-Akiha,1,1630844386
paddu,C-Nero,2,Draig,F-Kohaku,0,1630878756
paddu,C-Nero,2,Draig,F-Kohaku,0,1630878842
paddu,C-Nero,2,Draig,F-Kohaku,0,1630878936
paddu,C-Nero,2,Draig,F-Kohaku,0,1630879038
paddu,C-Nero,2,Draig,F-Kohaku,1,1630879219
paddu,C-Nero,2,Draig,F-Kohaku,0,1630879308
paddu,C-Nero,2,Draig,F-Kohaku,1,1630879496
paddu,C-Nero,2,Draig,F-Kohaku,1,1630879615
paddu,C-Nero,2,Draig,F-Kohaku,0,1630879738
paddu,C-Nero,2,Draig,F-Kohaku,1,1630879881
paddu,C-Nero,2,Magemo's Washed up Student (Molty),C-Miyako,0,1630946195
paddu,C-Nero,1,Magemo's Washed up Student (Molty),C-Miyako,2,1630946388
paddu,C-Nero,2,Magemo's Washed up Student (Molty),C-Miyako,0,1630946528
paddu,C-Nero,0,Magemo's Washed up Student (Molty),C-Miyako,2,1630946700
paddu,C-Nero,2,Magemo's Washed up Student (Molty),C-Miyako,0,1630946837
paddu,C-Nero,2,Magemo's Washed up Student (Molty),C-Miyako,1,1630946988
paddu,C-Nero,2,Magemo's Washed up Student (Molty),C-Miyako,0,1630947117
paddu,C-Nero,1,Magemo's Washed up Student (Molty),C-Miyako,2,1630947287
paddu,C-Nero,0,Magemo's Washed up Student (Molty),C-Miyako,2,1630947439
paddu,C-Nero,0,Magemo's Washed up Student (Molty),C-Miyako,2,1630947605
paddu,C-Nero,2,Magemo's Washed up Student (Molty),C-Miyako,1,1630947806
paddu,C-Nero,2,Magemo's Washed up Student (Molty),C-Miyako,1,1630947940
paddu,C-Nero,2,Magemo's Washed up Student (Molty),C-Miyako,1,1630948070
paddu,C-Nero,1,Magemo's Washed up Student (Molty),C-Miyako,2,1630948289
paddu,C-Nero,1,Magemo's Washed up Student (Molty),C-Miyako,2,1630948539
paddu,C-Nero,2,Magemo's Washed up Student (Molty),C-Miyako,0,1630948673
paddu,C-Nero,2,Magemo's Washed up Student (Molty),C-Miyako,1,1630948844
paddu,F-Kouma,2,Shirou Emiya's big honkers,F-Tohno,0,1630968992
paddu,F-Kouma,2,Shirou Emiya's big honkers,F-Tohno,0,1630969141
paddu,F-Kouma,2,Shirou Emiya's big honkers,F-Tohno,1,1630969345
paddu,F-Kouma,2,Shirou Emiya's big honkers,F-Tohno,1,1630969490
paddu,F-Kouma,2,Shirou Emiya's big honkers,F-Tohno,0,1630969602
paddu,F-Kouma,2,Shirou Emiya's big honkers,F-Tohno,1,1630969770
paddu,F-Kouma,1,Shirou Emiya's big honkers,F-Tohno,2,1630969956
paddu,F-Kouma,2,Shirou Emiya's big honkers,F-Tohno,0,1630970094
paddu,F-Kouma,2,Shirou Emiya's big honkers,F-Tohno,0,1630970176
paddu,F-Kouma,2,Shirou Emiya's big honkers,F-Tohno,0,1630970282
paddu,F-Kouma,2,Shirou Emiya's big honkers,F-Tohno,0,1630970372
paddu,F-Kouma,0,Afro Viking,F-Nanaya,2,1631033129
paddu,F-Kouma,2,Afro Viking,F-Nanaya,0,1631033238
paddu,F-Kouma,2,Afro Viking,F-Nanaya,1,1631033429
paddu,F-Kouma,1,Afro Viking,F-Nanaya,2,1631033585
paddu,F-Kouma,2,Afro Viking,F-Nanaya,1,1631033730
paddu,F-Kouma,2,Afro Viking,F-Nanaya,1,1631033902
paddu,F-Kouma,2,Afro Viking,F-Nanaya,0,1631034005
paddu,F-Kouma,2,Afro Viking,F-Nanaya,0,1631034106
paddu,F-Kouma,2,Afro Viking,F-Nanaya,1,1631034268
paddu,F-Kouma,0,Afro Viking,F-Nanaya,2,1631034376
paddu,F-Kouma,2,Afro Viking,F-Nanaya,1,1631034528
paddu,F-Kouma,2,Afro Viking,F-Nanaya,0,1631034628
paddu,F-Kouma,2,Afro Viking,F-Nanaya,1,1631034756
paddu,F-Kouma,2,Afro Viking,F-Nanaya,0,1631034882
paddu,F-Kouma,1,Afro Viking,F-Nanaya,2,1631035059
paddu,F-Kouma,2,Afro Viking,F-Nanaya,1,1631035173
paddu,F-Kouma,2,Afro Viking,F-Nanaya,1,1631035355
paddu,F-Kouma,2,Afro Viking,F-Nanaya,1,1631035506
paddu,F-Kouma,1,Afro Viking,F-Nanaya,2,1631035671
paddu,F-Kouma,2,Afro Viking,F-Nanaya,0,1631035763
paddu,F-Kouma,2,Afro Viking,F-Nanaya,1,1631035919
paddu,F-Kouma,2,Afro Viking,F-Nanaya,0,1631036015
paddu,F-Kouma,2,Afro Viking,F-Nanaya,1,1631036150
paddu,F-Kouma,2,Afro Viking,F-Nanaya,0,1631036270
paddu,F-Kouma,2,Afro Viking,F-Nanaya,0,1631036370
paddu,F-Kouma,2,Dragoi,C-Kouma,1,1631044844
paddu,F-Kouma,1,Dragoi,C-Kouma,2,1631045033
paddu,F-Kouma,2,Dragoi,C-Kouma,0,1631045200
paddu,F-Kouma,2,Dragoi,C-Kouma,1,1631045391
paddu,F-Kouma,0,Dragoi,C-Kouma,2,1631045506
paddu,F-Kouma,2,Dragoi,C-Kouma,1,1631045654
paddu,F-Kouma,2,Dragoi,C-Kouma,0,1631045759
paddu,F-Kouma,0,Dragoi,C-Kouma,2,1631045865
paddu,F-Kouma,0,Dragoi,C-Kouma,2,1631045979
paddu,F-Kouma,1,Dragoi,C-Kouma,2,1631046155
paddu,F-Kouma,1,Dragoi,C-Kouma,2,1631046283
paddu,F-Kouma,0,Dragoi,C-Kouma,2,1631046421
paddu,F-Kouma,2,Dragoi,C-Kouma,1,1631046585
paddu,F-Kouma,0,Dragoi,C-Kouma,2,1631046687
paddu,F-Kouma,0,Dragoi,C-Kouma,2,1631046795
paddu,F-Kouma,1,Dragoi,C-Kouma,2,1631046974
paddu,F-Kouma,2,Dragoi,C-Kouma,0,1631047078
paddu,F-Kouma,0,Dragoi,C-Kouma,2,1631047176
paddu,F-Kouma,2,Dragoi,C-Kouma,1,1631047314
paddu,F-Kouma,2,Dragoi,C-Kouma,1,1631047468
paddu,F-Kouma,0,Dragoi,C-Kouma,2,1631047592
paddu,F-Kouma,2,Dragoi,C-Kouma,0,1631047717
paddu,F-Kouma,1,Dragoi,C-Kouma,2,1631047847
paddu,F-Kouma,2,Dragoi,C-Kouma,0,1631047948
paddu,F-Kouma,1,Dragoi,C-Kouma,2,1631048126
paddu,F-Kouma,1,Dragoi,C-Kouma,2,1631048238
paddu,F-Kouma,0,Dragoi,C-Kouma,2,1631048354
paddu,F-Kouma,1,Dragoi,C-Kouma,2,1631048508
paddu,C-Roa,2,Dragoi,C-Kouma,0,1631048646
paddu,C-Roa,2,Dragoi,C-Kouma,0,1631048772
paddu,C-Roa,1,Dragoi,C-Kouma,2,1631048932
paddu,C-Aoko,1,Dragoi,C-Kouma,2,1631049102
paddu,C-Aoko,2,Dragoi,C-Kouma,1,1631049272
paddu,F-Nero,2,Dragoi,C-Kouma,1,1631049431
paddu,F-Nero,0,Dragoi,C-Kouma,2,1631049516
paddu,F-Nero,1,Dragoi,C-Kouma,2,1631049683
paddu,F-Nero,2,Dragoi,C-Kouma,0,1631049820
paddu,F-Nero,2,Dragoi,C-Kouma,1,1631050002
paddu,F-Nero,2,Dragoi,C-Kouma,0,1631050104
paddu,F-Nero,1,Dragoi,C-Kouma,2,1631050249
paddu,F-Nero,2,Dragoi,C-Kouma,0,1631050389
paddu,F-Nero,2,Dragoi,C-Kouma,0,1631050507
paddu,F-Nero,2,Dragoi,C-Kouma,0,1631050611
paddu,F-Nero,2,Dragoi,C-Kouma,0,1631050728
paddu,F-Wara,2,FantastGRD,C-Nanaya,0,1631142776
paddu,F-Wara,2,FantastGRD,C-Nanaya,0,1631142872
paddu,F-Wara,2,FantastGRD,C-Nanaya,0,1631142969
paddu,F-Wara,2,FantastGRD,C-Nanaya,0,1631143075
paddu,F-Wara,2,FantastGRD,C-Nanaya,0,1631143180
paddu,F-Wara,2,FantastGRD,C-Nanaya,0,1631143268
paddu,F-Wara,2,FantastGRD,C-Nanaya,0,1631143379
paddu,F-Wara,2,FantastGRD,C-Nanaya,0,1631143487
paddu,F-Wara,2,FantastGRD,C-Nanaya,0,1631143577
paddu,F-Wara,2,FantastGRD,C-Nanaya,0,1631143682
paddu,F-Wara,0,Magemo,F-Sion,2,1631188593
paddu,F-Wara,2,Magemo,F-Sion,0,1631188689
paddu,F-Wara,2,Magemo,F-Sion,1,1631188856
paddu,F-Wara,2,Magemo,F-Sion,0,1631188942
paddu,F-Wara,2,Magemo,F-Sion,0,1631189053
paddu,F-Wara,2,Magemo,F-Sion,0,1631189144
paddu,F-Wara,0,Magemo,F-Sion,2,1631189254
paddu,F-Wara,2,Magemo,F-Sion,1,1631189377
paddu,F-Wara,2,Magemo,F-Sion,0,1631189445
paddu,F-Wara,2,Magemo,F-Sion,0,1631189528
paddu,F-Wara,2,Magemo,F-Sion,0,1631189627
paddu,F-Wara,2,Magemo,F-Sion,0,1631189744
paddu,F-Wara,2,joe,C-Kouma,0,1631192608
paddu,F-Wara,2,joe,C-Kouma,0,1631192703
paddu,F-Wara,2,joe,C-Kouma,0,1631192789
paddu,F-Wara,2,joe,C-Kouma,0,1631192876
paddu,F-Wara,2,joe,C-Kouma,0,1631192971
paddu,F-Wara,2,joe,C-Kouma,0,1631193111
paddu,F-Wara,2,joe,C-Kouma,0,1631193216
paddu,F-Wara,2,joe,C-Kouma,1,1631193408
paddu,F-Wara,2,joe,C-Kouma,0,1631193506
paddu,F-Wara,2,joe,C-Kouma,0,1631193602
paddu,F-Wara,2,Simperheve,F-Hime,0,1631217300
paddu,F-Wara,2,Simperheve,F-Hime,1,1631217496
paddu,F-Wara,2,Simperheve,F-Hime,1,1631217609
paddu,F-Wara,2,Simperheve,F-Hime,0,1631217711
paddu,F-Wara,2,Simperheve,F-Hime,0,1631217790
paddu,F-Wara,2,Simperheve,F-Hime,1,1631217968
paddu,F-Wara,2,Simperheve,F-Hime,0,1631218088
paddu,F-Wara,2,Simperheve,F-Hime,1,1631218253
paddu,F-Wara,2,Simperheve,F-Hime,0,1631218322
paddu,F-Wara,2,Simperheve,F-Hime,1,1631218440
paddu,F-Wara,1,Simperheve,F-Hime,2,1631218607
paddu,F-Wara,1,Simperheve,F-Hime,2,1631218787
paddu,F-Wara,2,Simperheve,F-Hime,0,1631218883
paddu,F-Wara,2,Simperheve,F-Miyako,0,1631218982
paddu,F-Wara,2,Simperheve,F-Miyako,0,1631219093
paddu,F-Wara,2,Simperheve,F-Miyako,0,1631219205
paddu,F-Wara,2,Simperheve,F-Miyako,0,1631219328
paddu,F-Wara,2,Simperheve,F-Miyako,0,1631219413
paddu,F-Wara,2,Simperheve,F-Miyako,0,1631219526
paddu,F-Wara,2,Simperheve,F-Miyako,0,1631219611
paddu,F-Wara,2,Simperheve,F-Miyako,0,1631219675
paddu,C-Miyako,2,Simperheve,F-Hime,0,1631219807
paddu,C-Miyako,0,Simperheve,F-Hime,2,1631219930
paddu,C-Miyako,1,Simperheve,F-Hime,2,1631220049
paddu,C-Miyako,2,Simperheve,F-Hime,0,1631220144
paddu,C-Miyako,2,Simperheve,F-Hime,1,1631220283
paddu,C-Miyako,1,Simperheve,F-Hime,2,1631220443
paddu,C-Miyako,2,Simperheve,F-Hime,1,1631220638
paddu,C-Miyako,2,Simperheve,F-Hime,0,1631220719
paddu,C-Miyako,2,Simperheve,F-Hime,1,1631220887
paddu,C-Miyako,2,Simperheve,F-Hime,0,1631220968
paddu,C-Miyako,2,Simperheve,F-Hime,0,1631221096
paddu,C-Miyako,1,Simperheve,F-Hime,2,1631221232
paddu,C-Miyako,2,Simperheve,F-Hime,0,1631221327
paddu,C-Miyako,2,Simperheve,F-Hime,0,1631221407
paddu,F-Wara,2,KymPrecision,C-Nero,1,1631222274
paddu,F-Wara,2,KymPrecision,C-Nero,1,1631222432
paddu,F-Wara,0,KymPrecision,C-Nero,2,1631222519
paddu,F-Wara,2,KymPrecision,C-Nero,0,1631222636
paddu,F-Wara,2,KymPrecision,C-Nero,1,1631222788
paddu,F-Wara,2,KymPrecision,C-Nero,0,1631222898
paddu,F-Wara,1,KymPrecision,C-Nero,2,1631223073
paddu,F-Wara,2,KymPrecision,C-Nero,1,1631223258
paddu,F-Wara,2,KymPrecision,C-Nero,0,1631223369
paddu,F-Wara,2,KymPrecision,C-Nero,0,1631223497
paddu,F-Wara,2,KymPrecision,C-Nero,1,1631223680
paddu,F-Wara,2,KymPrecision,C-Nero,0,1631223766
paddu,F-Wara,2,KymPrecision,C-Nero,0,1631223882
paddu,F-Wara,2,KymPrecision,C-Nero,0,1631223982
paddu,F-Wara,2,KymPrecision,C-Nero,0,1631224085
paddu,F-Wara,2,KymPrecision,C-Nero,0,1631224207
paddu,F-Wara,2,KymPrecision,C-Nero,0,1631224304
paddu,F-Wara,0,KymPrecision,C-Nero,2,1631224435
paddu,F-Wara,2,KymPrecision,C-Nero,1,1631224616
paddu,F-Wara,2,KymPrecision,C-Nero,0,1631224736
paddu,F-Wara,2,KymPrecision,C-Nero,0,1631224872
paddu,F-Wara,2,KymPrecision,C-Nero,1,1631225076
paddu,F-Wara,2,KymPrecision,C-Nero,0,1631225189
paddu,C-Nero,2,joseph,C-Nero,0,1631286008
paddu,C-Nero,2,joseph,C-Nero,0,1631286093
paddu,C-Nero,2,joseph,C-Nero,1,1631286272
paddu,C-Nero,1,joseph,C-Nero,2,1631286490
paddu,C-Nero,2,joseph,C-Nero,1,1631286665
paddu,C-Nero,2,joseph,C-Nero,1,1631286836
paddu,C-Nero,2,joseph,C-Nero,1,1631287018
paddu,C-Nero,0,joseph,C-Nero,2,1631287145
paddu,C-Nero,2,joseph,C-Nero,0,1631287235
paddu,C-Nero,2,joseph,C-Nero,1,1631287384
paddu,C-Nero,2,joseph,C-Nero,0,1631287502
paddu,C-Nero,2,joseph,C-Nero,1,1631287649
paddu,F-Wara,2,joseph,H-Nero,1,1631287825
paddu,H-V.Akiha,2,Simperheve,C-Miyako,0,1631307805
paddu,H-V.Akiha,0,Simperheve,C-Miyako,2,1631307910
paddu,H-V.Akiha,2,Simperheve,C-Miyako,0,1631308011
paddu,H-V.Akiha,2,Simperheve,C-Miyako,0,1631308099
paddu,H-V.Akiha,0,Simperheve,C-Miyako,2,1631308227
paddu,H-V.Akiha,2,Simperheve,C-Miyako,0,1631308333
paddu,H-V.Akiha,2,Simperheve,C-Miyako,0,1631308469
paddu,H-V.Akiha,2,Simperheve,C-Miyako,0,1631308555
paddu,H-V.Akiha,2,Simperheve,C-Miyako,0,1631308655
paddu,H-V.Akiha,2,Simperheve,C-Miyako,0,1631308778
paddu,H-V.Akiha,2,Simperheve,C-Miyako,1,1631308958
paddu,H-V.Akiha,1,Simperheve,C-Miyako,2,1631309181
paddu,H-V.Akiha,2,Simperheve,C-Miyako,0,1631309285
paddu,F-Ries,2,Ing,F-Ciel,0,1631319518
paddu,F-Ries,2,Ing,F-Ciel,0,1631319614
paddu,F-Ries,1,Ing,F-Ciel,2,1631319785
paddu,F-Ries,2,Ing,F-Ciel,1,1631319958
paddu,F-Ries,2,Ing,F-Ciel,0,1631320064
paddu,F-Ries,2,Ing,F-Ciel,1,1631320192
paddu,F-Ries,2,Ing,F-Ciel,0,1631320299
paddu,F-Ries,1,Ing,F-Ciel,2,1631320440
paddu,F-Ries,2,Ing,F-Ciel,1,1631320638
paddu,F-Ries,2,Ing,F-Ciel,1,1631320790
paddu,F-Ries,1,Ing,F-Ciel,2,1631320923
paddu,F-Ries,2,Ing,F-Ciel,1,1631321068
paddu,F-Ries,0,Ing,F-Ciel,2,1631321196
paddu,F-Ries,2,Ing,F-Ciel,1,1631321357
paddu,C-Nero,2,Ing,C-Sion,0,1631321454
paddu,C-Nero,2,Ing,C-Sion,0,1631321531
paddu,C-Nero,2,Ing,C-Sion,0,1631321622
paddu,C-Nero,2,Ing,C-Sion,0,1631321708
paddu,C-Nero,2,Ing,C-Sion,1,1631321877
paddu,C-Nero,2,Ing,C-Sion,0,1631321986
paddu,C-Nero,2,Ing,C-Sion,0,1631322075
paddu,C-Nero,2,Ing,C-Sion,0,1631322192
paddu,C-Nero,2,Ing,C-Sion,0,1631322266
paddu,C-Nero,2,Ing,C-Sion,0,1631322349
paddu,F-Ries,1,Magemo,F-Sion,2,1631366334
paddu,F-Ries,2,Magemo,F-Sion,1,1631366532
paddu,F-Ries,2,Magemo,F-Sion,1,1631366677
paddu,F-Ries,2,Magemo,F-Sion,1,1631366892
paddu,F-Ries,2,Magemo,F-Sion,0,1631367009
paddu,F-Ries,2,Magemo,F-Sion,0,1631367104
paddu,F-Ries,2,Magemo,F-Sion,1,1631367280
paddu,F-Ries,2,Magemo,F-Sion,0,1631367411
paddu,C-Nero,2,Magemo,F-Hime,0,1631376378
paddu,C-Nero,2,Magemo,F-Hime,0,1631376470
paddu,C-Nero,2,Magemo,F-Hime,0,1631376583
paddu,C-Nero,2,Magemo,F-Hime,1,1631376733
paddu,C-Nero,2,Magemo,F-Hime,1,1631376889
paddu,C-Nero,2,Magemo,F-Hime,0,1631377014
paddu,C-Nero,2,Magemo,F-Hime,0,1631377128
paddu,C-Nero,2,Magemo,F-Hime,1,1631377282
paddu,C-Nero,2,Shorakyn,C-Ries,0,1631379488
paddu,C-Nero,2,Shorakyn,C-Ries,0,1631379623
paddu,C-Nero,0,Draig,F-Ryougi,2,1631382524
paddu,C-Nero,0,cyclopz0rs,F-V.Akiha,2,1631384721
paddu,C-Nero,2,cyclopz0rs,F-V.Akiha,0,1631388965
paddu,C-Nero,2,cyclopz0rs,F-V.Akiha,0,1631389055
paddu,C-Nero,2,cyclopz0rs,F-V.Akiha,0,1631389164
paddu,C-Nero,2,cyclopz0rs,F-V.Akiha,0,1631389286
paddu,C-Nero,2,cyclopz0rs,F-V.Akiha,1,1631389437
paddu,H-V.Sion,0,Draig,H-Satsuki,2,1631399349
paddu,F-Ries,2,Draig,H-Satsuki,1,1631399512
paddu,F-Ries,2,Draig,H-Satsuki,0,1631399633
paddu,F-Ries,1,Draig,H-Satsuki,2,1631399762
paddu,F-Ries,0,Draig,H-Satsuki,2,1631399865
paddu,F-Ries,0,Draig,H-Satsuki,2,1631399967
paddu,F-Ries,2,Draig,H-Satsuki,0,1631400101
paddu,F-Ries,1,Draig,H-Satsuki,2,1631400313
paddu,F-Ries,2,Draig,H-Satsuki,1,1631400431
paddu,F-Ries,2,Draig,H-Satsuki,0,1631400554
paddu,F-Ries,1,Draig,H-Satsuki,2,1631400749
paddu,F-Ries,2,Draig,H-Satsuki,1,1631400899
paddu,F-Ries,2,Draig,H-Satsuki,1,1631401086
paddu,F-Ries,1,Draig,H-Satsuki,2,1631401229
paddu,F-Ries,0,Draig,H-Satsuki,2,1631401323
paddu,F-Wara,1,Draig,H-Satsuki,2,1631401495
paddu,F-Wara,1,Draig,H-Satsuki,2,1631401672
paddu,F-Wara,0,Draig,H-Satsuki,2,1631401761
paddu,F-Wara,0,Draig,H-Satsuki,2,1631401912
paddu,F-Wara,1,Draig,H-Satsuki,2,1631402060
paddu,F-Wara,1,Draig,H-Satsuki,2,1631402165
paddu,C-M.Hisui,0,Draig,H-Satsuki,2,1631402310
paddu,C-M.Hisui,0,Draig,H-Satsuki,2,1631402405
paddu,C-M.Hisui,0,Draig,H-Satsuki,2,1631402537
paddu,C-M.Hisui,2,Draig,H-Satsuki,0,1631402721
paddu,F-Wara,2,isloudas,H-Roa,1,1631450855
paddu,F-Wara,2,isloudas,H-Roa,1,1631450996
paddu,F-Wara,2,isloudas,H-Roa,0,1631451091
paddu,F-Wara,2,isloudas,H-Roa,1,1631451270
paddu,F-Wara,0,isloudas,H-Roa,2,1631451380
paddu,F-Wara,2,isloudas,H-Roa,0,1631451456
paddu,F-Wara,2,isloudas,H-Roa,0,1631451539
paddu,F-Wara,1,isloudas,H-Roa,2,1631451719
paddu,F-Wara,2,isloudas,H-Roa,0,1631451830
paddu,F-Wara,2,isloudas,H-Roa,0,1631451923
paddu,F-Wara,2,isloudas,H-Roa,1,1631452056
paddu,F-Wara,2,isloudas,H-Roa,0,1631452149
paddu,C-Tohno,2,isloudas,H-Roa,0,1631452292
paddu,C-Tohno,2,isloudas,H-Roa,0,1631452417
paddu,C-Tohno,1,isloudas,H-Roa,2,1631452615
paddu,C-Tohno,2,isloudas,H-Roa,0,1631452769
paddu,C-Tohno,2,isloudas,H-Roa,0,1631452897
paddu,C-Tohno,2,isloudas,H-Roa,1,1631453099
paddu,C-Tohno,1,isloudas,H-Roa,2,1631453292
paddu,C-Tohno,2,isloudas,H-Roa,0,1631453420
paddu,C-Tohno,2,isloudas,H-Roa,1,1631453572
paddu,C-Tohno,2,isloudas,H-Roa,1,1631453825
paddu,C-Tohno,2,isloudas,H-Roa,1,1631454021
paddu,C-Tohno,2,isloudas,H-Roa,0,1631454153
paddu,H-V.Sion,2,isloudas,H-Roa,0,1631454612
paddu,H-V.Sion,2,isloudas,H-Roa,0,1631454733
paddu,H-V.Sion,1,isloudas,H-Roa,2,1631454913
paddu,H-V.Sion,2,isloudas,H-Roa,1,1631455104
paddu,H-V.Sion,2,isloudas,H-Roa,1,1631455289
paddu,H-V.Sion,1,isloudas,H-Roa,2,1631455474
paddu,H-V.Sion,2,isloudas,H-Roa,0,1631455619
paddu,H-V.Sion,2,isloudas,H-Roa,1,1631455790
paddu,H-V.Sion,2,isloudas,H-Roa,0,1631455881
paddu,H-V.Sion,2,isloudas,H-Roa,0,1631455984
paddu,H-V.Sion,2,isloudas,H-Roa,0,1631456117
paddu,H-V.Sion,1,isloudas,H-Roa,2,1631456325
paddu,H-V.Sion,2,Windwalker,C-S.Akiha,0,1631464967
paddu,H-V.Sion,2,Windwalker,C-S.Akiha,0,1631465077
paddu,H-V.Sion,2,Windwalker,C-S.Akiha,0,1631465186
paddu,H-V.Sion,2,Windwalker,C-S.Akiha,0,1631465274
paddu,H-V.Sion,2,Windwalker,C-S.Akiha,0,1631465353
paddu,H-V.Sion,2,Windwalker,C-S.Akiha,0,1631465457
paddu,H-V.Sion,2,Windwalker,C-S.Akiha,0,1631465543
paddu,H-V.Sion,2,Windwalker,C-S.Akiha,0,1631465647
paddu,H-V.Sion,2,Windwalker,C-S.Akiha,0,1631465732
paddu,H-V.Sion,2,Windwalker,C-S.Akiha,0,1631465830
paddu,H-V.Sion,0,isloudas,C-Wara,2,1631557565
paddu,H-V.Sion,2,isloudas,C-Wara,0,1631557674
paddu,H-V.Sion,2,isloudas,C-Wara,0,1631557783
paddu,H-V.Sion,2,isloudas,C-Wara,0,1631557887
paddu,H-V.Sion,2,isloudas,C-Wara,1,1631558077
paddu,H-V.Sion,2,isloudas,C-Wara,0,1631558175
paddu,H-V.Sion,2,isloudas,C-Wara,1,1631558354
paddu,H-V.Sion,2,isloudas,C-Wara,0,1631558443
paddu,H-V.Sion,2,isloudas,C-Wara,0,1631558541
paddu,H-V.Sion,2,isloudas,C-Wara,0,1631558614
paddu,H-V.Sion,1,isloudas,C-Wara,2,1631558794
paddu,H-V.Sion,2,isloudas,C-Wara,0,1631558882
paddu,H-V.Sion,2,isloudas,C-Wara,0,1631559001
paddu,H-V.Sion,2,isloudas,C-Wara,1,1631559175
paddu,H-V.Sion,1,isloudas,C-Wara,2,1631559413
paddu,H-V.Sion,2,isloudas,C-Wara,0,1631559553
paddu,H-V.Sion,1,isloudas,C-Wara,2,1631559670
paddu,H-V.Sion,2,isloudas,C-Wara,0,1631559753
paddu,H-V.Sion,2,isloudas,C-Wara,1,1631559981
paddu,H-V.Sion,0,hectopascal,C-S.Akiha,2,1631626052
paddu,H-V.Sion,1,hectopascal,C-S.Akiha,2,1631626232
paddu,H-V.Sion,2,hectopascal,C-S.Akiha,1,1631626430
paddu,H-V.Sion,1,hectopascal,C-S.Akiha,2,1631626584
paddu,H-V.Sion,2,hectopascal,C-S.Akiha,0,1631626718
paddu,H-V.Sion,2,hectopascal,C-S.Akiha,1,1631626908
paddu,H-V.Sion,2,hectopascal,C-S.Akiha,0,1631627024
paddu,H-V.Sion,0,hectopascal,C-S.Akiha,2,1631627129
paddu,H-V.Sion,2,hectopascal,C-S.Akiha,0,1631627237
paddu,H-V.Sion,2,hectopascal,C-S.Akiha,0,1631627376
paddu,H-V.Sion,2,hectopascal,C-S.Akiha,1,1631627544
paddu,H-V.Sion,2,hectopascal,C-S.Akiha,0,1631627711
paddu,H-V.Sion,2,hectopascal,C-S.Akiha,0,1631627817
paddu,H-V.Sion,2,hectopascal,C-S.Akiha,1,1631627979
paddu,H-V.Sion,2,hectopascal,C-S.Akiha,1,1631628132
paddu,H-V.Sion,2,hectopascal,C-S.Akiha,0,1631628219
paddu,H-V.Sion,0,hectopascal,C-S.Akiha,2,1631628360
paddu,H-V.Sion,2,hectopascal,C-S.Akiha,0,1631628480
paddu,H-V.Sion,2,hectopascal,C-S.Akiha,1,1631628693
paddu,H-V.Sion,2,hectopascal,C-S.Akiha,1,1631628876
paddu,H-V.Sion,2,hectopascal,C-S.Akiha,0,1631628974
paddu,H-V.Sion,0,hectopascal,C-S.Akiha,2,1631629085
paddu,H-V.Sion,2,hectopascal,C-S.Akiha,0,1631629212
paddu,H-V.Sion,2,hectopascal,C-S.Akiha,0,1631629323
paddu,H-V.Sion,2,hectopascal,C-S.Akiha,0,1631629473
paddu,H-V.Sion,2,hectopascal,C-S.Akiha,0,1631629637
paddu,H-V.Sion,2,Afro Viking,F-Nanaya,0,1631630389
paddu,H-V.Sion,0,Afro Viking,F-Nanaya,2,1631630521
paddu,H-V.Sion,0,Afro Viking,F-Nanaya,2,1631630651
paddu,H-V.Sion,2,Afro Viking,F-Nanaya,0,1631630746
paddu,H-V.Sion,2,Afro Viking,F-Nanaya,1,1631630932
paddu,H-V.Sion,2,Afro Viking,F-Nanaya,1,1631631045
paddu,H-V.Sion,2,Afro Viking,F-Nanaya,1,1631631180
paddu,H-V.Sion,2,Afro Viking,F-Nanaya,1,1631631329
paddu,H-V.Sion,1,Afro Viking,F-Nanaya,2,1631631484
paddu,H-V.Sion,1,Afro Viking,F-Nanaya,2,1631631616
paddu,H-V.Sion,2,Afro Viking,F-Nanaya,0,1631631738
paddu,H-V.Sion,2,Afro Viking,F-Nanaya,0,1631631838
paddu,H-V.Sion,2,Afro Viking,F-Nanaya,1,1631631994
paddu,H-V.Sion,2,Afro Viking,F-Nanaya,0,1631632083
paddu,H-V.Sion,2,Afro Viking,F-Nanaya,1,1631632217
paddu,H-V.Sion,2,Afro Viking,F-Nanaya,1,1631632411
paddu,H-V.Sion,2,Afro Viking,F-Nero,0,1631632543
paddu,H-V.Sion,2,Afro Viking,F-Nero,0,1631632649
paddu,H-V.Sion,1,Afro Viking,F-Nero,2,1631632816
paddu,H-V.Sion,0,Afro Viking,F-Nero,2,1631632950
paddu,H-V.Sion,2,Afro Viking,F-Nero,0,1631633061
paddu,H-V.Sion,2,Afro Viking,F-Nero,1,1631633194
paddu,H-V.Sion,2,Afro Viking,F-Nero,1,1631633369
paddu,H-V.Sion,2,Afro Viking,F-Nero,0,1631633485
paddu,H-V.Sion,2,Afro Viking,F-Nero,1,1631633650
paddu,H-V.Sion,2,Afro Viking,F-Nero,0,1631633775
paddu,H-V.Sion,2,Afro Viking,F-Nero,0,1631633895
paddu,H-V.Sion,2,Afro Viking,F-Nero,0,1631634011
paddu,H-V.Sion,1,Afro Viking,F-Nero,2,1631634185
paddu,H-V.Sion,2,Afro Viking,F-Nero,1,1631634386
paddu,H-V.Sion,2,Afro Viking,F-Nero,0,1631634481
paddu,H-V.Sion,0,Afro Viking,F-Nero,2,1631634614
paddu,H-V.Sion,2,Afro Viking,F-Nero,1,1631634778
paddu,H-V.Sion,0,Afro Viking,F-Nero,2,1631634898
paddu,H-V.Sion,2,Afro Viking,F-Nero,0,1631634967
paddu,H-V.Sion,2,Afro Viking,F-Nero,0,1631635096
paddu,H-V.Sion,1,Afro Viking,F-Nero,2,1631635252
paddu,H-V.Sion,2,Afro Viking,F-Nero,1,1631635467
paddu,H-V.Sion,2,Afro Viking,F-Nero,0,1631635574
paddu,H-V.Sion,2,Deviance,F-Akiha,1,1631635932
paddu,H-V.Sion,2,Deviance,F-Akiha,1,1631636100
paddu,H-V.Sion,2,Deviance,F-Akiha,0,1631636236
paddu,H-V.Sion,2,Deviance,F-Akiha,0,1631636344
paddu,H-V.Sion,2,Deviance,F-Akiha,0,1631636442
paddu,H-V.Sion,1,Deviance,F-Akiha,2,1631636604
paddu,H-V.Sion,0,Deviance,F-Akiha,2,1631636727
paddu,H-V.Sion,2,Deviance,F-Akiha,1,1631636886
paddu,H-V.Sion,2,Deviance,F-Akiha,0,1631637034
paddu,H-V.Sion,2,Deviance,F-Akiha,0,1631637137
paddu,H-V.Sion,2,Deviance,F-Akiha,1,1631637303
paddu,H-V.Sion,1,Deviance,F-Akiha,2,1631637507
paddu,H-V.Sion,2,Deviance,F-Akiha,0,1631637646
paddu,H-V.Sion,2,Deviance,F-Akiha,1,1631637809
paddu,H-V.Sion,2,Deviance,F-Akiha,0,1631637937
paddu,H-V.Sion,1,Deviance,F-Akiha,2,1631638085
paddu,H-V.Sion,2,Deviance,F-Akiha,0,1631638220
paddu,H-V.Sion,0,Deviance,F-Akiha,2,1631638358
paddu,H-V.Sion,0,Deviance,F-Akiha,2,1631638491
paddu,H-V.Sion,2,Deviance,F-Akiha,1,1631638699
paddu,H-V.Sion,2,Deviance,F-Akiha,0,1631638839
paddu,H-V.Sion,2,Deviance,F-Akiha,0,1631638944
paddu,H-V.Sion,2,Deviance,F-Akiha,0,1631639053
paddu,H-V.Sion,2,Chid,C-Ciel,0,1631656257
paddu,H-V.Sion,2,Chid,C-Ciel,0,1631656368
paddu,H-V.Sion,2,Chid,C-Ciel,0,1631656469
paddu,H-V.Sion,2,Chid,C-Ciel,0,1631656568
paddu,H-V.Sion,2,Chid,C-Ciel,0,1631656688
paddu,H-V.Sion,2,Chid,C-Ciel,1,1631656876
paddu,H-V.Sion,2,Chid,C-Ciel,0,1631656994
paddu,H-V.Sion,2,Chid,C-Ciel,0,1631657114
paddu,H-V.Sion,2,37.189.33.144,H-Roa,0,1631657338
paddu,H-V.Sion,2,37.189.33.144,H-Roa,0,1631657453
paddu,H-V.Sion,2,37.189.33.144,H-Roa,0,1631657549
paddu,H-V.Sion,2,37.189.33.144,H-Roa,0,1631657629
paddu,H-V.Sion,2,FantastGRD,C-Nanaya,0,1631727072
paddu,H-V.Sion,2,FantastGRD,C-Nanaya,0,1631727177
paddu,H-V.Sion,2,FantastGRD,C-Nanaya,0,1631727254
paddu,H-V.Sion,2,FantastGRD,C-Nanaya,0,1631727344
paddu,H-V.Sion,2,FantastGRD,C-Nanaya,0,1631727432
paddu,H-V.Sion,2,FantastGRD,C-Nanaya,0,1631727547
paddu,H-V.Sion,2,FantastGRD,C-Nanaya,0,1631727645
paddu,H-V.Sion,2,FantastGRD,C-Nanaya,0,1631727725
paddu,H-V.Sion,2,FantastGRD,C-Nanaya,0,1631727802
paddu,H-V.Sion,2,FantastGRD,C-Nanaya,1,1631727924
paddu,H-V.Sion,2,Smo,F-Hime,0,1631728064
paddu,H-V.Sion,0,Smo,F-Hime,2,1631728170
paddu,H-V.Sion,2,Smo,F-Hime,1,1631728294
paddu,H-V.Sion,2,Smo,F-Hime,1,1631728472
paddu,H-V.Sion,2,Smo,F-Hime,0,1631728560
paddu,H-V.Sion,2,Smo,F-Hime,1,1631728727
paddu,H-V.Sion,2,Smo,F-Hime,0,1631728796
paddu,H-V.Sion,2,Smo,F-Hime,1,1631728991
paddu,H-V.Sion,2,Shorakyn,C-Ries,0,1631758315
paddu,H-V.Sion,2,Shorakyn,C-Ries,0,1631758443
paddu,H-V.Sion,2,Shorakyn,C-Ries,1,1631758640
paddu,H-V.Sion,1,Shorakyn,C-Ries,2,1631758802
paddu,H-V.Sion,1,Shorakyn,C-Ries,2,1631758987
paddu,H-V.Sion,2,Shorakyn,C-Ries,1,1631759203
paddu,H-V.Sion,0,Shorakyn,C-Ries,2,1631759273
paddu,H-V.Sion,2,Shorakyn,C-Ries,0,1631759442
paddu,H-V.Sion,2,Shorakyn,C-Ries,1,1631759589
paddu,H-V.Sion,1,Shorakyn,C-Ries,2,1631759797
paddu,H-V.Sion,2,Shorakyn,C-Ries,0,1631759982
paddu,H-V.Sion,2,Shorakyn,C-Ries,1,1631760183
paddu,H-V.Sion,1,Shorakyn,C-Ries,2,1631760340
paddu,H-V.Sion,2,Shorakyn,C-Ries,0,1631760499
paddu,H-V.Sion,2,Shorakyn,C-Ries,1,1631760672
paddu,H-V.Sion,2,Deviance,F-Akiha,1,1631809058
paddu,H-V.Sion,1,Deviance,F-Akiha,2,1631809283
paddu,H-V.Sion,0,Deviance,F-Akiha,2,1631809403
paddu,H-V.Sion,2,Deviance,F-Akiha,0,1631809508
paddu,H-V.Sion,1,Deviance,F-Akiha,2,1631809682
paddu,H-V.Sion,1,Deviance,F-Akiha,2,1631809825
paddu,H-V.Sion,2,Deviance,F-Akiha,0,1631809995
paddu,H-V.Sion,2,Deviance,F-Akiha,0,1631810134
paddu,H-V.Sion,2,Deviance,F-Akiha,1,1631810383
paddu,H-V.Sion,2,Deviance,F-Akiha,0,1631810468
paddu,H-V.Sion,2,Deviance,F-Akiha,0,1631810610
paddu,H-V.Sion,1,Deviance,F-Akiha,2,1631810782
paddu,H-V.Sion,2,Deviance,F-Akiha,0,1631810893
paddu,H-V.Sion,0,Deviance,F-Akiha,2,1631810997
paddu,H-V.Sion,1,Deviance,F-Akiha,2,1631811177
paddu,H-V.Sion,2,Deviance,F-Akiha,0,1631811294
paddu,H-V.Sion,0,Deviance,F-Akiha,2,1631811442
paddu,H-V.Sion,1,Deviance,F-Akiha,2,1631811592
paddu,H-V.Sion,2,Deviance,F-Akiha,0,1631811721
paddu,F-Ries,1,Deviance,F-Akiha,2,1631811955
paddu,F-Ries,2,Deviance,F-Akiha,0,1631812070
paddu,F-Ries,2,Deviance,F-Akiha,0,1631812200
paddu,F-Ries,2,Deviance,F-Akiha,1,1631812406
paddu,F-Ries,2,Deviance,F-Akiha,1,1631812558
paddu,F-Ries,2,Deviance,F-Akiha,0,1631812675
paddu,C-Hisui,2,isloudas,C-Wara,1,1631917078
paddu,C-Hisui,2,isloudas,C-Wara,0,1631917184
paddu,C-Hisui,2,isloudas,C-Wara,0,1631917307
paddu,C-Hisui,2,isloudas,C-Wara,0,1631917438
paddu,C-Hisui,2,isloudas,C-Wara,0,1631917553
paddu,C-Hisui,0,isloudas,H-Roa,2,1631917663
paddu,C-Hisui,2,isloudas,H-Roa,1,1631917870
paddu,C-Hisui,1,isloudas,H-Roa,2,1631918106
paddu,C-Hisui,2,isloudas,H-Roa,1,1631918347
paddu,C-Hisui,0,isloudas,H-Roa,2,1631918492
paddu,C-Hisui,2,isloudas,H-Roa,1,1631918711
paddu,C-Hisui,2,isloudas,H-Roa,1,1631918943
paddu,C-Hisui,0,isloudas,H-Roa,2,1631919053
paddu,C-Hisui,2,isloudas,H-Roa,0,1631919176
paddu,C-Hisui,2,isloudas,H-Roa,0,1631919325
paddu,C-Hisui,2,isloudas,H-Roa,0,1631919460
paddu,C-Hisui,2,isloudas,H-Roa,1,1631919635
paddu,C-Hisui,2,isloudas,H-Roa,0,1631919782
paddu,C-Hisui,2,isloudas,H-Roa,0,1631919898
paddu,C-Hisui,2,isloudas,H-Roa,1,1631920122
paddu,H-KohaMech,2,isloudas,H-Roa,1,1631920297
paddu,H-KohaMech,0,isloudas,H-Roa,2,1631920422
paddu,H-KohaMech,2,isloudas,H-Roa,0,1631920544
paddu,H-KohaMech,2,isloudas,H-Roa,0,1631920653
paddu,F-Ryougi,1,isloudas,C-Wara,2,1631920798
paddu,F-Ryougi,0,isloudas,C-Wara,2,1631920905
paddu,F-V.Akiha,2,isloudas,C-Wara,0,1631921018
paddu,F-V.Akiha,2,isloudas,C-Wara,1,1631921157
paddu,F-V.Akiha,0,isloudas,C-Wara,2,1631921266
paddu,F-V.Akiha,2,isloudas,C-Wara,0,1631921388
paddu,F-V.Akiha,2,isloudas,C-Wara,1,1631921535
paddu,F-V.Akiha,2,isloudas,C-Wara,1,1631921698
paddu,F-V.Akiha,2,isloudas,C-Wara,0,1631921801
paddu,F-V.Akiha,2,isloudas,C-Wara,0,1631921881
paddu,F-V.Akiha,1,isloudas,C-Wara,2,1631922015
paddu,C-Sion,2,isloudas,H-Roa,1,1631922180
paddu,C-Sion,2,isloudas,H-Roa,1,1631922347
paddu,C-Hisui,2,Rainblood,F-Kouma,1,1631978430
paddu,C-Hisui,2,Rainblood,F-Kouma,1,1631978611
paddu,C-Hisui,2,Rainblood,F-Kouma,0,1631978714
paddu,C-Hisui,2,Rainblood,F-Kouma,0,1631978847
paddu,C-Hisui,2,Rainblood,F-Kouma,0,1631979004
paddu,C-Hisui,2,Rainblood,F-Kouma,0,1631979133
paddu,C-Hisui,2,Rainblood,F-Kouma,0,1631979278
paddu,C-Hisui,2,Rainblood,F-Kouma,0,1631979405
paddu,C-Hisui,2,Rainblood,F-Kouma,1,1631979584
paddu,C-Hisui,2,Rainblood,F-Kouma,0,1631979720
paddu,C-Hisui,2,Tohno Shiki submissive and breedable,H-Tohno,0,1631988203
paddu,C-Hisui,2,Tohno Shiki submissive and breedable,H-Tohno,1,1631988413
paddu,C-Hisui,2,Tohno Shiki submissive and breedable,H-Tohno,0,1631988563
paddu,C-Hisui,2,Tohno Shiki submissive and breedable,H-Tohno,1,1631988734
paddu,C-Hisui,2,Tohno Shiki submissive and breedable,H-Tohno,0,1631988804
paddu,C-Hisui,2,Afro Viking,C-Tohno,0,1631989003
paddu,C-Hisui,1,Afro Viking,C-Tohno,2,1631989173
paddu,C-Hisui,2,Afro Viking,C-Tohno,0,1631989313
paddu,C-Hisui,2,Afro Viking,C-Tohno,1,1631989492
paddu,C-Hisui,2,Afro Viking,C-Tohno,0,1631989605
paddu,C-Hisui,2,Afro Viking,C-Tohno,0,1631989734
paddu,C-Hisui,2,Afro Viking,C-Tohno,1,1631989949
paddu,C-Hisui,2,Afro Viking,C-Tohno,0,1631990061
paddu,C-Hisui,2,Afro Viking,C-Tohno,0,1631990166
paddu,C-Hisui,2,Afro Viking,C-Tohno,0,1631990282
paddu,C-Hisui,2,Afro Viking,C-Tohno,0,1631990414
paddu,C-Hisui,2,Afro Viking,C-Tohno,0,1631990493
paddu,C-Hisui,2,Afro Viking,C-Tohno,0,1631990611
paddu,C-Hisui,2,Afro Viking,C-Tohno,0,1631990715
paddu,C-Hisui,2,Afro Viking,F-Nanaya,0,1631990839
paddu,C-Hisui,2,Afro Viking,F-Nanaya,0,1631990955
paddu,C-Hisui,2,Afro Viking,F-Nanaya,1,1631991121
paddu,C-Hisui,1,Afro Viking,F-Nanaya,2,1631991298
paddu,C-Hisui,0,Afro Viking,F-Nanaya,2,1631991438
paddu,C-Hisui,2,Afro Viking,F-Nanaya,0,1631991552
paddu,C-Hisui,2,Afro Viking,F-Nanaya,0,1631991654
paddu,C-Hisui,2,Afro Viking,F-Nanaya,0,1631991793
paddu,C-Hisui,2,Afro Viking,F-Nanaya,1,1631991946
paddu,C-Hisui,1,Afro Viking,F-Nanaya,2,1631992157
paddu,C-Hisui,0,Afro Viking,F-Nanaya,2,1631992275
paddu,C-Hisui,2,Afro Viking,F-Nanaya,0,1631992389
paddu,C-Hisui,2,Afro Viking,F-Nanaya,0,1631992503
paddu,C-Hisui,2,Afro Viking,F-Nanaya,1,1631992642
paddu,F-Warc,1,Afro Viking,H-Arc,2,1631993154
paddu,F-Warc,2,Afro Viking,H-Arc,1,1631993319
paddu,F-Warc,0,Afro Viking,H-Arc,2,1631993428
paddu,F-Warc,2,Afro Viking,H-Arc,1,1631993596
paddu,F-Warc,2,Afro Viking,H-Arc,0,1631993713
paddu,F-Warc,2,Afro Viking,H-Arc,1,1631993891
paddu,F-Warc,2,Afro Viking,H-Arc,0,1631994005
paddu,F-Warc,2,Afro Viking,H-Arc,0,1631994141
paddu,F-Warc,2,Afro Viking,H-Arc,0,1631994239
paddu,F-Warc,2,Afro Viking,H-Arc,0,1631994341
paddu,F-Warc,2,Afro Viking,H-Arc,0,1631994455
paddu,F-Warc,2,Afro Viking,H-Arc,1,1631994628
paddu,F-Satsuki,2,Afro Viking,C-Tohno,0,1631995060
paddu,F-Satsuki,1,Afro Viking,C-Tohno,2,1631995228
paddu,F-Satsuki,2,Afro Viking,C-Tohno,0,1631995327
paddu,F-Satsuki,2,Afro Viking,C-Tohno,0,1631995433
paddu,F-Satsuki,1,Afro Viking,C-Tohno,2,1631995608
paddu,F-Roa,2,Afro Viking,F-Ryougi,0,1631995757
paddu,F-Roa,2,Afro Viking,F-Ryougi,1,1631995902
paddu,F-Roa,2,Afro Viking,F-Ryougi,0,1631996017
paddu,F-Roa,2,Afro Viking,F-Ryougi,0,1631996112
paddu,F-Roa,2,Afro Viking,F-Ryougi,0,1631996207
paddu,F-Roa,2,Afro Viking,F-Ryougi,0,1631996309
paddu,F-Roa,2,Afro Viking,F-Ryougi,0,1631996388
paddu,F-NAC,2,Afro Viking,H-NAC,1,1631996595
paddu,F-NAC,2,Afro Viking,H-NAC,0,1631996714
paddu,F-NAC,2,Afro Viking,H-NAC,0,1631996818
paddu,F-Arc,2,Afro Viking,H-Arc,1,1631997032
paddu,F-Arc,2,Afro Viking,H-Arc,0,1631997122
paddu,F-Arc,2,Afro Viking,H-Arc,0,1631997214
paddu,F-Arc,2,Afro Viking,H-Arc,1,1631997369
paddu,F-Arc,1,Afro Viking,H-Arc,2,1631997528
paddu,C-Hisui,2,Maka,H-Roa,0,1632073418
paddu,C-Hisui,2,Maka,H-Roa,0,1632073507
paddu,C-Hisui,2,Maka,H-Roa,0,1632073606
paddu,C-Hisui,0,Maka,H-Roa,2,1632073732
paddu,C-Hisui,2,Maka,H-Roa,0,1632073866
paddu,C-Hisui,2,Maka,H-Roa,0,1632073965
paddu,C-Hisui,2,Maka,H-Roa,0,1632074089
paddu,C-Hisui,2,Maka,H-Roa,1,1632074237
paddu,C-Hisui,2,Maka,H-Roa,1,1632074427
paddu,C-Hisui,2,Maka,H-Roa,0,1632074520
paddu,C-Hisui,2,Maka,H-Roa,0,1632074610
paddu,C-Hisui,2,Maka,H-Roa,0,1632074716
paddu,C-Hisui,2,Maka,H-Roa,0,1632074832
paddu,C-Nero,2,Maka,H-Roa,0,1632074959
paddu,C-Nero,2,Maka,H-Roa,0,1632075075
paddu,C-Nero,2,Maka,H-Roa,0,1632075166
paddu,C-Nero,2,Maka,H-Roa,0,1632075240
paddu,C-Nero,2,Maka,H-Roa,0,1632075327
paddu,C-Nero,2,Maka,H-Roa,0,1632075433
paddu,C-Nero,2,Maka,H-Roa,0,1632075554
paddu,C-Nero,2,Maka,H-Roa,1,1632075682
paddu,C-Nero,2,Maka,H-Roa,0,1632075824
paddu,C-Nero,2,Maka,H-Roa,0,1632075924
paddu,C-Nero,2,Maka,H-Roa,0,1632076026
paddu,C-Nero,2,Eleos,C-Roa,0,1632491687
paddu,C-Nero,2,Eleos,C-Roa,0,1632491864
paddu,C-Nero,2,Eleos,C-Roa,0,1632491994
paddu,C-Warc,2,Stimoro,C-Kohaku,0,1632500958
paddu,C-Warc,2,Stimoro,C-Kohaku,0,1632501075
paddu,C-Warc,2,Stimoro,C-Kohaku,0,1632501199
paddu,C-Warc,2,Stimoro,C-Kohaku,1,1632501376
paddu,C-Warc,2,Stimoro,C-Kohaku,0,1632501493
paddu,C-Warc,2,Stimoro,C-Kohaku,1,1632501725
paddu,C-Warc,2,Stimoro,C-Kohaku,0,1632501892
paddu,C-Warc,2,Stimoro,C-Kohaku,1,1632502093
paddu,C-Warc,2,Stimoro,C-Kohaku,0,1632502187
paddu,C-Warc,2,Stimoro,C-Kohaku,0,1632502303
paddu,C-Nero,2,isloudas,H-Roa,0,1632504912
paddu,C-Nero,2,isloudas,H-Roa,1,1632505123
paddu,C-Nero,2,isloudas,H-Roa,1,1632505327
paddu,C-Nero,2,isloudas,H-Roa,0,1632505437
paddu,C-Nero,2,isloudas,H-Roa,0,1632505580
paddu,C-Nero,2,isloudas,H-Roa,1,1632505764
paddu,C-Nero,2,isloudas,H-Roa,0,1632505908
paddu,C-Nero,2,isloudas,H-Roa,0,1632506044
paddu,C-Nero,2,isloudas,H-Roa,1,1632506186
paddu,C-Nero,2,isloudas,H-Roa,0,1632506336
paddu,C-Nero,2,isloudas,H-Roa,1,1632506522
paddu,C-Nero,2,isloudas,H-Roa,1,1632506730
paddu,C-Nero,2,isloudas,H-Roa,0,1632506833
paddu,C-Nero,2,isloudas,H-Roa,1,1632507015
paddu,C-Nero,2,isloudas,H-Roa,0,1632507139
paddu,C-Nero,2,isloudas,H-Roa,1,1632507278
paddu,C-Nero,2,isloudas,H-Roa,1,1632507471
paddu,C-Nero,2,isloudas,H-Roa,0,1632507556
paddu,C-Nero,2,isloudas,H-Roa,1,1632507702
paddu,C-Nero,2,isloudas,H-Roa,1,1632507862
paddu,C-Nero,2,isloudas,H-Roa,0,1632507997
paddu,C-Nero,2,isloudas,H-Roa,1,1632508161
paddu,C-Nero,1,isloudas,H-Roa,2,1632508392
paddu,C-Nero,2,isloudas,H-Roa,0,1632508496
paddu,C-Nero,2,isloudas,H-Roa,0,1632508613
paddu,C-Nero,2,isloudas,H-Roa,0,1632508703
paddu,C-Nero,2,isloudas,H-Roa,0,1632508796
paddu,C-Nero,2,isloudas,H-Roa,0,1632508914
paddu,C-Nero,2,isloudas,H-Roa,0,1632509025
paddu,C-Nero,2,isloudas,H-Roa,0,1632509161
paddu,C-Nero,2,isloudas,H-Roa,0,1632509264
paddu,C-Nero,2,isloudas,H-Roa,0,1632509384
paddu,C-Nero,2,isloudas,H-Roa,0,1632509527
paddu,C-Nero,2,isloudas,H-Roa,0,1632509630
paddu,C-Nero,2,isloudas,H-Roa,1,1632509840
paddu,C-Nero,2,isloudas,H-Roa,0,1632509962
paddu,C-Nero,2,isloudas,H-Roa,0,1632510057
paddu,C-Nero,2,isloudas,H-Roa,0,1632510162
paddu,C-Nero,2,Stimoro,C-Ciel,0,1632523291
paddu,C-Ciel,2,Stimoro,C-Kohaku,0,1632523458
paddu,C-Ciel,2,Stimoro,C-Kohaku,0,1632523611
paddu,C-Warc,2,Stimoro,C-Satsuki,0,1632523746
paddu,C-Warc,2,Stimoro,C-Satsuki,0,1632523890
paddu,C-Warc,2,Stimoro,C-Satsuki,1,1632524144
paddu,C-Warc,2,Stimoro,C-Satsuki,0,1632524304
paddu,C-Warc,2,Stimoro,C-Satsuki,0,1632524427
paddu,F-Tohno,2,Stimoro,C-Kouma,0,1632524543
paddu,F-Tohno,2,Stimoro,C-Kouma,1,1632524733
paddu,F-Tohno,2,Stimoro,C-Kouma,0,1632524816
paddu,H-Tohno,2,Stimoro,C-Kouma,1,1632525041
paddu,F-W.Len,1,Stimoro,C-Kouma,2,1632525302
paddu,C-Nero,1,Draig,F-Ryougi,2,1632576173
paddu,C-Nero,2,Draig,F-Ryougi,0,1632576257
paddu,C-Nero,2,Draig,F-Ryougi,0,1632576377
paddu,C-Nero,1,Draig,F-Ryougi,2,1632576537
paddu,C-Nero,2,Draig,F-Ryougi,1,1632576756
paddu,C-Nero,2,Draig,F-Ryougi,0,1632576858
paddu,C-Nero,0,Draig,F-Ryougi,2,1632576979
paddu,C-Nero,2,Draig,F-Ryougi,0,1632577111
paddu,C-Nero,0,Draig,F-Ryougi,2,1632577244
paddu,C-Nero,1,Draig,F-Ryougi,2,1632577396
paddu,C-Nero,2,Draig,F-Ryougi,0,1632577468
paddu,C-Nero,2,Draig,F-Ryougi,1,1632577651
paddu,C-Nero,2,Rainblood,F-Kouma,0,1632587444
paddu,C-Nero,2,Rainblood,F-Kouma,0,1632587547
paddu,C-Nero,2,Arto,F-Satsuki,1,1632588634
paddu,C-Nero,2,Smo,C-Arc,1,1632590490
paddu,C-Nero,2,Smo,C-Arc,0,1632590671
paddu,C-Nero,2,Aurablitz,C-Nanaya,1,1632594165
paddu,C-Nero,0,Aurablitz,C-Nanaya,2,1632594281
paddu,C-Nero,2,Aurablitz,C-Nanaya,1,1632594458
paddu,C-Nero,1,insignis,C-Tohno,2,1632596182
paddu,C-Nero,2,insignis,C-Tohno,0,1632596340
paddu,C-Nero,2,insignis,C-Tohno,1,1632596565
paddu,C-Nero,2,Eika,H-V.Akiha,0,1632597654
paddu,C-Nero,1,Eika,H-V.Akiha,2,1632597821
paddu,C-Nero,1,Eika,H-V.Akiha,2,1632598034
paddu,C-Nero,0,Eika,H-V.Akiha,2,1632598170
paddu,C-Nero,2,Eika,H-V.Akiha,1,1632598360
paddu,C-Nero,2,Eika,H-V.Akiha,0,1632598495
paddu,C-Nero,0,Eika,F-S.Akiha,2,1632598706
paddu,C-Nero,1,Eika,F-S.Akiha,2,1632598917
paddu,C-Nero,2,Eika,F-S.Akiha,0,1632599043
paddu,C-Aoko,2,isloudas,H-Roa,0,1632671559
paddu,C-Aoko,1,isloudas,H-Roa,2,1632671741
paddu,C-Aoko,2,isloudas,H-Roa,0,1632671838
paddu,C-Aoko,2,isloudas,H-Roa,1,1632671992
paddu,C-Aoko,2,isloudas,H-Roa,0,1632672085
paddu,C-Aoko,2,isloudas,H-Roa,0,1632672206
paddu,C-Aoko,1,isloudas,H-Roa,2,1632672418
paddu,C-Aoko,2,isloudas,H-Roa,0,1632672519
paddu,C-Aoko,0,isloudas,H-Roa,2,1632672661
paddu,C-Aoko,2,isloudas,H-Roa,0,1632672757
paddu,C-Aoko,2,isloudas,H-Roa,0,1632672896
paddu,C-Aoko,2,isloudas,H-Roa,0,1632673028
paddu,C-Aoko,2,isloudas,H-Roa,1,1632673180
paddu,C-Aoko,2,isloudas,H-Roa,1,1632673357
paddu,C-Aoko,2,isloudas,H-Roa,1,1632673493
paddu,C-Aoko,2,isloudas,H-Roa,1,1632673663
paddu,C-Aoko,2,isloudas,H-Roa,1,1632673820
paddu,C-Warc,2,isloudas,H-Roa,0,1632674030
paddu,C-Warc,2,isloudas,H-Roa,1,1632674254
paddu,C-Warc,2,isloudas,H-Roa,0,1632674360
paddu,C-Warc,0,isloudas,H-Roa,2,1632674474
paddu,C-Warc,2,isloudas,H-Roa,0,1632674596
paddu,C-Warc,2,isloudas,H-Roa,1,1632674797
paddu,C-W.Len,0,isloudas,H-Roa,2,1632674941
paddu,C-W.Len,2,isloudas,H-Roa,1,1632675096
paddu,C-W.Len,2,isloudas,H-Roa,1,1632675252
paddu,C-Miyako,2,isloudas,C-Kouma,1,1632675489
paddu,C-Miyako,2,isloudas,C-Kouma,1,1632675644
paddu,C-Miyako,2,isloudas,C-Kouma,1,1632675798
paddu,C-Kohaku,2,isloudas,C-Kouma,0,1632675927
paddu,C-Kohaku,2,isloudas,C-Kouma,1,1632676030
paddu,C-Kohaku,2,isloudas,C-Kouma,0,1632676141
paddu,C-Kohaku,2,isloudas,C-Kouma,1,1632676292
paddu,C-Kohaku,2,isloudas,C-Kouma,0,1632676401
paddu,C-Nero,2,Deviance,F-Akiha,0,1632684623
paddu,C-Nero,2,Deviance,F-Akiha,0,1632684743
paddu,C-Nero,0,Deviance,F-Akiha,2,1632684875
paddu,C-Nero,1,Deviance,F-Akiha,2,1632685036
paddu,C-Nero,2,Deviance,F-Akiha,0,1632685157
paddu,C-Nero,2,Deviance,F-Akiha,0,1632685268
paddu,C-Nero,2,Deviance,F-Akiha,0,1632685407
paddu,C-Nero,1,Deviance,F-Akiha,2,1632685606
paddu,C-Nero,2,Deviance,F-Akiha,1,1632685789
paddu,C-Nero,2,Deviance,F-Akiha,0,1632685896
paddu,C-Nero,2,Deviance,F-Akiha,0,1632686022
paddu,C-Nero,2,Deviance,F-Akiha,1,1632686183
paddu,C-Nero,2,Deviance,F-Akiha,0,1632686326
paddu,C-Nero,2,Deviance,F-Akiha,0,1632686447
paddu,C-Nero,2,Deviance,F-Akiha,1,1632686628
paddu,C-Nero,2,Deviance,F-Akiha,0,1632686733
paddu,C-Nero,2,Deviance,F-Akiha,0,1632686856
paddu,C-Nero,2,Deviance,F-Akiha,0,1632687009
paddu,C-Nero,2,Deviance,F-Akiha,0,1632687133
paddu,F-Nero,2,Afro,C-Tohno,0,1632687441
paddu,C-Nero,2,Afro,C-Tohno,0,1632687608
paddu,F-Nero,2,Afro,C-Tohno,0,1632687717
paddu,F-Nero,1,Afro,C-Tohno,2,1632687895
paddu,F-Nero,2,Afro,C-Tohno,1,1632688048
paddu,F-Nero,2,Afro,C-Tohno,0,1632688148
paddu,F-Nero,2,Afro,C-Tohno,0,1632688269
paddu,F-Nero,2,Afro,C-Tohno,0,1632688383
paddu,F-Nero,2,Afro,C-Tohno,1,1632688565
paddu,F-Nero,2,Afro,C-Tohno,1,1632688759
paddu,F-Nero,2,Afro,C-Tohno,0,1632688883
paddu,F-Nero,2,Afro,C-Tohno,0,1632689019
paddu,F-Nero,2,Afro,C-Tohno,0,1632689127
paddu,F-Nero,2,Afro,C-Tohno,0,1632689237
paddu,F-Nero,1,Afro,C-Tohno,2,1632689440
paddu,F-Nero,2,Afro,C-Tohno,0,1632689535
paddu,F-Nero,2,Afro,C-Tohno,0,1632689631
paddu,F-Nero,2,Afro,C-Tohno,0,1632689727
paddu,F-Nero,2,Afro,C-Tohno,0,1632689893
paddu,F-Nero,2,Afro,C-Tohno,0,1632690002
paddu,F-Nero,2,Afro,C-Tohno,0,1632690131
paddu,F-Nero,2,Afro,C-Tohno,0,1632690230
paddu,F-Nero,2,Afro,C-Tohno,0,1632690358
paddu,F-Nero,2,Afro,C-Tohno,0,1632690461
paddu,C-Ryougi,2,isloudas,F-Roa,1,1632850677
paddu,C-Ryougi,2,isloudas,F-Roa,1,1632850847
paddu,C-Ryougi,0,isloudas,F-Roa,2,1632850956
paddu,C-Ryougi,2,isloudas,F-Roa,0,1632851067
paddu,C-Hime,2,isloudas,F-Roa,0,1632851157
paddu,C-Hime,1,isloudas,F-Roa,2,1632851355
paddu,F-Len,1,isloudas,C-Kouma,2,1632851586
paddu,F-Len,2,isloudas,C-Kouma,0,1632851677
paddu,F-Len,2,isloudas,C-Kouma,0,1632851802
paddu,F-Len,2,isloudas,C-Kouma,1,1632851968
paddu,F-Len,2,isloudas,C-Kouma,0,1632852091
paddu,F-Len,2,isloudas,C-Kouma,0,1632852188
paddu,F-Len,2,isloudas,C-Kouma,0,1632852311
paddu,F-Len,2,isloudas,C-Kouma,0,1632852430
paddu,F-Len,2,isloudas,H-Roa,0,1632852608
paddu,F-Len,2,isloudas,H-Roa,1,1632852723
paddu,F-Len,0,isloudas,H-Roa,2,1632852833
paddu,F-Len,2,isloudas,H-Roa,0,1632852929
paddu,F-Len,2,isloudas,H-Roa,0,1632853040
paddu,F-Len,2,isloudas,H-Roa,1,1632853231
paddu,F-Len,2,isloudas,H-Roa,1,1632853386
paddu,F-Len,2,isloudas,H-Roa,1,1632853527
paddu,F-Len,2,isloudas,H-Roa,1,1632853757
paddu,F-Len,2,isloudas,H-Roa,0,1632853887
paddu,F-Len,2,isloudas,H-Roa,0,1632853957
paddu,F-Len,2,KymPrecision,H-Roa,0,1632914576
paddu,F-Len,2,KymPrecision,H-Roa,0,1632914657
paddu,F-Len,2,KymPrecision,H-Roa,0,1632914781
paddu,F-Len,2,KymPrecision,H-Roa,1,1632914909
paddu,F-Len,1,KymPrecision,H-Roa,2,1632915039
paddu,F-Len,1,KymPrecision,H-Roa,2,1632915198
paddu,F-Len,2,KymPrecision,H-Roa,0,1632915295
paddu,F-Len,2,KymPrecision,H-Roa,1,1632915450
paddu,C-Hime,1,KymPrecision,H-Roa,2,1632915594
paddu,H-Warc,0,KymPrecision,C-Nero,2,1632915706
paddu,H-Warc,2,KymPrecision,C-Nero,1,1632915925
paddu,F-Satsuki,0,KymPrecision,C-Nero,2,1632916295
paddu,F-Satsuki,2,KymPrecision,C-Nero,0,1632916411
paddu,F-Satsuki,2,KymPrecision,C-Nero,1,1632916625
paddu,F-Satsuki,1,KymPrecision,C-Nero,2,1632916770
paddu,F-Satsuki,0,KymPrecision,C-Nero,2,1632916881
paddu,C-M.Hisui,2,KymPrecision,C-Nero,1,1632917056
paddu,C-M.Hisui,2,KymPrecision,C-Nero,1,1632917214
paddu,C-M.Hisui,2,KymPrecision,C-Nero,0,1632917355
paddu,H-Roa,2,KymPrecision,H-Roa,0,1632917454
paddu,H-Roa,2,KymPrecision,H-Roa,1,1632917668
paddu,H-Roa,1,KymPrecision,H-Roa,2,1632917838
paddu,C-Ries,2,Deviance,F-Akiha,0,1635109978
paddu,C-Ries,2,Deviance,F-Akiha,1,1635110183
paddu,C-Ries,2,Deviance,F-Akiha,0,1635110309
paddu,C-Ries,2,Deviance,F-Akiha,0,1635110432
paddu,C-Ries,2,Deviance,F-Akiha,1,1635110663
paddu,C-Ries,2,Deviance,F-Akiha,0,1635110757
paddu,C-Ries,2,Deviance,F-Akiha,0,1635110913
paddu,C-Ries,2,Deviance,F-Akiha,1,1635111123
paddu,C-Nero,2,Deviance,F-Akiha,0,1635111270
paddu,C-Nero,2,Deviance,F-Akiha,1,1635111444
paddu,C-Nero,2,Deviance,F-Akiha,0,1635111545
paddu,C-Nero,2,Deviance,F-Akiha,0,1635111661
paddu,C-Satsuki,0,Felicia Forma De GATO,F-Hime,2,1635336390
paddu,C-Satsuki,1,Felicia Forma De GATO,F-Hime,2,1635336569
paddu,C-Nero,2,Felicia Forma De GATO,H-Roa,0,1635336728
paddu,C-Nero,2,Felicia Forma De GATO,H-Roa,0,1635336849
paddu,C-Nero,1,Felicia Forma De GATO,H-Roa,2,1635336998
paddu,C-Nero,1,Felicia Forma De GATO,H-Roa,2,1635337173
paddu,C-Nero,2,Kartonzz,H-Ryougi,0,1635696070
paddu,C-Nero,2,Kartonzz,H-Ryougi,0,1635696164
paddu,C-Nero,2,Kartonzz,H-Ryougi,0,1635696274
paddu,C-Nero,2,Kartonzz,H-Ryougi,0,1635696392
paddu,C-Nero,2,Kartonzz,H-Ryougi,0,1635696485
paddu,C-Nero,2,Kartonzz,H-Ryougi,0,1635696590
paddu,C-Nero,2,Kartonzz,H-Ryougi,0,1635696676
paddu,C-Nero,2,Kartonzz,H-Ryougi,0,1635696775
paddu,C-Nero,2,Kartonzz,H-Ryougi,0,1635696877
paddu,C-Nero,2,Kartonzz,H-Ryougi,0,1635696980
paddu,C-Hime,2,Afro,F-Nanaya,0,1635719498
paddu,C-Hime,2,Afro,F-Nanaya,1,1635719641
paddu,C-Hime,2,Afro,F-Nanaya,0,1635719766
paddu,C-Hime,2,Afro,F-Nanaya,0,1635719911
paddu,C-Hime,2,Afro,F-Nanaya,0,1635720080
paddu,C-Hime,2,Afro,F-Nanaya,0,1635720196
paddu,H-Wara,2,Afro,F-Nanaya,1,1635720380
paddu,H-Wara,2,Afro,F-Nanaya,1,1635720507
paddu,H-Wara,2,Afro,F-Nanaya,1,1635720677
paddu,H-Wara,2,Afro,F-Nanaya,0,1635720798
paddu,H-Wara,2,Afro,F-Nanaya,0,1635720916
paddu,H-Wara,1,Afro,F-Nanaya,2,1635721113
paddu,H-Wara,2,Afro,F-Nanaya,1,1635721261
paddu,H-Wara,2,Afro,F-Nanaya,0,1635721363
paddu,H-Wara,2,Afro,F-Nanaya,0,1635721465
paddu,C-Hime,2,Kebabdud,C-Satsuki,0,1635786927
paddu,C-Hime,2,Kebabdud,C-Satsuki,0,1635787012
paddu,C-Hime,2,Kebabdud,C-Satsuki,0,1635787113
paddu,C-Hime,2,Kebabdud,C-Satsuki,0,1635787211
paddu,C-Hime,2,Kebabdud,C-Satsuki,0,1635787291
paddu,C-Hime,2,Kebabdud,C-Satsuki,0,1635787409
paddu,C-Hime,2,Kebabdud,C-Satsuki,0,1635787523
paddu,C-Hime,2,Kebabdud,C-Satsuki,0,1635787640
paddu,C-Hime,2,Kebabdud,C-Satsuki,0,1635787728
paddu,C-Hime,2,Kebabdud,C-Satsuki,0,1635787827
paddu,C-Hime,2,Kebabdud,C-Satsuki,0,1635787923
paddu,C-Hime,2,Kebabdud,C-Satsuki,0,1635788028
paddu,C-Hime,2,Kebabdud,C-Satsuki,0,1635788120
paddu,C-Nero,2,Blob,F-V.Akiha,0,1636580202
paddu,C-Nero,2,Blob,F-V.Akiha,1,1636580364
paddu,C-Nero,2,Blob,F-V.Akiha,0,1636580495
paddu,C-Nero,2,Blob,F-V.Akiha,1,1636580671
paddu,C-Nero,2,Mad_pinguin,C-Arc,0,1636635989
paddu,C-Nero,2,Mad_pinguin,C-Arc,0,1636636094
paddu,C-Nero,2,Mad_pinguin,C-Arc,0,1636636173
paddu,C-Nero,2,Mad_pinguin,C-Arc,0,1636636262
paddu,C-Nero,2,Mad_pinguin,C-Wara,0,1636636344
paddu,C-Nero,2,Mad_pinguin,C-Wara,0,1636636413
paddu,C-Nero,2,Mad_pinguin,C-Wara,0,1636636494
paddu,C-Nero,2,Mad_pinguin,C-Wara,0,1636636589
paddu,C-Nero,2,Mad_pinguin,C-Wara,0,1636636673
paddu,C-Nero,2,Mad_pinguin,C-Nero,0,1636636765
paddu,C-Nero,2,Mad_pinguin,C-Nero,0,1636636838
paddu,C-Nero,2,Mad_pinguin,C-Nero,0,1636636928
paddu,C-Nero,2,Mad_pinguin,C-Nero,0,1636637007
paddu,C-Nero,2,Mad_pinguin,C-Nero,0,1636637097
paddu,C-Nero,2,Mad_pinguin,F-Hime,0,1636637172
paddu,C-Nero,2,Mad_pinguin,F-Hime,0,1636637249
paddu,C-Nero,2,Mad_pinguin,C-Arc,0,1636637344
paddu,C-Nero,2,Mad_pinguin,C-Arc,0,1636637427
paddu,C-Nero,2,Mad_pinguin,C-Arc,0,1636637506
paddu,C-Nero,2,Mad_pinguin,C-Arc,0,1636637598
paddu,C-Nero,2,Mad_pinguin,C-Arc,0,1636637685
paddu,C-Nero,2,Mad_pinguin,C-Arc,0,1636637775
paddu,C-Nero,2,Mad_pinguin,C-Arc,0,1636637853
paddu,C-Nero,2,Mad_pinguin,C-Arc,0,1636637960
paddu,C-Nero,2,Mad_pinguin,C-Arc,0,1636638059
paddu,C-Nero,2,Mad_pinguin,C-Arc,0,1636638148
paddu,C-Nanaya,2,64,C-Arc,0,1637853383
paddu,C-Nanaya,1,64,C-Arc,2,1637853615
paddu,C-Nanaya,2,64,C-Arc,0,1637853719
paddu,C-Nanaya,2,64,F-Nanaya,1,1637853916
paddu,C-Nanaya,2,64,F-Nanaya,1,1637854102
paddu,C-Nanaya,2,64,F-Nanaya,1,1637854231
paddu,C-Sion,1,64,F-Nanaya,2,1637854427
paddu,C-Sion,2,64,F-Nanaya,1,1637854586
paddu,C-Sion,2,64,F-Nanaya,0,1637854689
paddu,C-Sion,2,64,F-Nanaya,1,1637854833
paddu,C-Sion,2,64,F-Nanaya,1,1637854994
paddu,C-Sion,2,64,F-Nanaya,1,1637855156
paddu,H-V.Sion,2,64,F-Ryougi,0,1637855275
paddu,H-V.Sion,2,64,F-Ryougi,1,1637855460
paddu,H-V.Sion,2,64,F-Ryougi,0,1637855565
paddu,H-V.Sion,2,64,F-Ryougi,0,1637855679
paddu,F-V.Sion,2,64,C-Tohno,0,1637855873
paddu,F-V.Sion,2,64,C-Tohno,1,1637856023
paddu,F-V.Sion,2,64,C-Tohno,1,1637856155
paddu,F-V.Sion,1,64,C-Tohno,2,1637856324
paddu,F-V.Sion,0,64,C-Tohno,2,1637856436
paddu,F-V.Sion,2,64,C-Tohno,0,1637856537
paddu,F-V.Sion,2,64,C-Tohno,0,1637856635
paddu,F-V.Sion,2,64,C-Kouma,1,1637856810
paddu,C-Nero,2,Draig,F-Ryougi,0,1638031413
paddu,C-Nero,0,Draig,F-Ryougi,2,1638031528
paddu,C-Nero,0,Draig,F-Ryougi,2,1638031647
paddu,C-Nero,0,Draig,F-Ryougi,2,1638031780
paddu,C-Nero,2,Draig,F-Ryougi,0,1638031922
paddu,C-Nero,2,Draig,F-Ryougi,1,1638032123
paddu,C-Nero,2,Draig,F-Ryougi,1,1638032271
paddu,C-Nero,1,Draig,F-Ryougi,2,1638032556
paddu,C-Nero,0,Draig,F-Ryougi,2,1638032670
paddu,C-Nero,2,Duoxy,C-Sion,1,1638060634
paddu,C-Nero,2,Duoxy,C-Sion,0,1638060728
paddu,C-Nero,2,Duoxy,C-Sion,0,1638060834
paddu,C-Nero,2,Duoxy,C-Sion,0,1638060929
paddu,C-Nero,2,Duoxy,C-Sion,0,1638061024
paddu,C-Nero,2,Duoxy,C-Sion,0,1638061104
paddu,C-Nero,2,Duoxy,C-Sion,0,1638061218
paddu,C-Nero,2,Duoxy,C-Sion,0,1638061323
paddu,C-Nero,2,Duoxy,C-Sion,0,1638061412
paddu,C-Nero,2,Duoxy,C-Sion,0,1638061540
paddu,C-Nero,2,Duoxy,C-Sion,0,1638061660
paddu,C-Nero,2,Duoxy,C-Sion,0,1638061742
paddu,C-Nero,2,Duoxy,C-Sion,0,1638061891
paddu,C-Nero,2,Duoxy,C-Sion,0,1638062005
paddu,C-Nero,2,Duoxy,C-Sion,0,1638062090
paddu,C-Nero,2,Duoxy,C-Sion,0,1638062194
paddu,C-Nero,2,Duoxy,C-Sion,0,1638062329
paddu,C-Nero,2,Duoxy,C-Sion,0,1638062419
paddu,C-Nero,2,Duoxy,C-Sion,0,1638062520
paddu,C-Nero,2,Duoxy,C-Sion,0,1638062625
paddu,C-Nanaya,2,joseph,C-Nero,0,1638112743
paddu,C-Nanaya,0,joseph,C-Nero,2,1638112875
paddu,C-Nanaya,2,joseph,C-Nero,1,1638113067
paddu,C-Nanaya,0,joseph,C-Nero,2,1638113260
paddu,C-Nanaya,2,joseph,C-Nero,1,1638113455
paddu,C-Nanaya,1,joseph,C-Nero,2,1638113610
paddu,C-Nanaya,0,joseph,C-Nero,2,1638113753
paddu,C-Nanaya,1,joseph,C-Nero,2,1638114005
paddu,F-Nero,2,Magemo,C-Hime,0,1638115924
paddu,F-Nero,2,Magemo,C-Hime,0,1638116020
paddu,F-Nero,2,Magemo,C-Hime,0,1638116134
paddu,F-Nero,2,Magemo,C-Hime,0,1638116229
paddu,F-Nero,2,Magemo,C-Hime,1,1638116384
paddu,F-Nero,1,Magemo,C-Hime,2,1638116520
paddu,F-Nero,2,Magemo,C-Hime,0,1638116639
paddu,F-Nero,2,Magemo,C-Hime,0,1638116726
paddu,F-Nero,2,Magemo,C-Hime,0,1638116855
paddu,F-Nero,2,Magemo,C-Hime,1,1638117019
paddu,F-Nero,2,Magemo,C-Hime,0,1638117143
paddu,C-Nanaya,2,Goose,C-W.Len,0,1638638792
paddu,C-Nanaya,2,Goose,C-W.Len,0,1638638918
paddu,C-Nanaya,2,Goose,C-W.Len,0,1638639034
paddu,C-Nanaya,2,Goose,C-W.Len,0,1638639145
paddu,C-Nanaya,2,Goose,C-W.Len,0,1638639232
paddu,C-Nanaya,2,Goose,C-W.Len,0,1638639340
paddu,C-Nanaya,2,Goose,C-W.Len,0,1638639432
paddu,C-Nanaya,2,Goose,C-W.Len,0,1638639535
paddu,C-Nanaya,2,Goose,C-W.Len,0,1638639627
paddu,C-Nanaya,2,Goose,C-W.Len,0,1638639743
paddu,C-Nanaya,2,Goose,C-W.Len,0,1638639840
paddu,C-Nanaya,2,Goose,C-W.Len,0,1638639960
paddu,C-Nanaya,2,Goose,C-W.Len,0,1638640076
paddu,C-Nanaya,2,Goose,C-W.Len,0,1638640187
paddu,C-Nanaya,2,Goose,C-W.Len,0,1638640271
paddu,C-Nero,2,hamzie,C-S.Akiha,0,1639885267
paddu,C-Nero,2,hamzie,C-S.Akiha,0,1639885354
paddu,C-Nero,2,hamzie,C-S.Akiha,0,1639885442
paddu,C-Nero,2,hamzie,C-S.Akiha,0,1639885517
paddu,C-Nanaya,2,hamzie,C-Arc,0,1639885624
paddu,C-Nanaya,2,hamzie,C-Arc,0,1639885725
paddu,F-Kouma,0,Moltyagemo,H-Len,2,1640032577
paddu,F-Kouma,0,Moltyagemo,H-Len,2,1640032698
paddu,F-Kouma,1,Moltyagemo,H-Len,2,1640032912
paddu,F-Kouma,0,Moltyagemo,H-Len,2,1640033044
paddu,F-Kouma,2,Moltyagemo,H-Len,0,1640033217
paddu,F-Kouma,1,Moltyagemo,H-Len,2,1640033417
paddu,F-Kouma,2,Moltyagemo,H-Len,1,1640033610
paddu,F-Kouma,0,Moltyagemo,H-Len,2,1640033726
paddu,F-Kouma,1,Moltyagemo,H-Len,2,1640033936
paddu,F-Kouma,1,Moltyagemo,H-Len,2,1640034128
paddu,F-Kouma,0,Moltyagemo,H-Len,2,1640034296
paddu,F-Kouma,0,Moltyagemo,H-Len,2,1640034418
paddu,F-Kouma,1,Moltyagemo,H-Len,2,1640034636
paddu,F-Kouma,2,Moltyagemo,H-Len,1,1640034828
paddu,F-Kouma,0,Moltyagemo,H-Len,2,1640034972
paddu,F-Kouma,0,Moltyagemo,H-Len,2,1640035164
paddu,F-Kouma,0,Moltyagemo,H-Len,2,1640035335
paddu,F-Kouma,0,Moltyagemo,H-Len,2,1640035439
paddu,F-Kouma,0,Duoxy,C-Sion,2,1640045840
paddu,F-Kouma,2,Duoxy,C-Sion,0,1640045945
paddu,F-Kouma,1,Duoxy,C-Sion,2,1640046145
paddu,F-Kouma,2,Duoxy,C-Sion,0,1640046245
paddu,F-Kouma,1,Duoxy,C-Sion,2,1640046449
paddu,F-Kouma,2,Duoxy,C-Sion,0,1640046558
paddu,F-Kouma,2,Duoxy,C-Sion,0,1640046654
paddu,F-Kouma,1,The Exterminating Angel,C-Wara,2,1640047036
paddu,F-Kouma,0,The Exterminating Angel,C-Wara,2,1640047165
paddu,F-Kouma,0,The Exterminating Angel,C-Wara,2,1640047314
paddu,F-Kouma,0,The Exterminating Angel,C-Wara,2,1640047510
paddu,F-Kouma,2,The Exterminating Angel,C-Wara,0,1640047674
paddu,F-Kouma,2,The Exterminating Angel,C-Wara,0,1640047790
paddu,F-Kouma,0,The Exterminating Angel,C-Wara,2,1640047907
paddu,F-Kouma,2,The Exterminating Angel,H-Nanaya,1,1640048143
paddu,F-Kouma,2,The Exterminating Angel,H-Nanaya,0,1640048271
paddu,F-Kouma,2,The Exterminating Angel,H-Nanaya,0,1640048400
paddu,F-Kouma,2,The Exterminating Angel,H-Nanaya,0,1640048484
paddu,F-Kouma,2,The Exterminating Angel,H-Nanaya,1,1640048646
paddu,F-Kouma,2,Khez,C-Wara,0,1640104457
paddu,F-Kouma,2,Khez,C-Wara,0,1640104570
paddu,F-Kouma,2,Khez,C-Wara,0,1640104668
paddu,F-Kouma,2,Khez,C-Wara,0,1640104812
paddu,F-Kouma,2,Khez,C-Wara,0,1640104937
paddu,F-Kouma,2,Khez,C-Wara,1,1640105133
paddu,F-Kouma,2,Khez,C-Wara,1,1640105314
paddu,F-Kouma,2,64,C-Roa,1,1640112807
paddu,F-Kouma,2,64,C-Roa,1,1640112983
paddu,F-Kouma,2,64,C-Roa,1,1640113137
paddu,F-Kouma,2,64,C-Roa,0,1640113215
paddu,F-Kouma,2,64,C-Roa,1,1640113379
paddu,F-Kouma,2,64,C-Roa,1,1640113536
paddu,C-M.Hisui,2,64,C-Nero,0,1640113658
paddu,C-M.Hisui,2,64,C-Nero,0,1640113770
paddu,C-M.Hisui,2,64,C-Nero,0,1640113897
paddu,F-V.Akiha,2,64,F-V.Akiha,1,1640114057
paddu,F-P.Ciel,0,64,F-V.Akiha,2,1640114172
paddu,F-P.Ciel,0,64,F-V.Akiha,2,1640114270
paddu,F-P.Ciel,1,64,F-V.Akiha,2,1640114411
paddu,H-Len,0,64,F-V.Akiha,2,1640114571
paddu,H-Len,2,64,F-V.Akiha,1,1640114682
paddu,H-Len,2,64,F-V.Akiha,1,1640114845
paddu,C-Aoko,2,64,F-V.Akiha,1,1640115047
paddu,C-Aoko,2,64,F-V.Akiha,0,1640115128
paddu,C-Aoko,2,64,F-V.Akiha,0,1640115272
paddu,C-Aoko,2,64,F-V.Akiha,0,1640115376
paddu,C-Aoko,2,64,F-V.Akiha,0,1640115470
paddu,C-Satsuki,2,64,C-Satsuki,0,1640115619
paddu,C-Satsuki,2,64,C-Satsuki,0,1640115736
paddu,C-Satsuki,2,64,C-Satsuki,0,1640115875
paddu,C-Satsuki,2,64,C-Satsuki,0,1640116009
paddu,C-Satsuki,2,64,C-Satsuki,0,1640116112
paddu,C-Satsuki,2,64,C-Satsuki,0,1640116209
paddu,C-Satsuki,2,64,C-Satsuki,0,1640116325
paddu,C-Satsuki,2,64,C-Satsuki,0,1640116459
paddu,C-Satsuki,2,64,C-Satsuki,0,1640116554
paddu,C-NekoMech,2,64,F-Ryougi,0,1640116703
paddu,C-NekoMech,2,64,F-Ryougi,1,1640116875
paddu,C-NekoMech,1,64,F-Ryougi,2,1640117030
paddu,F-Kouma,2,64,F-Ryougi,0,1640117139
paddu,F-Kouma,2,64,F-Ryougi,1,1640117285
paddu,F-Kouma,2,64,F-Ryougi,1,1640117459
paddu,F-Kouma,2,64,F-Ryougi,0,1640117560
paddu,F-Kouma,2,64,F-Ryougi,1,1640117726
paddu,F-Kouma,1,64,F-Ryougi,2,1640117884
paddu,F-Kouma,2,64,F-Ryougi,1,1640118007
paddu,F-Kouma,2,64,F-Ryougi,1,1640118149
paddu,F-Kouma,2,64,F-Ryougi,0,1640118240
paddu,F-Kouma,2,64,F-Ryougi,0,1640118350
paddu,F-Kouma,2,64,F-Ryougi,1,1640118536
paddu,F-Kouma,2,64,F-Ryougi,0,1640118612
paddu,F-Kouma,0,64,F-Ryougi,2,1640118733
paddu,F-Kouma,2,64,F-Ryougi,0,1640118820
paddu,C-Nero,2,64,F-Ryougi,0,1640118896
paddu,C-Nero,2,64,F-Ryougi,0,1640118977
paddu,C-Nero,2,64,F-Ryougi,0,1640119052
paddu,C-Nero,2,64,F-Ryougi,0,1640119154
paddu,C-Nero,2,64,F-Ryougi,0,1640119280
paddu,C-Nero,2,64,F-Ryougi,0,1640119388
paddu,C-Nero,2,64,F-Ryougi,0,1640119478
paddu,C-Nanaya,2,64,F-Ryougi,1,1640119664
paddu,C-W.Len,2,64,F-Ryougi,0,1640187158
paddu,C-W.Len,0,64,F-Ryougi,2,1640187257
paddu,C-W.Len,1,64,F-Ryougi,2,1640187471
paddu,C-Kohaku,2,64,F-Ryougi,1,1640187649
paddu,C-Kohaku,2,64,F-Ryougi,0,1640187775
paddu,F-Hime,2,64,F-Ryougi,0,1640187883
paddu,F-Hime,2,64,F-Ryougi,0,1640188005
paddu,F-Hime,1,64,F-Ryougi,2,1640188177
paddu,F-Hime,2,64,F-Ryougi,1,1640188347
paddu,H-Wara,2,64,F-Ryougi,0,1640188465
paddu,H-Wara,2,64,F-Ryougi,1,1640188612
paddu,H-Wara,2,64,F-Ryougi,0,1640188711
paddu,H-Wara,2,64,F-Ryougi,0,1640188791
paddu,H-Wara,2,64,F-Ryougi,0,1640188894
paddu,C-Sion,2,64,F-Nanaya,1,1640189095
paddu,C-Sion,2,64,F-Nanaya,0,1640189239
paddu,F-Kouma,2,64,F-Nanaya,0,1640189339
paddu,F-Kouma,2,64,F-Nanaya,1,1640189508
paddu,F-Kouma,0,64,F-Nanaya,2,1640189603
paddu,F-Kouma,2,64,F-Nanaya,1,1640189736
paddu,F-Kouma,2,64,F-Nanaya,0,1640189837
paddu,F-Kouma,1,64,F-Nanaya,2,1640189994
paddu,F-Kouma,2,64,F-Nanaya,0,1640190078
paddu,F-Kouma,2,64,F-Nanaya,0,1640190161
paddu,F-Kouma,1,64,F-Nanaya,2,1640190292
paddu,F-Kouma,2,64,F-Nanaya,0,1640190378
paddu,F-Aoko,2,64,F-Nanaya,0,1640190464
paddu,F-Aoko,2,64,F-Nanaya,0,1640190559
paddu,F-Aoko,2,64,F-Nanaya,1,1640190721
paddu,F-Aoko,2,64,F-Nanaya,1,1640190865
paddu,F-Kouma,2,Deviance,F-Akiha,1,1640629378
paddu,F-Kouma,2,Deviance,F-Akiha,0,1640629511
paddu,F-Kouma,0,Deviance,F-Akiha,2,1640629625
paddu,H-Wara,0,Deviance,F-Akiha,2,1640629762
paddu,H-Wara,1,Deviance,F-Akiha,2,1640629951
paddu,C-Roa,1,Deviance,F-Akiha,2,1640630183
paddu,C-Roa,1,Deviance,F-Akiha,2,1640630369
paddu,C-Roa,2,Deviance,F-Akiha,0,1640630502
paddu,C-Roa,2,Deviance,F-Akiha,1,1640630660
paddu,C-Roa,2,Deviance,F-Akiha,0,1640630757
paddu,C-Roa,2,Deviance,F-Akiha,1,1640630944
paddu,F-Maids,2,Deviance,F-Akiha,1,1640631161
paddu,F-Maids,0,Deviance,F-Akiha,2,1640631329
paddu,F-Maids,1,Deviance,F-Akiha,2,1640631546
paddu,F-Maids,0,Deviance,F-Akiha,2,1640631647
paddu,F-Hime,2,Deviance,F-Akiha,0,1640631834
paddu,F-Hime,2,Deviance,F-Akiha,0,1640631951
paddu,C-Nanaya,1,64,F-Ryougi,2,1641256261
paddu,C-Nero,2,64,F-Nanaya,0,1641256386
paddu,C-Nero,2,64,F-Nanaya,1,1641256552
paddu,C-Aoko,2,64,F-Nanaya,1,1641256780
paddu,C-Aoko,2,64,F-Nanaya,0,1641256870
paddu,C-Aoko,2,64,F-Nanaya,1,1641256974
paddu,C-Aoko,1,64,F-Nanaya,2,1641257104
paddu,C-Aoko,2,64,F-Nanaya,1,1641257251
paddu,C-Aoko,2,64,F-Nanaya,0,1641257349
paddu,C-Aoko,1,64,F-Nanaya,2,1641257501
paddu,F-Arc,2,64,C-Wara,1,1641257699
paddu,F-Arc,2,64,C-Wara,0,1641257779
paddu,F-Arc,2,64,C-Wara,1,1641257945
paddu,F-Arc,2,64,C-Wara,1,1641258098
paddu,F-Arc,2,64,C-Wara,0,1641258224
paddu,F-Roa,1,64,C-Wara,2,1642102559
paddu,F-Roa,2,64,C-Wara,1,1642102712
paddu,F-Roa,1,64,C-Wara,2,1642102856
paddu,F-Roa,1,64,C-Wara,2,1642103021
paddu,F-Roa,2,64,C-Wara,1,1642103189
paddu,F-Roa,2,64,C-Wara,0,1642103307
paddu,F-Roa,2,64,C-Wara,0,1642103415
paddu,F-Roa,2,64,C-Wara,0,1642103510
paddu,F-Roa,2,64,C-Wara,0,1642103609
paddu,F-Roa,2,64,C-Wara,0,1642103703
paddu,F-Roa,2,64,C-Wara,0,1642103848
paddu,C-Wara,2,64,C-Wara,1,1642103983
paddu,F-Nero,2,64,C-Roa,0,1642104093
paddu,F-Nero,2,64,C-Roa,0,1642104178
paddu,F-Nero,2,64,C-Roa,1,1642104345
paddu,H-Nero,2,64,F-V.Akiha,1,1642104529
paddu,H-Nero,2,64,F-V.Akiha,0,1642104634
paddu,H-Nero,1,64,F-V.Akiha,2,1642104779
paddu,C-Nero,2,Hatsune Miku fan,C-Akiha,0,1642193546
paddu,C-Nero,2,Hatsune Miku fan,C-Akiha,0,1642193718
paddu,C-Nero,2,Hatsune Miku fan,C-Akiha,0,1642193831
paddu,C-Nero,2,Hatsune Miku fan,C-Akiha,0,1642193948
paddu,C-Nero,2,Hatsune Miku fan,C-Akiha,0,1642194037
paddu,C-Nero,2,Hatsune Miku fan,C-Akiha,0,1642194141
paddu,C-Nero,2,Hatsune Miku fan,C-Akiha,0,1642194253
paddu,C-Nero,2,Hatsune Miku fan,C-Akiha,1,1642194443
paddu,C-Nero,2,Hatsune Miku fan,C-Akiha,0,1642194554
paddu,C-Nero,2,Hatsune Miku fan,C-Akiha,0,1642194665
paddu,C-Nero,2,m,F-Hisui,0,1642349774
paddu,C-Nero,2,m,F-Hisui,0,1642349899
paddu,C-Nero,2,m,F-Hisui,0,1642350008
paddu,C-Nero,2,m,F-Hisui,0,1642350117
paddu,C-Nero,2,m,F-Hisui,0,1642350244
paddu,C-Nero,2,m,F-Hisui,0,1642350359
paddu,C-Nero,2,m,F-Hisui,0,1642350440
paddu,C-Nero,2,Draig,F-Ryougi,1,1642351016
paddu,C-Nero,0,Draig,F-Ryougi,2,1642351133
paddu,C-Nero,1,Draig,F-Ryougi,2,1642351285
paddu,C-Nero,0,Draig,F-Ryougi,2,1642351402
paddu,C-Nero,0,Draig,F-Ryougi,2,1642351482
paddu,C-Nero,2,Draig,F-Ryougi,1,1642351677
paddu,C-Nero,1,Moltyagemo,H-Len,2,1642352055
paddu,C-Nero,0,Moltyagemo,H-Len,2,1642352163
paddu,C-Nero,1,Moltyagemo,H-Len,2,1642352344
paddu,C-Nero,2,Moltyagemo,H-Len,0,1642352462
paddu,C-Nero,1,Moltyagemo,H-Len,2,1642352591
paddu,C-Nero,2,Moltyagemo,H-Len,1,1642352796
paddu,C-Nero,0,Moltyagemo,H-Len,2,1642352918
paddu,C-Nero,2,Moltyagemo,H-Len,1,1642353134
paddu,C-Nero,1,Moltyagemo,H-Len,2,1642353328
paddu,C-Nero,1,Moltyagemo,H-Len,2,1642353536
paddu,C-Nero,2,Moltyagemo,H-Len,0,1642353678
paddu,C-Nero,2,Moltyagemo,H-Len,0,1642353783
paddu,C-Nero,2,Moltyagemo,H-Len,0,1642353866
paddu,C-Nero,2,Moltyagemo,H-Len,0,1642353969
paddu,C-Nero,0,Moltyagemo,H-Len,2,1642354118
paddu,C-Nero,2,Moltyagemo,H-Len,0,1642354250
paddu,C-Nero,1,Moltyagemo,H-Len,2,1642354416
paddu,C-Nero,2,Moltyagemo,H-Len,1,1642354559
paddu,C-Nero,2,Moltyagemo,H-Len,1,1642354751
paddu,F-M.Hisui,1,Deviance,F-Akiha,2,1642445867
paddu,F-M.Hisui,0,Deviance,F-Akiha,2,1642445984
paddu,F-M.Hisui,2,Deviance,F-Akiha,0,1642446092
paddu,F-M.Hisui,2,Deviance,F-Akiha,1,1642446251
paddu,F-M.Hisui,2,Deviance,F-Akiha,1,1642446380
paddu,F-M.Hisui,2,Deviance,F-Akiha,0,1642446484
paddu,F-M.Hisui,2,Deviance,F-Akiha,1,1642446635
paddu,F-M.Hisui,2,Deviance,F-Akiha,1,1642446804
paddu,F-M.Hisui,1,Deviance,F-Akiha,2,1642446977
paddu,F-M.Hisui,1,Deviance,F-Akiha,2,1642447139
paddu,F-M.Hisui,2,Deviance,F-Akiha,0,1642447245
paddu,F-M.Hisui,0,Deviance,F-Akiha,2,1642447346
paddu,F-M.Hisui,0,Deviance,F-Akiha,2,1642447444
paddu,F-M.Hisui,2,Deviance,F-Akiha,0,1642447544
paddu,F-M.Hisui,2,Deviance,F-Akiha,1,1642447697
paddu,F-M.Hisui,2,Deviance,F-Akiha,0,1642447809
paddu,F-M.Hisui,0,Deviance,F-Akiha,2,1642447934
paddu,F-M.Hisui,0,Deviance,F-Akiha,2,1642448022
paddu,F-M.Hisui,2,Deviance,F-Akiha,1,1642448175
paddu,F-M.Hisui,2,Deviance,F-Akiha,1,1642448352
paddu,F-M.Hisui,2,Deviance,F-Akiha,0,1642448470
paddu,F-M.Hisui,2,Deviance,F-Akiha,1,1642448640
paddu,F-M.Hisui,2,Deviance,F-Akiha,0,1642448772
paddu,F-M.Hisui,0,Deviance,F-Akiha,2,1642448873
paddu,F-M.Hisui,2,Deviance,F-Akiha,0,1642448980
paddu,F-M.Hisui,2,Deviance,F-Akiha,1,1642449198
paddu,F-M.Hisui,2,Deviance,F-Akiha,1,1642449339
paddu,C-Len,0,Deviance,C-Arc,2,1642449470
paddu,C-Len,2,Deviance,C-Arc,0,1642449598
paddu,C-Len,0,Deviance,C-Arc,2,1642449702
paddu,C-Len,2,Deviance,C-Arc,1,1642449906
paddu,C-W.Len,2,Deviance,C-Arc,1,1642450125
paddu,C-W.Len,1,Deviance,C-Arc,2,1642450358
paddu,C-W.Len,1,Deviance,C-Arc,2,1642450593
paddu,C-W.Len,1,Deviance,C-Arc,2,1642450774
paddu,C-W.Len,2,Deviance,C-Arc,1,1642450958
paddu,C-W.Len,2,Deviance,C-Arc,0,1642451094
paddu,C-W.Len,2,Deviance,C-Arc,0,1642451209
paddu,H-KohaMech,0,Felicia Forma De GATO,F-Roa,2,1642944631
paddu,H-KohaMech,2,Felicia Forma De GATO,F-Roa,1,1642944822
paddu,H-KohaMech,0,Felicia Forma De GATO,F-Roa,2,1642944936
paddu,H-KohaMech,2,Felicia Forma De GATO,F-Roa,1,1642945122
paddu,H-KohaMech,0,Felicia Forma De GATO,F-Roa,2,1642945200
paddu,H-KohaMech,0,Felicia Forma De GATO,F-Roa,2,1642945313
paddu,C-Nanaya,2,Felicia Forma De GATO,F-Roa,1,1642945517
paddu,C-Nanaya,1,Felicia Forma De GATO,F-Roa,2,1642945677
paddu,C-Nanaya,0,Felicia Forma De GATO,F-Roa,2,1642945776
paddu,F-Roa,2,Felicia Forma De GATO,F-Roa,0,1642945885
paddu,F-Roa,0,Felicia Forma De GATO,F-Roa,2,1642946007
paddu,F-Roa,1,Felicia Forma De GATO,F-Roa,2,1642946171
paddu,F-Roa,2,Felicia Forma De GATO,F-Roa,0,1642946310
paddu,F-Roa,1,Felicia Forma De GATO,F-Roa,2,1642946522
paddu,F-Roa,1,Felicia Forma De GATO,F-Roa,2,1642946667
paddu,C-KohaMech,1,64,C-Wara,2,1642954057
paddu,C-KohaMech,2,64,C-Wara,0,1642954164
paddu,C-KohaMech,1,64,C-Wara,2,1642954359
paddu,C-KohaMech,0,64,C-Wara,2,1642954470
paddu,F-M.Hisui,1,64,C-Wara,2,1642954673
paddu,F-M.Hisui,2,64,C-Wara,1,1642954818
paddu,F-M.Hisui,2,64,C-Wara,1,1642954968
paddu,F-M.Hisui,2,64,C-Wara,1,1642955141
paddu,F-M.Hisui,2,64,C-Wara,0,1642955221
paddu,F-M.Hisui,1,64,C-Wara,2,1642955365
paddu,F-M.Hisui,2,64,C-Wara,1,1642955462
paddu,H-Ryougi,0,64,C-Wara,2,1642955649
paddu,F-V.Akiha,2,64,F-Ryougi,0,1642955784
paddu,F-V.Akiha,0,64,F-Ryougi,2,1642955909
paddu,C-Satsuki,2,64,F-Ryougi,0,1642956038
paddu,C-Satsuki,2,64,F-Ryougi,0,1642956146
paddu,C-NekoMech,2,64,C-Aoko,0,1642956304
paddu,C-NekoMech,2,64,C-Aoko,0,1642956438
paddu,C-NekoMech,2,64,C-Aoko,0,1642956549
paddu,C-NekoMech,2,64,C-Aoko,0,1642956664
paddu,C-NAC,1,64,C-Wara,2,1642956801
paddu,C-NAC,0,64,C-Wara,2,1642956903
paddu,C-NAC,0,64,C-Wara,2,1642957009
paddu,C-NAC,0,64,C-Wara,2,1642957116
paddu,H-Nero,2,64,C-Wara,0,1642957244
paddu,H-Nero,2,64,C-Wara,1,1642957486
paddu,F-Nero,2,64,C-Wara,1,1642957682
paddu,F-Nero,2,64,C-Wara,0,1642957833
paddu,F-Nero,2,64,C-Wara,0,1642957946
paddu,F-Nero,2,64,C-Wara,0,1642958044
paddu,C-Roa,2,64,C-S.Akiha,0,1642958180
paddu,C-Roa,2,64,C-S.Akiha,0,1642958330
paddu,C-Roa,2,64,C-S.Akiha,0,1642958425
paddu,C-Roa,2,64,C-S.Akiha,1,1642958600
paddu,C-S.Akiha,2,64,C-Roa,0,1642958730
paddu,C-S.Akiha,2,64,C-Roa,0,1642958863
paddu,H-KohaMech,2,McN,C-Nanaya,1,1643157603
paddu,H-KohaMech,1,McN,C-Nanaya,2,1643157748
paddu,H-KohaMech,0,McN,C-Nanaya,2,1643157874
paddu,H-KohaMech,2,McN,C-Nanaya,0,1643157985
paddu,H-KohaMech,2,McN,C-Nanaya,0,1643158061
paddu,H-KohaMech,2,McN,C-Nanaya,1,1643158190
paddu,H-KohaMech,2,McN,C-Nanaya,0,1643158277
paddu,H-KohaMech,2,McN,C-Nanaya,1,1643158409
paddu,H-KohaMech,2,McN,C-Nanaya,0,1643158520
paddu,C-Sion,1,McN,C-Nanaya,2,1643158685
paddu,C-Sion,2,McN,C-Nanaya,0,1643158812
paddu,C-Sion,2,McN,C-Nanaya,0,1643158904
paddu,C-Sion,2,McN,C-Nanaya,1,1643159064
paddu,C-Sion,0,McN,C-Nanaya,2,1643159163
paddu,C-Sion,2,McN,C-Nanaya,0,1643159256
paddu,C-Sion,1,McN,C-Nanaya,2,1643159392
paddu,C-Satsuki,2,McN,C-Nanaya,1,1643159594
paddu,C-Satsuki,2,McN,C-Nanaya,0,1643159678
paddu,C-Satsuki,2,McN,C-Nanaya,0,1643159811
paddu,C-Satsuki,2,McN,C-Nanaya,0,1643159928
paddu,C-Satsuki,2,McN,C-Nanaya,0,1643160034
paddu,C-Satsuki,2,McN,C-Nanaya,0,1643160180
paddu,C-Satsuki,2,McN,C-Nanaya,1,1643160311
paddu,C-Satsuki,2,McN,C-Nanaya,0,1643160418
paddu,C-Satsuki,2,McN,C-Nanaya,1,1643160601
paddu,C-Nero,2,Magemo,H-Hime,0,1643247690
paddu,C-Nero,2,Magemo,H-Hime,1,1643247871
paddu,C-Nero,2,Magemo,H-Hime,1,1643248039
paddu,C-Nero,2,Magemo,H-Hime,0,1643248132
paddu,C-Nero,2,Magemo,H-Hime,1,1643248315
paddu,C-Nero,2,Magemo,H-Hime,0,1643248409
paddu,C-Nero,2,Magemo,H-Hime,0,1643248572
paddu,C-Nero,2,Magemo,H-Hime,0,1643248694
paddu,C-Nero,2,Magemo,H-Hime,0,1643248773
paddu,C-Nero,2,Magemo,H-Hime,0,1643248857
paddu,C-Nero,2,Magemo,H-Hime,0,1643248977
paddu,C-Nero,0,Magemo,H-Hime,2,1643249115
paddu,C-Nero,2,Magemo,H-Hime,1,1643249325
paddu,C-Nero,2,Magemo,H-Hime,1,1643249479
paddu,F-Wara,2,Hatsune Miku fan,C-Akiha,0,1643250101
paddu,F-Wara,2,Hatsune Miku fan,C-Akiha,0,1643250277
paddu,F-Wara,2,Hatsune Miku fan,C-Akiha,0,1643250415
paddu,F-Wara,1,Hatsune Miku fan,C-Akiha,2,1643250590
paddu,C-Nanaya,2,Hatsune Miku fan,C-Akiha,1,1643250795
paddu,C-Nanaya,2,Hatsune Miku fan,C-Akiha,1,1643250967
paddu,C-Satsuki,0,Moltyagemo,H-Hime,2,1644332343
paddu,C-Satsuki,0,Moltyagemo,H-Hime,2,1644332468
paddu,C-Satsuki,1,Moltyagemo,H-Hime,2,1644332715
paddu,C-Satsuki,0,Moltyagemo,H-Hime,2,1644332858
paddu,C-Satsuki,1,Moltyagemo,H-Hime,2,1644333066
paddu,C-Satsuki,0,Moltyagemo,H-Hime,2,1644333179
paddu,C-Satsuki,1,Moltyagemo,H-Hime,2,1644333412
paddu,C-Satsuki,1,Moltyagemo,H-Hime,2,1644333628
paddu,H-Nero,0,Moltyagemo,H-Hime,2,1644333764
paddu,H-Nero,1,Moltyagemo,H-Hime,2,1644333926
paddu,C-Satsuki,2,Simperheve,F-Hime,1,1644356544
paddu,C-Satsuki,2,Simperheve,F-Hime,0,1644356652
paddu,C-Satsuki,2,Simperheve,F-Hime,1,1644356843
paddu,C-Satsuki,2,Simperheve,F-Hime,0,1644356942
paddu,C-Satsuki,2,Simperheve,F-Hime,1,1644357089
paddu,C-Satsuki,2,Simperheve,F-Hime,0,1644357193
paddu,C-Satsuki,2,Simperheve,F-Hime,0,1644357308
paddu,C-Satsuki,2,Simperheve,F-Hime,0,1644357424
paddu,C-Satsuki,2,Simperheve,F-Hime,1,1644357589
paddu,C-Satsuki,2,Simperheve,F-Hime,1,1644357727
paddu,C-Wara,2,Simperheve,F-Hime,1,1644357879
paddu,C-Wara,2,Simperheve,F-Hime,0,1644357982
paddu,C-Wara,2,Simperheve,F-Hime,1,1644358129
paddu,C-Wara,2,Simperheve,F-Hime,1,1644358276
paddu,C-Aoko,2,gwyn,F-Akiha,0,1644595824
paddu,C-Aoko,0,gwyn,F-Akiha,2,1644595980
paddu,C-Aoko,2,gwyn,F-Akiha,0,1644596091
paddu,C-Aoko,2,gwyn,F-Akiha,0,1644596202
paddu,C-Aoko,2,gwyn,F-Akiha,0,1644596353
paddu,C-Aoko,2,gwyn,F-Akiha,0,1644596480
paddu,C-Aoko,2,gwyn,F-Akiha,0,1644596619
paddu,C-Nero,1,gwyn,C-Aoko,2,1644597062
paddu,C-Nero,2,gwyn,C-Aoko,0,1644597145
paddu,C-Nero,2,gwyn,C-Aoko,0,1644597260
paddu,C-Nero,2,gwyn,C-Aoko,0,1644597378
paddu,C-Nero,2,gwyn,C-Aoko,1,1644597565
paddu,C-Nero,2,gwyn,C-Aoko,0,1644597679
paddu,C-Nero,2,gwyn,C-Aoko,0,1644597766
paddu,C-Nero,2,gwyn,F-V.Akiha,0,1644597889
paddu,C-Nero,2,gwyn,F-V.Akiha,0,1644597978
paddu,C-Nero,2,gwyn,F-V.Akiha,0,1644598081
paddu,C-Nero,2,gwyn,F-V.Akiha,1,1644598226
paddu,C-Nero,2,gwyn,F-V.Akiha,1,1644598367
paddu,C-W.Len,0,64,C-Wara,2,1644772638
paddu,C-W.Len,2,64,C-Wara,1,1644772809
paddu,C-W.Len,2,64,C-Wara,0,1644772960
paddu,C-W.Len,2,64,C-Wara,0,1644773099
paddu,C-W.Len,1,64,C-Wara,2,1644773293
paddu,C-W.Len,0,64,C-Wara,2,1644773434
paddu,C-W.Len,2,64,C-Wara,1,1644773572
paddu,C-W.Len,1,64,C-Wara,2,1644773769
paddu,C-W.Len,1,64,C-Wara,2,1644774001
paddu,C-W.Len,2,64,C-Wara,1,1644774198
paddu,C-W.Len,0,64,C-Wara,2,1644774323
paddu,C-Satsuki,1,64,C-Wara,2,1644774529
paddu,C-Satsuki,2,64,C-Wara,1,1644774683
paddu,C-Satsuki,2,64,C-Wara,1,1644774868
paddu,C-Satsuki,2,64,C-Wara,1,1644775010
paddu,C-Satsuki,0,64,C-Wara,2,1644775136
paddu,C-Satsuki,2,64,C-Wara,1,1644775284
paddu,C-Aoko,2,64,C-Wara,0,1644775437
paddu,C-Aoko,2,64,C-Wara,0,1644775554
paddu,C-Aoko,2,64,C-Wara,0,1644775642
paddu,C-Aoko,0,64,C-Wara,2,1644775751
paddu,C-Aoko,2,64,C-Wara,1,1644775920
paddu,C-Aoko,1,64,C-Wara,2,1644776084
paddu,C-Aoko,1,64,C-Wara,2,1644776260
paddu,C-Aoko,2,64,C-Wara,1,1644776405
paddu,C-Aoko,2,64,C-Wara,1,1644776532
paddu,C-Aoko,2,64,C-Wara,1,1644776667
paddu,C-Aoko,2,64,C-Wara,1,1644776789
paddu,C-Aoko,2,64,C-Wara,0,1644776934
paddu,C-Warc,1,64,C-Wara,2,1644777138
paddu,C-Warc,2,64,C-Wara,0,1644777232
paddu,C-Warc,1,64,C-Wara,2,1644777388
paddu,C-Warc,2,64,C-Wara,0,1644777494
paddu,C-Warc,2,64,C-Wara,0,1644777642
paddu,C-Warc,0,64,C-Wara,2,1644777737
paddu,C-Nero,2,axel,F-V.Sion,0,1644789619
paddu,C-Nero,2,axel,F-V.Sion,1,1644789793
paddu,C-Nero,2,axel,F-V.Sion,0,1644789909
paddu,C-Nero,2,axel,F-V.Sion,0,1644790011
paddu,C-Nero,2,axel,F-V.Sion,0,1644790092
paddu,C-Nero,2,axel,F-V.Sion,0,1644790213
paddu,C-Nero,2,axel,F-V.Sion,0,1644790286
paddu,C-Nero,2,axel,F-V.Sion,1,1644790476
paddu,C-Nero,2,axel,F-V.Sion,0,1644790589
paddu,C-Nero,2,axel,F-V.Sion,0,1644790678
paddu,C-Nero,2,axel,F-V.Sion,0,1644790752
paddu,C-Nero,2,axel,F-V.Sion,0,1644790860
paddu,C-Nero,2,axel,F-V.Sion,0,1644790955
paddu,C-Nero,2,axel,F-V.Sion,0,1644791061
paddu,C-Nero,2,axel,F-V.Sion,0,1644791176
paddu,C-Nero,2,axel,F-V.Sion,0,1644791304
paddu,C-Nero,2,axel,F-V.Sion,0,1644791413
paddu,C-Nero,2,axel,F-V.Sion,0,1644791528
paddu,C-Nero,2,axel,F-V.Sion,0,1644791658
paddu,C-NekoMech,2,axel,F-V.Sion,0,1644791781
paddu,C-NekoMech,2,axel,F-V.Sion,0,1644791872
paddu,C-NekoMech,2,axel,F-V.Sion,0,1644792011
paddu,C-NekoMech,2,axel,F-V.Sion,1,1644792174
paddu,C-NekoMech,2,axel,F-V.Sion,1,1644792357
paddu,C-NekoMech,1,axel,F-V.Sion,2,1644792501
paddu,C-NekoMech,2,axel,F-V.Sion,1,1644792645
paddu,C-NekoMech,1,axel,F-V.Sion,2,1644792837
paddu,C-NekoMech,2,axel,F-V.Sion,0,1644792958
paddu,C-NekoMech,2,axel,F-V.Sion,0,1644793058
paddu,C-Aoko,2,axel,F-Tohno,0,1644793169
paddu,C-Aoko,2,axel,F-Tohno,0,1644793262
paddu,C-Aoko,2,axel,F-Tohno,0,1644793353
paddu,C-Aoko,2,Goose,C-W.Len,0,1644866065
paddu,C-Aoko,2,Goose,C-W.Len,0,1644866212
paddu,C-Aoko,2,Goose,C-W.Len,0,1644866341
paddu,C-Aoko,2,Goose,C-W.Len,0,1644866428
paddu,C-Aoko,2,Goose,C-W.Len,0,1644866569
paddu,C-Aoko,2,Goose,C-W.Len,0,1644866697
paddu,C-Aoko,2,Goose,C-W.Len,0,1644866857
paddu,C-Aoko,2,Goose,C-W.Len,0,1644867016
paddu,C-Aoko,2,Goose,C-W.Len,1,1644867232
paddu,C-Aoko,2,Goose,C-W.Len,0,1644867386
paddu,C-Wara,2,Goose,C-W.Len,0,1644867509
paddu,C-Wara,2,Goose,C-W.Len,1,1644867645
paddu,C-Wara,2,Goose,C-W.Len,1,1644867822
paddu,C-Wara,2,Goose,C-W.Len,0,1644867937
paddu,C-Wara,2,Goose,C-W.Len,1,1644868146
paddu,C-Wara,2,Goose,C-W.Len,0,1644868290
paddu,C-Wara,2,Goose,C-W.Len,0,1644868427
paddu,C-Wara,2,Goose,C-W.Len,1,1644868650
paddu,C-Wara,2,Goose,C-W.Len,0,1644868795
paddu,C-Wara,2,Goose,C-W.Len,0,1644868900
paddu,C-Wara,2,Goose,C-W.Len,0,1644869014
paddu,C-Nanaya,2,64,C-Wara,0,1646253127
paddu,C-Nanaya,2,64,C-Wara,0,1646253237
paddu,C-Nanaya,2,64,C-Wara,1,1646253389
paddu,C-Nanaya,1,64,C-Wara,2,1646253561
paddu,C-Nanaya,2,64,C-Wara,0,1646253675
paddu,C-Nanaya,0,64,C-Wara,2,1646253781
paddu,C-Tohno,2,64,C-Wara,1,1646253958
paddu,C-Tohno,1,64,C-Wara,2,1646254112
paddu,C-Tohno,1,64,C-Wara,2,1646254245
paddu,F-Tohno,2,64,C-Wara,1,1646254393
paddu,F-Miyako,2,64,F-W.Len,0,1651793911
paddu,F-Miyako,2,64,F-W.Len,0,1651794065
paddu,F-Miyako,2,64,F-W.Len,0,1651794191
paddu,C-Nero,2,64,C-Wara,1,1651794360
paddu,C-Nero,2,64,C-Wara,0,1651794461
paddu,C-Nero,2,64,C-Wara,0,1651794610
paddu,C-Nero,2,64,C-Wara,0,1651794706
paddu,C-Nero,2,64,C-Wara,0,1651794816
paddu,C-Nero,2,64,C-Wara,0,1651794934
paddu,C-Nero,2,64,C-Wara,0,1651795030
paddu,C-Nero,2,64,C-Wara,0,1651795100
paddu,C-Nero,2,64,C-Wara,1,1651795262
paddu,C-Nero,2,64,C-Wara,1,1651795437
paddu,C-Nero,2,Deviance,F-Akiha,1,1653175199
paddu,C-M.Hisui,0,Deviance,F-Akiha,2,1653175343
paddu,C-W.Len,0,Deviance,F-Akiha,2,1653175473
paddu,C-Warc,1,Deviance,C-Arc,2,1653175691
paddu,F-V.Akiha,0,Deviance,F-Akiha,2,1653175925
paddu,C-Arc,0,Deviance,F-Akiha,2,1653176080
paddu,C-Nanaya,2,Deviance,C-Roa,1,1653176229
paddu,C-NekoMech,0,Deviance,C-Arc,2,1653176341
paddu,H-M.Hisui,2,isloudas,H-Roa,0,1653854241
paddu,H-M.Hisui,0,isloudas,H-Roa,2,1653854387
paddu,H-M.Hisui,2,isloudas,H-Roa,1,1653854535
paddu,F-P.Ciel,2,isloudas,H-Roa,1,1653854752
paddu,F-P.Ciel,0,isloudas,H-Roa,2,1653854875
paddu,F-P.Ciel,0,isloudas,H-Roa,2,1653855023
paddu,F-P.Ciel,0,isloudas,H-Roa,2,1653855151
paddu,F-P.Ciel,2,isloudas,H-Roa,1,1653855309
paddu,C-Sion,2,isloudas,C-Wara,1,1653855459
paddu,C-Sion,1,isloudas,C-Wara,2,1653855635
paddu,C-Sion,2,isloudas,C-Wara,1,1653855780
paddu,C-Sion,0,isloudas,C-Wara,2,1653855865
paddu,C-Sion,2,isloudas,C-Wara,1,1653856041
paddu,H-V.Sion,2,isloudas,C-Wara,1,1653856179
paddu,H-V.Sion,2,isloudas,C-Wara,1,1653856338
paddu,H-V.Sion,1,isloudas,C-Wara,2,1653856497
paddu,H-V.Sion,2,isloudas,C-Wara,0,1653856629
paddu,C-Aoko,2,isloudas,F-Aoko,0,1653856866
paddu,C-Arc,2,isloudas,H-Roa,0,1653857002
paddu,C-Arc,2,isloudas,H-Roa,0,1653857138
paddu,C-Arc,2,isloudas,H-Roa,1,1653857308
paddu,C-Arc,2,isloudas,H-Roa,1,1653857460
paddu,C-Nanaya,2,isloudas,H-Roa,0,1653857582
paddu,C-Nanaya,2,isloudas,H-Roa,0,1653857693
paddu,F-Nanaya,2,isloudas,C-Wara,1,1653857885
paddu,H-V.Sion,1,64,F-W.Len,2,1654011396
paddu,H-V.Sion,2,64,F-W.Len,0,1654011493
paddu,H-V.Sion,2,64,F-W.Len,0,1654011655
paddu,H-V.Sion,2,64,F-W.Len,0,1654011800
paddu,H-V.Sion,2,64,F-W.Len,1,1654012000
paddu,H-V.Sion,2,64,F-W.Len,0,1654012161
paddu,C-Kohaku,2,64,F-W.Len,1,1654012396
paddu,C-Kohaku,2,64,F-W.Len,0,1654012523
paddu,C-Kohaku,1,64,F-W.Len,2,1654012707
paddu,C-Satsuki,2,64,F-Ryougi,1,1654012911
paddu,C-Satsuki,1,64,F-Ryougi,2,1654013070
paddu,C-Nero,2,64,F-Ryougi,0,1654013200
paddu,C-Nero,2,64,F-Ryougi,0,1654013308
paddu,C-Nero,2,64,F-Ryougi,1,1654013463
paddu,C-Nero,2,64,F-Ryougi,0,1654013566
paddu,F-P.Ciel,0,64,C-Wara,2,1654013736
paddu,F-P.Ciel,0,64,C-Wara,2,1654013858
paddu,F-P.Ciel,2,64,C-Wara,0,1654013982
paddu,F-P.Ciel,2,64,C-Wara,0,1654014082
paddu,F-P.Ciel,2,64,C-Wara,1,1654014241
paddu,F-P.Ciel,1,64,C-Wara,2,1654014421
paddu,F-P.Ciel,2,64,C-Wara,0,1654014513
paddu,F-P.Ciel,2,64,C-Wara,0,1654014630
paddu,F-P.Ciel,2,64,F-Hime,0,1654014746
paddu,F-P.Ciel,2,64,F-Hime,0,1654014849
paddu,F-P.Ciel,0,64,F-Hime,2,1654014940
paddu,C-Ciel,1,64,F-Hime,2,1654015105
paddu,C-P.Ciel,2,isloudas,F-Ciel,1,1654213276
paddu,C-P.Ciel,2,isloudas,F-Ciel,1,1654213438
paddu,C-P.Ciel,2,isloudas,F-Ciel,1,1654213633
paddu,C-P.Ciel,2,isloudas,F-Ciel,1,1654213806
paddu,C-P.Ciel,2,isloudas,F-Ciel,0,1654213901
paddu,C-P.Ciel,2,isloudas,F-Ciel,1,1654214105
paddu,C-P.Ciel,2,isloudas,F-Ciel,1,1654214301
paddu,C-P.Ciel,0,isloudas,F-Ciel,2,1654214396
paddu,C-P.Ciel,2,isloudas,F-Ciel,0,1654214493
paddu,C-P.Ciel,2,isloudas,F-Ciel,1,1654214644
paddu,C-P.Ciel,0,isloudas,F-Ciel,2,1654214785
paddu,C-P.Ciel,2,isloudas,F-Ciel,1,1654214935
paddu,C-Nero,2,64,F-Ryougi,0,1654361149
paddu,C-Nero,2,64,F-Ryougi,0,1654361254
paddu,C-Nero,2,64,F-Ryougi,1,1654361401
paddu,C-Nero,2,64,F-Ryougi,0,1654361503
paddu,C-Nero,2,64,F-Ryougi,0,1654361605
paddu,C-Nero,2,64,F-Ryougi,0,1654361735
paddu,C-Nero,2,64,F-Ryougi,0,1654361854
paddu,C-Nero,2,64,F-Ryougi,0,1654361927
paddu,C-Nero,2,64,F-Ryougi,0,1654362055
paddu,C-Nero,2,64,F-Ryougi,0,1654362166
paddu,C-Sion,2,64,F-Ryougi,0,1654362293
paddu,C-Sion,2,64,F-Ryougi,1,1654362430
paddu,C-Sion,1,64,F-Ryougi,2,1654362595
paddu,C-Sion,2,64,F-Ryougi,1,1654362740
paddu,F-Arc,1,64,F-V.Akiha,2,1654362903
paddu,F-Arc,0,64,F-V.Akiha,2,1654362998
paddu,F-Arc,1,64,F-V.Akiha,2,1654363145
paddu,F-Arc,2,64,F-V.Akiha,0,1654363257
paddu,F-Arc,2,64,F-V.Akiha,1,1654363379
paddu,F-Arc,2,64,F-V.Akiha,0,1654363454
paddu,F-Arc,2,64,F-V.Akiha,1,1654363587
paddu,C-Warc,2,64,F-Wara,0,1654363720
paddu,C-Warc,2,64,F-Wara,1,1654363914
paddu,C-Warc,0,64,F-Wara,2,1654364036
paddu,F-Warc,0,64,C-Wara,2,1654364183
paddu,C-Roa,1,64,F-W.Len,2,1654364423
paddu,C-Roa,2,64,F-W.Len,0,1654364509
paddu,C-Roa,2,64,F-W.Len,0,1654364629
paddu,F-Ries,1,64,C-Roa,2,1654364817
paddu,F-Ries,1,64,C-Roa,2,1654364955
paddu,F-Ries,2,64,C-Roa,0,1654365049
paddu,F-Ries,2,64,C-Roa,0,1654365136
paddu,F-Ries,2,64,C-Roa,0,1654365230
paddu,F-Ries,2,64,C-Roa,0,1654365342
paddu,F-Ries,1,64,F-Hime,2,1654365495
paddu,F-Ries,2,64,F-Hime,0,1654365598
paddu,F-Ries,2,64,F-Hime,0,1654365691
paddu,F-Ries,2,64,F-Hime,0,1654365764
paddu,F-Ries,2,64,F-Hime,1,1654365927
paddu,F-Ries,1,64,F-Hime,2,1654366063
paddu,F-Ries,2,64,F-Hime,1,1654366190
paddu,F-Sion,0,64,F-Ryougi,2,1654630214
paddu,F-Sion,2,64,F-Ryougi,1,1654630417
paddu,F-Sion,2,64,F-Ryougi,0,1654630500
paddu,F-Sion,0,64,F-Ryougi,2,1654630607
paddu,F-Sion,0,64,F-Ryougi,2,1654630760
paddu,F-Sion,1,64,F-Ryougi,2,1654630918
paddu,F-Sion,0,64,F-Ryougi,2,1654631036
paddu,C-Nero,2,64,F-Ryougi,1,1654631190
paddu,C-Nero,2,64,F-Ryougi,0,1654631296
paddu,C-Nero,2,64,F-Ryougi,0,1654631423
paddu,C-Nero,2,64,F-Ryougi,1,1654631577
paddu,C-Nero,2,64,F-Ryougi,0,1654631694
paddu,F-Aoko,0,Draig,F-Aoko,2,1658797240
paddu,F-Aoko,0,Draig,F-Aoko,2,1658797339
paddu,F-Aoko,1,Draig,F-Aoko,2,1658797521
paddu,F-Aoko,1,Draig,F-Aoko,2,1658797671
paddu,F-Aoko,1,Draig,F-Aoko,2,1658797796
paddu,C-Nanaya,0,Draig,F-Aoko,2,1658797924
paddu,C-Nanaya,1,Draig,F-Aoko,2,1658798097
paddu,C-Nanaya,0,Draig,F-Aoko,2,1658798180
paddu,C-Nanaya,2,Draig,F-Aoko,1,1658798343
paddu,C-Nanaya,1,Draig,F-Aoko,2,1658798547
paddu,C-Nanaya,2,Draig,F-Aoko,1,1658798756
paddu,C-Nanaya,0,Draig,F-Aoko,2,1658798848
paddu,H-Satsuki,2,64,F-W.Len,1,1659365008
paddu,H-Satsuki,0,64,F-W.Len,2,1659365112
paddu,H-Satsuki,2,64,F-W.Len,0,1659365223
paddu,H-Satsuki,2,64,F-W.Len,1,1659365416
paddu,H-Satsuki,2,64,F-W.Len,0,1659365597
paddu,H-Satsuki,2,64,F-W.Len,0,1659378399
paddu,F-Neko,1,64,F-Hime,2,1659378623
paddu,F-Neko,0,64,F-Hime,2,1659378720
paddu,F-Neko,0,64,F-Hime,2,1659378831
paddu,C-NAC,0,64,C-Roa,2,1659378935
paddu,C-NAC,0,64,C-Roa,2,1659379018
paddu,C-NAC,0,64,C-Roa,2,1659379126
paddu,F-P.Ciel,0,64,C-Wara,2,1659379321
paddu,F-Kouma,1,64,C-Satsuki,2,1659471618
paddu,F-Kouma,1,64,C-Satsuki,2,1659471813
paddu,C-Aoko,2,64,C-Tohno,0,1659471976
paddu,C-Aoko,1,64,C-Tohno,2,1659472166
paddu,F-Wara,0,64,C-Wara,2,1660578009
paddu,C-S.Akiha,0,64,F-Wara,2,1660578174
paddu,C-S.Akiha,0,64,F-Wara,2,1660578265
paddu,H-Satsuki,2,64,F-Wara,0,1660578438
paddu,H-Satsuki,2,64,F-Wara,0,1660578546
paddu,H-Satsuki,2,64,F-Wara,1,1660578720
paddu,H-Satsuki,1,64,F-Wara,2,1660578973
paddu,C-W.Len,0,64,F-Wara,2,1660579136
paddu,F-V.Akiha,2,64,F-V.Akiha,1,1660579343
paddu,F-V.Akiha,0,64,F-V.Akiha,2,1660579400
paddu,C-Roa,1,64,F-V.Akiha,2,1660579587
paddu,C-Roa,1,64,F-V.Akiha,2,1660579754
paddu,C-Nero,2,64,F-V.Akiha,0,1660579875
paddu,C-Nero,2,64,F-V.Akiha,1,1660580016
paddu,F-Hime,2,64,C-Wara,1,1660580197
paddu,C-Ciel,1,64,F-W.Len,2,1660580425
paddu,C-Ciel,1,64,F-W.Len,2,1660580709
paddu,C-Ciel,2,64,F-W.Len,1,1660580907
paddu,H-Len,0,isloudas,H-Arc,2,1661286230
paddu,H-Len,2,isloudas,H-Arc,0,1661286326
paddu,H-Len,2,isloudas,H-Arc,1,1661286520
paddu,H-Len,2,isloudas,H-Arc,1,1661286716
paddu,H-Len,2,isloudas,H-Arc,0,1661286830
paddu,H-Len,2,isloudas,H-Arc,0,1661286958
paddu,H-Len,2,isloudas,H-Arc,0,1661287103
paddu,H-Len,2,isloudas,H-Arc,0,1661287226
paddu,H-Len,2,isloudas,H-Arc,0,1661287312
paddu,H-Len,2,isloudas,H-Arc,0,1661287377
paddu,H-Len,2,isloudas,H-Arc,0,1661287480
paddu,H-Len,2,isloudas,H-Arc,1,1661287705
paddu,H-Len,2,isloudas,H-Arc,0,1661287852
paddu,H-Len,2,isloudas,H-Arc,0,1661287960
paddu,H-Len,2,isloudas,H-Arc,0,1661288099
paddu,H-Len,2,isloudas,H-Arc,0,1661288213
paddu,H-Len,2,isloudas,H-Arc,0,1661288328
paddu,H-Len,2,isloudas,H-Arc,0,1661288498
paddu,H-Len,2,isloudas,H-Arc,0,1661288651
paddu,H-Len,2,isloudas,H-Arc,0,1661288767
paddu,H-Len,2,isloudas,H-Arc,0,1661288933
paddu,H-Len,2,McN,C-Warc,0,1661440812
paddu,H-Len,2,McN,C-Warc,0,1661440945
paddu,H-Len,2,McN,C-Warc,1,1661441159
paddu,H-Len,2,McN,C-Warc,1,1661441291
paddu,H-Len,2,McN,C-Warc,0,1661441381
paddu,H-Len,2,McN,C-Warc,1,1661441549
paddu,H-Len,2,McN,C-Warc,0,1661441698
paddu,H-Len,2,McN,C-Warc,0,1661441848
paddu,H-Len,2,McN,C-Warc,0,1661441972
paddu,H-Len,2,McN,C-Warc,1,1661442187
paddu,H-Len,2,McN,C-Warc,0,1661442308
paddu,H-Len,2,McN,C-Warc,1,1661442485
paddu,H-Len,2,McN,C-Warc,1,1661442678
paddu,H-Len,2,McN,C-Warc,1,1661442832
paddu,F-Ries,2,McN,C-Warc,1,1661443498
paddu,F-Ries,0,McN,C-Warc,2,1661443631
paddu,F-Ries,2,McN,C-Warc,1,1661443793
paddu,F-Ries,2,McN,C-Warc,0,1661443903
paddu,F-Ries,2,McN,C-Warc,1,1661444068
paddu,F-Ries,2,McN,C-Warc,0,1661444165
paddu,C-Nero,1,Draig,H-Satsuki,2,1666719704
paddu,C-Nero,0,Draig,H-Satsuki,2,1666719811
paddu,C-Aoko,0,Draig,H-Satsuki,2,1666719924
paddu,C-NekoMech,0,Draig,H-Satsuki,2,1666720067
paddu,H-Nero,0,Draig,H-Satsuki,2,1666720197
paddu,C-Nero,2,Nique CCP,F-V.Akiha,0,1678136836
paddu,C-Nero,2,Nique CCP,F-V.Akiha,0,1678136932
paddu,C-Nero,2,Nique CCP,F-V.Akiha,0,1678137034
paddu,C-Nero,2,Nique CCP,F-V.Akiha,1,1678137181
paddu,C-Nero,2,Nique CCP,F-V.Akiha,0,1678137287
paddu,C-Nero,2,Nique CCP,F-V.Akiha,0,1678137366
paddu,C-Nero,2,Nique CCP,F-V.Akiha,0,1678137438
paddu,C-Nero,2,Nique CCP,F-V.Akiha,0,1678137498
paddu,C-Nero,2,Nique CCP,F-V.Akiha,1,1678137658
paddu,C-Nero,2,Nique CCP,F-V.Akiha,0,1678137782
paddu,C-Nero,2,Nique CCP,F-V.Akiha,0,1678137869
paddu,C-Nero,2,Nique CCP,F-V.Akiha,0,1678137975
paddu,C-Aoko,2,Nique CCP,F-V.Akiha,0,1678138108
paddu,C-Aoko,2,Nique CCP,F-V.Akiha,0,1678138242
paddu,C-Aoko,2,Nique CCP,F-V.Akiha,0,1678138345
paddu,C-Aoko,2,Nique CCP,F-V.Akiha,1,1678138463
paddu,C-Aoko,2,Nique CCP,F-V.Akiha,0,1678138591
paddu,C-Aoko,2,Nique CCP,F-V.Akiha,0,1678138698
paddu,C-Aoko,2,Nique CCP,F-V.Akiha,0,1678138802
paddu,C-Aoko,2,Nique CCP,F-V.Akiha,0,1678138922
paddu,C-M.Hisui,2,Nique CCP,F-V.Akiha,0,1678139072
paddu,C-M.Hisui,2,Nique CCP,F-V.Akiha,0,1678139174
paddu,C-M.Hisui,2,Nique CCP,F-V.Akiha,0,1678139301
paddu,C-M.Hisui,2,Nique CCP,F-V.Akiha,1,1678139460
paddu,C-M.Hisui,2,Nique CCP,F-V.Akiha,1,1678139596
paddu,C-M.Hisui,2,Nique CCP,F-V.Akiha,0,1678139702
paddu,C-M.Hisui,2,Nique CCP,F-V.Akiha,0,1678139824
paddu,C-M.Hisui,2,Nique CCP,F-V.Akiha,0,1678139943
paddu,C-M.Hisui,2,Nique CCP,F-V.Akiha,0,1678140037
paddu,C-M.Hisui,2,Nique CCP,F-V.Akiha,0,1678140113
paddu,C-M.Hisui,2,Nique CCP,F-V.Akiha,1,1678140260
paddu,C-M.Hisui,2,Nique CCP,F-V.Akiha,1,1678140438
paddu,C-Nanaya,2,Nique CCP,F-V.Akiha,1,1678140611
paddu,C-Nanaya,2,Nique CCP,F-V.Akiha,0,1678140719
paddu,C-Nanaya,2,Nique CCP,F-V.Akiha,0,1678140800
paddu,C-Nanaya,2,Nique CCP,F-V.Akiha,1,1678140979
paddu,C-Nanaya,2,Nique CCP,F-V.Akiha,0,1678141086
paddu,C-Nanaya,2,Nique CCP,F-V.Akiha,1,1678141194
paddu,C-Nanaya,2,Nique CCP,F-V.Akiha,0,1678141294
paddu,C-M.Hisui,2,Deviance,F-Akiha,1,1678653450
paddu,C-M.Hisui,0,Deviance,F-Akiha,2,1678653583
paddu,C-M.Hisui,1,Deviance,F-Akiha,2,1678653772
paddu,C-M.Hisui,2,Deviance,F-Akiha,1,1678653969
paddu,C-M.Hisui,2,Deviance,F-Akiha,0,1678654088
paddu,C-M.Hisui,2,Deviance,F-Akiha,0,1678654266
paddu,C-M.Hisui,2,Deviance,F-Akiha,1,1678654417
paddu,C-M.Hisui,2,Deviance,F-Akiha,0,1678654554
paddu,C-M.Hisui,2,64,C-Wara,0,1678654886
paddu,C-M.Hisui,2,64,C-Wara,1,1678655102
paddu,C-M.Hisui,0,64,C-Wara,2,1678655238
paddu,C-M.Hisui,1,64,C-Wara,2,1678655505
paddu,C-M.Hisui,2,64,C-Wara,0,1678655598
paddu,C-M.Hisui,2,64,C-Wara,0,1678655734
paddu,C-M.Hisui,2,64,C-Wara,0,1678655823
paddu,C-M.Hisui,2,64,C-Wara,1,1678655952
paddu,C-M.Hisui,2,64,C-Wara,1,1678656118
paddu,C-Wara,1,95.222.230.62,C-Wara,2,1680195220
paddu,C-Wara,0,95.222.230.62,C-Wara,2,1680195330
paddu,C-Wara,1,95.222.230.62,C-Wara,2,1680195533
paddu,F-Wara,2,95.222.230.62,C-Wara,1,1680195748
paddu,F-Wara,1,95.222.230.62,C-Wara,2,1680195900
paddu,C-Satsuki,1,95.222.230.62,C-Wara,2,1680196040
paddu,C-Satsuki,0,95.222.230.62,C-Wara,2,1680196170
paddu,C-M.Hisui,1,95.222.230.62,C-Wara,2,1680196335
paddu,C-M.Hisui,0,95.222.230.62,C-Wara,2,1680196483
paddu,C-Nero,2,95.222.230.62,C-Wara,0,1680196605
paddu,C-Nero,2,95.222.230.62,C-Wara,0,1680196699
paddu,C-Nero,2,95.222.230.62,C-Wara,0,1680196827
paddu,C-Nero,0,64,C-Wara,2,1684350078
paddu,C-Nero,2,64,C-Wara,0,1684350231
paddu,C-Nero,2,64,C-Wara,0,1684350389
paddu,C-Nero,2,64,C-Wara,1,1684350538
paddu,C-Nero,2,64,C-Wara,1,1684350721
paddu,C-Nero,0,64,C-Wara,2,1684350868
paddu,C-Nero,1,64,C-Wara,2,1684351056
paddu,C-Nero,2,64,C-Wara,0,1684351182
paddu,C-Nero,2,64,C-Wara,1,1684351364
paddu,C-Nero,2,64,C-Wara,1,1684351540
paddu,C-Nero,2,64,C-Wara,1,1684351711
paddu,C-Nero,2,64,C-Wara,0,1684351843
paddu,C-Nero,2,64,C-Wara,1,1684352058
paddu,C-Nero,2,64,C-Wara,1,1684352287
paddu,C-Nanaya,1,64,C-Wara,2,1684352479
paddu,C-Nanaya,0,64,C-Wara,2,1684352587
paddu,C-Nanaya,1,64,C-Wara,2,1684352748
paddu,C-Aoko,2,64,C-Wara,1,1684352944
paddu,C-Aoko,2,64,C-Wara,0,1684353091
paddu,C-Aoko,1,64,C-Wara,2,1684353264
paddu,C-Aoko,2,64,C-Wara,1,1684353489
paddu,C-Aoko,0,64,C-Wara,2,1684353576
paddu,C-Aoko,2,64,C-Wara,0,1684353699
paddu,C-Aoko,2,64,C-Wara,1,1684353875
paddu,C-Aoko,2,64,C-Wara,1,1684354041
paddu,C-Aoko,1,64,C-Wara,2,1684354187
paddu,C-Aoko,2,64,C-Wara,0,1684354364
paddu,C-Aoko,2,64,C-Wara,0,1684354493
paddu,C-Nanaya,2,64,C-Wara,1,1685464599
paddu,C-Nanaya,0,64,C-Wara,2,1685464703
paddu,C-Nanaya,2,64,C-Wara,1,1685464892
paddu,C-Nanaya,0,64,C-Wara,2,1685465034
paddu,C-Nanaya,0,64,C-Wara,2,1685465136
paddu,C-Roa,0,64,C-Wara,2,1685465259
paddu,C-Roa,0,64,C-Wara,2,1685465351
paddu,F-Aoko,2,64,C-Wara,1,1685465579
paddu,F-Aoko,0,64,C-Wara,2,1685465686
paddu,F-Aoko,2,64,C-Wara,0,1685465834
paddu,F-Aoko,0,64,C-Wara,2,1685465967
paddu,F-Aoko,0,64,C-Wara,2,1685466063
paddu,F-Aoko,1,64,C-Wara,2,1685466227
paddu,F-Aoko,0,64,C-Wara,2,1685466297
paddu,H-Len,0,64,C-Wara,2,1685466433
paddu,H-Len,0,64,C-Wara,2,1685466522
paddu,H-Len,0,64,C-Wara,2,1685466671
paddu,H-Len,2,64,C-Wara,0,1685466782
paddu,H-Len,2,64,C-Wara,1,1685466941
paddu,H-Len,1,64,C-Wara,2,1685467112
paddu,H-Len,0,64,C-Wara,2,1685467286
paddu,H-Len,1,64,C-Wara,2,1685467490
paddu,H-Len,2,64,C-Wara,0,1685467587
paddu,H-Len,0,64,C-Wara,2,1685467688
paddu,H-Len,1,64,C-Wara,2,1685467827
paddu,C-Nanaya,2,Afro,F-Nanaya,0,1729528615
paddu,C-Nanaya,2,Afro,F-Nanaya,0,1729528738
paddu,C-Nanaya,2,Afro,F-Nanaya,0,1729528897
paddu,C-Nanaya,1,Afro,F-Nanaya,2,1729529065
paddu,C-Nanaya,2,Afro,F-Nanaya,1,1729529210
paddu,C-Nanaya,1,Afro,F-Nanaya,2,1729529392
paddu,H-Nanaya,2,Afro,F-Tohno,0,1729529533
paddu,H-Nanaya,2,Afro,F-Tohno,0,1729529673
paddu,F-Roa,2,Afro,F-Tohno,0,1729529798
paddu,F-Roa,2,Afro,F-Tohno,0,1729529927
paddu,F-Roa,2,Afro,F-Tohno,0,1729530021
paddu,F-Roa,2,Afro,F-Tohno,0,1729530129
paddu,F-Roa,0,Afro,F-Tohno,2,1729530265
paddu,F-Roa,2,Afro,F-Tohno,1,1729530457
paddu,C-Aoko,2,Afro,C-Tohno,0,1729530611
paddu,C-Aoko,2,Afro,C-Tohno,0,1729530758
paddu,C-Aoko,2,Afro,C-Tohno,0,1729530872
paddu,C-Aoko,2,Afro,C-Tohno,0,1729531002
paddu,C-Aoko,2,Afro,C-Tohno,0,1729531114
paddu,C-NekoMech,2,Afro,C-S.Akiha,0,1729531273
paddu,C-NekoMech,2,Afro,C-S.Akiha,0,1729531424
paddu,C-NekoMech,2,Afro,C-S.Akiha,1,1729531571
paddu,C-M.Hisui,2,Afro,C-S.Akiha,0,1729531672
paddu,C-M.Hisui,2,Afro,C-S.Akiha,0,1729531805
paddu,C-M.Hisui,1,Afro,C-S.Akiha,2,1729531980
paddu,C-Nero,2,Afro,H-Satsuki,1,1729532176
paddu,C-Nero,2,Afro,H-Satsuki,0,1729532360
paddu,C-Nero,2,Afro,H-Satsuki,0,1729532460
paddu,C-Nero,2,Afro,H-Satsuki,1,1729532645
paddu,C-Nero,2,Afro,H-Satsuki,0,1729532771
paddu,C-Nero,2,Afro,H-Satsuki,1,1729532903
paddu,H-Nero,2,Afro,F-Nanaya,1,1729533118
paddu,H-Nero,2,Afro,F-Nanaya,0,1729533240
paddu,F-Hime,2,Afro,F-Nero,1,1729533460
paddu,F-Hime,2,Afro,F-Nero,0,1729533583
paddu,F-Hime,1,Afro,F-Nero,2,1729533757
paddu,F-Hime,2,Afro,F-Nero,1,1729533971
paddu,F-Hime,2,Afro,F-Nero,0,1729534083
paddu,F-Hime,2,Afro,F-Nero,1,1729534242
paddu,F-Aoko,0,Afro,F-Nero,2,1729534684
paddu,F-Aoko,1,Afro,F-Nero,2,1729534855
paddu,C-Wara,2,Afro,F-Tohno,0,1729535000
paddu,C-Wara,1,Afro,F-Tohno,2,1729535168
paddu,C-Wara,2,Afro,F-Tohno,0,1729535289
paddu,H-Wara,2,Afro,F-Tohno,1,1729535507
paddu,F-Wara,1,Afro,F-Tohno,2,1729535687
paddu,F-Wara,2,Afro,F-Tohno,0,1729535783
paddu,C-Nero,2,64,C-Wara,1,1729536120
paddu,C-Nero,2,64,C-Wara,1,1729536329
paddu,C-Nero,2,64,C-Wara,1,1729536492
paddu,C-Nero,2,64,C-Wara,1,1729536625
paddu,C-Nero,1,64,C-Wara,2,1729536794
paddu,C-Nero,1,64,C-Wara,2,1729536928
paddu,C-Nero,0,64,C-Wara,2,1729537043
paddu,C-Nero,2,64,C-Wara,0,1729537176
paddu,C-Nero,2,64,C-Wara,0,1729537269
paddu,C-Nero,2,64,C-Wara,1,1729537418
new player,C-Nanaya,1,64,C-Wara,2,1730133082
new player,C-Nanaya,0,64,C-Wara,2,1730133229
new player,C-Nanaya,0,64,C-Wara,2,1730133373
new player,C-Nanaya,0,64,C-Wara,2,1730133475
new player,F-Nanaya,0,64,C-Wara,2,1730133598
new player,F-Nanaya,1,64,C-Wara,2,1730133768
new player,F-Nanaya,0,64,C-Wara,2,1730133888
new player,C-M.Hisui,0,64,C-Wara,2,1730134043
new player,C-M.Hisui,0,64,C-Wara,2,1730134185
new player,C-M.Hisui,0,64,C-Wara,2,1730134287
new player,C-M.Hisui,2,64,C-Wara,1,1730134469
new player,C-M.Hisui,1,64,C-Wara,2,1730134646
new player,C-M.Hisui,0,64,C-Wara,2,1730134760
new player,F-M.Hisui,1,64,C-Wara,2,1730134922
new player,F-M.Hisui,1,64,C-Wara,2,1730135077
new player,F-M.Hisui,2,64,C-Wara,0,1730135164
new player,F-M.Hisui,2,64,C-Wara,1,1730135316
new player,F-M.Hisui,0,64,C-Wara,2,1730135429
new player,F-M.Hisui,1,64,C-Wara,2,1730135567
new player,F-Kohaku,0,64,C-Wara,2,1730135725
new player,C-NekoMech,0,64,C-Wara,2,1730135849
new player,C-NekoMech,1,64,C-Wara,2,1730135987
new player,C-NekoMech,0,64,C-Wara,2,1730136083
new player,C-NekoMech,1,64,C-Wara,2,1730136272
new player,C-Roa,2,64,C-Wara,1,1730136452
new player,C-Roa,1,64,C-Wara,2,1730136601
new player,C-Roa,2,64,C-Wara,1,1730136796
new player,C-Roa,1,64,C-Wara,2,1730136980
new player,C-Roa,1,64,C-Wara,2,1730137151
new player,F-Arc,2,64,C-Wara,1,1730137356
new player,F-Arc,2,64,C-Wara,1,1730137505
new player,F-Arc,1,64,C-Wara,2,1730137674
new player,F-Arc,2,64,C-Wara,1,1730137824
new player,F-Arc,2,64,C-Wara,1,1730137983
new player,F-Arc,1,64,C-Wara,2,1730138144
new player,F-Arc,0,64,C-Wara,2,1730138239
new player,F-Arc,2,64,C-Wara,0,1730138343
new player,C-Nero,2,64,C-Wara,0,1730138467
new player,C-Nero,2,64,C-Wara,0,1730138549
new player,C-Nero,2,64,C-Wara,1,1730138697
new player,C-Nero,2,64,C-Wara,0,1730138791
new player,C-Nero,1,64,C-Wara,2,1730138967
new player,C-Nero,0,64,C-Wara,2,1730139083
new player,C-Nero,2,64,C-Wara,0,1730139209
new player,C-Nero,1,64,C-Wara,2,1730139348
new player,F-Nero,1,64,C-Wara,2,1730139556
new player,F-Nero,1,64,C-Wara,2,1730139707
new player,F-Aoko,0,64,C-Wara,2,1730139852
new player,C-Satsuki,1,64,C-Wara,2,1730140067
new player,C-Satsuki,2,64,C-Wara,1,1730140268
new player,C-Satsuki,2,64,C-Wara,1,1730140454
new player,C-Satsuki,2,64,C-Wara,0,1730140557
new player,C-Satsuki,2,64,C-Wara,1,1730140705
new player,C-Satsuki,0,64,C-Wara,2,1730140844
new player,C-Satsuki,0,64,C-Wara,2,1730140992
new player,C-Satsuki,0,64,C-Wara,2,1730141092
new player,C-Satsuki,1,64,C-Wara,2,1730141265
new player,F-Arc,2,64,C-Wara,1,1730141473
new player,F-Arc,0,64,C-Wara,2,1730141588
new player,F-Arc,1,64,C-Wara,2,1730141729
new player,F-Arc,2,64,C-Wara,0,1730141788
new player,F-Arc,1,64,C-Wara,2,1730141977
new player,C-Tohno,2,86.167.62.1,F-Roa,1,1730305488
new player,C-Tohno,2,86.167.62.1,F-Roa,1,1730305654
new player,C-Tohno,2,86.167.62.1,F-Roa,0,1730305743
new player,C-Tohno,0,86.167.62.1,F-Roa,2,1730305823
new player,C-Tohno,2,86.167.62.1,F-Roa,0,1730305916
new player,C-Tohno,1,86.167.62.1,F-Roa,2,1730306072
new player,C-Tohno,0,86.167.62.1,F-Roa,2,1730306191
new player,C-Tohno,2,86.167.62.1,F-Roa,1,1730306320
new player,C-Tohno,2,86.167.62.1,F-Roa,1,1730306457
new player,C-Tohno,1,86.167.62.1,H-Roa,2,1730306636
new player,F-Arc,2,86.167.62.1,H-Roa,0,1730306737
new player,F-Arc,2,86.167.62.1,H-Roa,1,1730306902
new player,F-Arc,2,86.167.62.1,H-Roa,0,1730307007
new player,F-Arc,2,86.167.62.1,F-Roa,0,1730307131
new player,F-Arc,2,86.167.62.1,F-Roa,1,1730307269
new player,F-Arc,2,86.167.62.1,F-Roa,1,1730307398
new player,F-Arc,2,134.3.48.234,C-Wara,1,1730308244
new player,F-Arc,2,134.3.48.234,C-Wara,0,1730308376
new player,F-Arc,2,134.3.48.234,C-Wara,1,1730308527
new player,F-Arc,0,134.3.48.234,C-Wara,2,1730308676
new player,F-Arc,2,134.3.48.234,C-Wara,1,1730308878
new player,C-Warc,1,134.3.48.234,C-Wara,2,1730309047
new player,C-Warc,1,134.3.48.234,C-Wara,2,1730309213
